  0
SECTION
  2
HEADER
  9
$ACADVER
  1
AC1018
  9
$ACADMAINTVER
 70
     0
  9
$DWGCODEPAGE
  3
ANSI_1255
  9
$LASTSAVEDBY
  1
cloudconvert
  9
$INSBASE
 10
141997.0643191159
 20
-169324.3781053877
 30
0.0
  9
$EXTMIN
 10
2038.411601894206
 20
-169326.1537668321
 30
-43097.28430684599
  9
$EXTMAX
 10
608873.9049144303
 20
13361.84042745512
 30
2.9824058775791
  9
$LIMMIN
 10
0.0
 20
0.0
  9
$LIMMAX
 10
420.0
 20
297.0
  9
$ORTHOMODE
 70
     1
  9
$REGENMODE
 70
     1
  9
$FILLMODE
 70
     1
  9
$QTEXTMODE
 70
     0
  9
$MIRRTEXT
 70
     0
  9
$LTSCALE
 40
1.0
  9
$ATTMODE
 70
     1
  9
$TEXTSIZE
 40
2.5
  9
$TRACEWID
 40
1.0
  9
$TEXTSTYLE
  7
Standard
  9
$CLAYER
  8
0
  9
$CELTYPE
  6
ByLayer
  9
$CECOLOR
 62
   256
  9
$CELTSCALE
 40
1.0
  9
$DISPSILH
 70
     0
  9
$DIMSCALE
 40
1.0
  9
$DIMASZ
 40
30.0
  9
$DIMEXO
 40
20.0
  9
$DIMDLI
 40
0.38
  9
$DIMRND
 40
0.0
  9
$DIMDLE
 40
0.0
  9
$DIMEXE
 40
10.0
  9
$DIMTP
 40
0.0
  9
$DIMTM
 40
0.0
  9
$DIMTXT
 40
35.0
  9
$DIMCEN
 40
0.09
  9
$DIMTSZ
 40
0.0
  9
$DIMTOL
 70
     0
  9
$DIMLIM
 70
     0
  9
$DIMTIH
 70
     0
  9
$DIMTOH
 70
     1
  9
$DIMSE1
 70
     0
  9
$DIMSE2
 70
     0
  9
$DIMTAD
 70
     1
  9
$DIMZIN
 70
     8
  9
$DIMBLK
  1

  9
$DIMASO
 70
     1
  9
$DIMSHO
 70
     1
  9
$DIMPOST
  1

  9
$DIMAPOST
  1

  9
$DIMALT
 70
     0
  9
$DIMALTD
 70
     2
  9
$DIMALTF
 40
25.4
  9
$DIMLFAC
 40
1.0
  9
$DIMTOFL
 70
     1
  9
$DIMTVP
 40
0.0
  9
$DIMTIX
 70
     0
  9
$DIMSOXD
 70
     0
  9
$DIMSAH
 70
     0
  9
$DIMBLK1
  1

  9
$DIMBLK2
  1

  9
$DIMSTYLE
  2
PANELIM
  9
$DIMCLRD
 70
    55
  9
$DIMCLRE
 70
    55
  9
$DIMCLRT
 70
     1
  9
$DIMTFAC
 40
1.0
  9
$DIMGAP
 40
10.0
  9
$DIMJUST
 70
     0
  9
$DIMSD1
 70
     0
  9
$DIMSD2
 70
     0
  9
$DIMTOLJ
 70
     1
  9
$DIMTZIN
 70
     0
  9
$DIMALTZ
 70
     0
  9
$DIMALTTZ
 70
     0
  9
$DIMUPT
 70
     0
  9
$DIMDEC
 70
     3
  9
$DIMTDEC
 70
     3
  9
$DIMALTU
 70
     2
  9
$DIMALTTD
 70
     2
  9
$DIMTXSTY
  7
010018$0$DIM
  9
$DIMAUNIT
 70
     0
  9
$DIMADEC
 70
     0
  9
$DIMALTRND
 40
0.0
  9
$DIMAZIN
 70
     2
  9
$DIMDSEP
 70
    46
  9
$DIMATFIT
 70
     3
  9
$DIMFRAC
 70
     0
  9
$DIMLDRBLK
  1

  9
$DIMLUNIT
 70
     2
  9
$DIMLWD
 70
    -2
  9
$DIMLWE
 70
    -2
  9
$DIMTMOVE
 70
     0
  9
$LUNITS
 70
     2
  9
$LUPREC
 70
     4
  9
$SKETCHINC
 40
1.0
  9
$FILLETRAD
 40
0.0
  9
$AUNITS
 70
     0
  9
$AUPREC
 70
     0
  9
$MENU
  1
.
  9
$ELEVATION
 40
0.0
  9
$PELEVATION
 40
0.0
  9
$THICKNESS
 40
0.0
  9
$LIMCHECK
 70
     0
  9
$CHAMFERA
 40
0.0
  9
$CHAMFERB
 40
0.0
  9
$CHAMFERC
 40
0.0
  9
$CHAMFERD
 40
0.0
  9
$SKPOLY
 70
     0
  9
$TDCREATE
 40
2461132.321157407
  9
$TDUCREATE
 40
2461132.321157407
  9
$TDUPDATE
 40
2461302.583533206
  9
$TDUUPDATE
 40
2461302.583533206
  9
$TDINDWG
 40
8.2084606481
  9
$TDUSRTIMER
 40
8.2084606481
  9
$USRTIMER
 70
     1
  9
$ANGBASE
 50
0.0
  9
$ANGDIR
 70
     0
  9
$PDMODE
 70
     0
  9
$PDSIZE
 40
0.0
  9
$PLINEWID
 40
0.0
  9
$SPLFRAME
 70
     0
  9
$SPLINETYPE
 70
     6
  9
$SPLINESEGS
 70
     8
  9
$HANDSEED
  5
4A5
  9
$SURFTAB1
 70
     6
  9
$SURFTAB2
 70
     6
  9
$SURFTYPE
 70
     6
  9
$SURFU
 70
     6
  9
$SURFV
 70
     6
  9
$UCSBASE
  2

  9
$UCSNAME
  2

  9
$UCSORG
 10
0.0
 20
0.0
 30
0.0
  9
$UCSXDIR
 10
1.0
 20
0.0
 30
0.0
  9
$UCSYDIR
 10
0.0
 20
1.0
 30
0.0
  9
$UCSORTHOREF
  2

  9
$UCSORTHOVIEW
 70
     0
  9
$UCSORGTOP
 10
0.0
 20
0.0
 30
0.0
  9
$UCSORGBOTTOM
 10
0.0
 20
0.0
 30
0.0
  9
$UCSORGLEFT
 10
0.0
 20
0.0
 30
0.0
  9
$UCSORGRIGHT
 10
0.0
 20
0.0
 30
0.0
  9
$UCSORGFRONT
 10
0.0
 20
0.0
 30
0.0
  9
$UCSORGBACK
 10
0.0
 20
0.0
 30
0.0
  9
$PUCSBASE
  2

  9
$PUCSNAME
  2

  9
$PUCSORG
 10
0.0
 20
0.0
 30
0.0
  9
$PUCSXDIR
 10
1.0
 20
0.0
 30
0.0
  9
$PUCSYDIR
 10
0.0
 20
1.0
 30
0.0
  9
$PUCSORTHOREF
  2

  9
$PUCSORTHOVIEW
 70
     0
  9
$PUCSORGTOP
 10
0.0
 20
0.0
 30
0.0
  9
$PUCSORGBOTTOM
 10
0.0
 20
0.0
 30
0.0
  9
$PUCSORGLEFT
 10
0.0
 20
0.0
 30
0.0
  9
$PUCSORGRIGHT
 10
0.0
 20
0.0
 30
0.0
  9
$PUCSORGFRONT
 10
0.0
 20
0.0
 30
0.0
  9
$PUCSORGBACK
 10
0.0
 20
0.0
 30
0.0
  9
$USERI1
 70
     0
  9
$USERI2
 70
     0
  9
$USERI3
 70
     0
  9
$USERI4
 70
     0
  9
$USERI5
 70
     0
  9
$USERR1
 40
0.0
  9
$USERR2
 40
0.0
  9
$USERR3
 40
0.0
  9
$USERR4
 40
0.0
  9
$USERR5
 40
0.0
  9
$WORLDVIEW
 70
     1
  9
$SHADEDGE
 70
     3
  9
$SHADEDIF
 70
    70
  9
$TILEMODE
 70
     1
  9
$MAXACTVP
 70
    64
  9
$PINSBASE
 10
0.0
 20
0.0
 30
0.0
  9
$PLIMCHECK
 70
     0
  9
$PEXTMIN
 10
0.0
 20
0.0
 30
0.0
  9
$PEXTMAX
 10
0.0
 20
0.0
 30
0.0
  9
$PLIMMIN
 10
0.0
 20
0.0
  9
$PLIMMAX
 10
12.0
 20
9.0
  9
$UNITMODE
 70
     0
  9
$VISRETAIN
 70
     1
  9
$PLINEGEN
 70
     0
  9
$PSLTSCALE
 70
     0
  9
$TREEDEPTH
 70
  3020
  9
$CMLSTYLE
  2
Standard
  9
$CMLJUST
 70
     0
  9
$CMLSCALE
 40
20.0
  9
$PROXYGRAPHICS
 70
     1
  9
$MEASUREMENT
 70
     1
  9
$CELWEIGHT
370
    -1
  9
$ENDCAPS
280
     0
  9
$JOINSTYLE
280
     0
  9
$LWDISPLAY
290
     0
  9
$INSUNITS
 70
     0
  9
$HYPERLINKBASE
  1

  9
$STYLESHEET
  1

  9
$XEDIT
290
     1
  9
$CEPSNTYPE
380
     0
  9
$PSTYLEMODE
290
     1
  9
$FINGERPRINTGUID
  2
{FCECC003-6309-6A4C-92BE-FF4DC7FBE9D9}
  9
$VERSIONGUID
  2
{9204F84F-7C09-F741-B32B-B6ACE3BCFEDA}
  9
$EXTNAMES
290
     1
  9
$PSVPSCALE
 40
0.0
  9
$OLESTARTUP
290
     0
  9
$SORTENTS
280
   127
  9
$INDEXCTL
280
     0
  9
$HIDETEXT
280
     1
  9
$XCLIPFRAME
290
     0
  9
$HALOGAP
280
     0
  9
$OBSCOLOR
 70
   257
  9
$OBSLTYPE
280
     0
  9
$INTERSECTIONDISPLAY
280
     0
  9
$INTERSECTIONCOLOR
 70
   257
  9
$DIMASSOC
280
     2
  9
$PROJECTNAME
  1

  0
ENDSEC
  0
SECTION
  2
CLASSES
  0
CLASS
  1
ACDBDICTIONARYWDFLT
  2
AcDbDictionaryWithDefault
  3
ObjectDBX Classes
 90
        0
 91
        3
280
     0
281
     0
  0
CLASS
  1
ACDBPLACEHOLDER
  2
AcDbPlaceHolder
  3
ObjectDBX Classes
 90
        0
 91
        1
280
     0
281
     0
  0
CLASS
  1
LAYOUT
  2
AcDbLayout
  3
ObjectDBX Classes
 90
        0
 91
        1
280
     0
281
     0
  0
CLASS
  1
DICTIONARYVAR
  2
AcDbDictionaryVar
  3
ObjectDBX Classes
 90
        0
 91
        3
280
     0
281
     0
  0
CLASS
  1
TABLESTYLE
  2
AcDbTableStyle
  3
ObjectDBX Classes
 90
     4095
 91
        3
280
     0
281
     0
  0
CLASS
  1
MATERIAL
  2
AcDbMaterial
  3
ObjectDBX Classes
 90
     1153
 91
        3
280
     0
281
     0
  0
CLASS
  1
VISUALSTYLE
  2
AcDbVisualStyle
  3
ObjectDBX Classes
 90
     4095
 91
        3
280
     0
281
     0
  0
CLASS
  1
SCALE
  2
AcDbScale
  3
ObjectDBX Classes
 90
     1153
 91
        3
280
     0
281
     0
  0
CLASS
  1
MLEADERSTYLE
  2
AcDbMLeaderStyle
  3
ACDB_MLEADERSTYLE_CLASS
 90
     4095
 91
        3
280
     0
281
     0
  0
CLASS
  1
CELLSTYLEMAP
  2
AcDbCellStyleMap
  3
ObjectDBX Classes
 90
     1152
 91
        3
280
     0
281
     0
  0
CLASS
  1
EXACXREFPANELOBJECT
  2
ExAcXREFPanelObject
  3
EXAC_ESW
 90
     1025
 91
        1
280
     1
281
     0
  0
CLASS
  1
NPOCOLLECTION
  2
AcDbImpNonPersistentObjectsCollection
  3
ObjectDBX Classes
 90
     1153
 91
        1
280
     1
281
     0
  0
CLASS
  1
LAYER_INDEX
  2
AcDbLayerIndex
  3
ObjectDBX Classes
 90
        0
 91
        3
280
     0
281
     0
  0
CLASS
  1
SPATIAL_INDEX
  2
AcDbSpatialIndex
  3
AutoCAD 2000
 90
        0
 91
        3
280
     0
281
     0
  0
CLASS
  1
IDBUFFER
  2
AcDbIdBuffer
  3
ObjectDBX Classes
 90
        0
 91
        3
280
     0
281
     0
  0
CLASS
  1
ACDBSECTIONVIEWSTYLE
  2
AcDbSectionViewStyle
  3
ObjectDBX Classes
 90
     1025
 91
        3
280
     0
281
     0
  0
CLASS
  1
ACDBDETAILVIEWSTYLE
  2
AcDbDetailViewStyle
  3
ObjectDBX Classes
 90
     1025
 91
        3
280
     0
281
     0
  0
CLASS
  1
SORTENTSTABLE
  2
AcDbSortentsTable
  3
ObjectDBX Classes
 90
        0
 91
        3
280
     0
281
     0
  0
CLASS
  1
FIELD
  2
AcDbField
  3
ObjectDBX Classes
 90
     1152
 91
        3
280
     0
281
     0
  0
CLASS
  1
DIMASSOC
  2
AcDbDimAssoc
  3
"AcDbDimAssoc|Product Desc:     AcDim ARX App For Dimension|Company:          Autodesk, Inc.|WEB Address:      www.autodesk.com"
 90
        0
 91
        3
280
     0
281
     0
  0
CLASS
  1
FIELDLIST
  2
AcDbFieldList
  3
ObjectDBX Classes
 90
     1152
 91
        3
280
     0
281
     0
  0
CLASS
  1
ACDBASSOCPERSSUBENTMANAGER
  2
AcDbAssocPersSubentManager
  3
ObjectDBX Classes
 90
     1024
 91
        1
280
     1
281
     0
  0
CLASS
  1
DBCOLOR
  2
AcDbColor
  3
ObjectDBX Classes
 90
        0
 91
        3
280
     0
281
     0
  0
CLASS
  1
ACAD_EVALUATION_GRAPH
  2
AcDbEvalGraph
  3
ObjectDBX Classes
 90
     1153
 91
        3
280
     0
281
     0
  0
CLASS
  1
ACAECUSTOBJ
  2
AcAeEditorObj
  3
AcAeEditorObj
 90
     1024
 91
        1
280
     1
281
     0
  0
CLASS
  1
ACDB_DYNAMICBLOCKPURGEPREVENTER_VERSION
  2
AcDbDynamicBlockPurgePreventer
  3
ObjectDBX Classes
 90
     1153
 91
        3
280
     0
281
     0
  0
ENDSEC
  0
SECTION
  2
TABLES
  0
TABLE
  2
VPORT
  5
29
102
{ACAD_XDICTIONARY
360
45C
102
}
330
0
100
AcDbSymbolTable
 70
     1
  0
VPORT
  5
2A
330
29
100
AcDbSymbolTableRecord
100
AcDbViewportTableRecord
  2
*Active
 70
     0
 10
0.0
 20
0.0
 11
1.0
 21
1.0
 12
140282.6259544524
 22
-166977.1091691838
 13
0.0
 23
0.0
 14
10.0
 24
10.0
 15
10.0
 25
10.0
 16
0.0
 26
0.0
 36
1.0
 17
0.0
 27
0.0
 37
0.0
 40
4690.04751661286
 41
2.326607818411097
 42
50.0
 43
0.0
 44
0.0
 50
0.0
 51
0.0
 71
     0
 72
  1000
 73
     1
 74
     3
 75
     0
 76
     0
 77
     0
 78
     0
281
     0
 65
     1
110
0.0
120
0.0
130
0.0
111
1.0
121
0.0
131
0.0
112
0.0
122
1.0
132
0.0
 79
     0
146
0.0
1001
ACAD_NAV_VCDISPLAY
1070
     3
  0
ENDTAB
  0
TABLE
  2
LTYPE
  5
24
330
0
100
AcDbSymbolTable
 70
     3
  0
LTYPE
  5
25
330
24
100
AcDbSymbolTableRecord
100
AcDbLinetypeTableRecord
  2
ByBlock
 70
     0
  3

 72
    65
 73
     0
 40
0.0
  0
LTYPE
  5
26
330
24
100
AcDbSymbolTableRecord
100
AcDbLinetypeTableRecord
  2
ByLayer
 70
     0
  3

 72
    65
 73
     0
 40
0.0
  0
LTYPE
  5
14
330
24
100
AcDbSymbolTableRecord
100
AcDbLinetypeTableRecord
  2
Continuous
 70
     0
  3
Solid line
 72
    65
 73
     0
 40
0.0
  0
LTYPE
  5
133
330
24
100
AcDbSymbolTableRecord
100
AcDbLinetypeTableRecord
  2
DASHEDX2
 70
     0
  3
Dashed (2x) ____  ____  ____  ____  ____  ___
 72
    65
 73
     2
 40
38.09999999999997
 49
25.4
 74
     0
 49
-12.7
 74
     0
  0
LTYPE
  5
132
330
24
100
AcDbSymbolTableRecord
100
AcDbLinetypeTableRecord
  2
HIDDEN
 70
     0
  3
Hidden __ __ __ __ __ __ __ __ __ __ __ __ __ _
 72
    65
 73
     2
 40
9.524999999999999
 49
6.35
 74
     0
 49
-3.175
 74
     0
  0
ENDTAB
  0
TABLE
  2
LAYER
  5
1E
102
{ACAD_XDICTIONARY
360
1F
102
}
330
0
100
AcDbSymbolTable
 70
    12
  0
LAYER
  5
6
330
1E
100
AcDbSymbolTableRecord
100
AcDbLayerTableRecord
  2
0
 70
     0
 62
     7
  6
Continuous
370
    -3
390
8
  0
LAYER
  5
38C
330
1E
100
AcDbSymbolTableRecord
100
AcDbLayerTableRecord
  2
צבע
 70
     0
 62
     7
  6
Continuous
370
    -3
390
8
  0
LAYER
  5
E5
330
1E
100
AcDbSymbolTableRecord
100
AcDbLayerTableRecord
  2
A-STRS-1
 70
     0
 62
     6
  6
Continuous
370
    18
390
8
  0
LAYER
  5
A3
330
1E
100
AcDbSymbolTableRecord
100
AcDbLayerTableRecord
  2
Defpoints
 70
     0
 62
     7
  6
Continuous
290
     0
370
    -3
390
8
  0
LAYER
  5
29B
330
1E
100
AcDbSymbolTableRecord
100
AcDbLayerTableRecord
  2
HAT
 70
     0
 62
     5
  6
Continuous
370
    -3
390
8
1001
AcAecLayerStandard
1000

1000

  0
LAYER
  5
288
330
1E
100
AcDbSymbolTableRecord
100
AcDbLayerTableRecord
  2
KIFOF
 70
     0
 62
    55
  6
DASHEDX2
370
    -3
390
8
  0
LAYER
  5
180
330
1E
100
AcDbSymbolTableRecord
100
AcDbLayerTableRecord
  2
CONTOR
 70
     0
 62
     4
  6
Continuous
370
    -3
390
8
  0
LAYER
  5
3EB
330
1E
100
AcDbSymbolTableRecord
100
AcDbLayerTableRecord
  2
Dim WidthForAreaNetto
 70
     0
 62
     6
  6
Continuous
290
     0
370
    -3
390
8
  0
LAYER
  5
131
330
1E
100
AcDbSymbolTableRecord
100
AcDbLayerTableRecord
  2
Omega_Lines
 70
     0
 62
   240
  6
HIDDEN
370
    -3
390
8
  0
LAYER
  5
12E
330
1E
100
AcDbSymbolTableRecord
100
AcDbLayerTableRecord
  2
Omega_Text
 70
     0
 62
     6
  6
Continuous
370
    -3
390
8
  0
LAYER
  5
355
330
1E
100
AcDbSymbolTableRecord
100
AcDbLayerTableRecord
  2
Dim LengthForAreaNetto
 70
     0
 62
     6
  6
Continuous
290
     0
370
    -3
390
8
  0
LAYER
  5
79
330
1E
100
AcDbSymbolTableRecord
100
AcDbLayerTableRecord
  2
FRAME PROFILE
 70
     0
 62
     1
  6
Continuous
370
    -3
390
8
  0
ENDTAB
  0
TABLE
  2
STYLE
  5
21
330
0
100
AcDbSymbolTable
 70
     6
  0
STYLE
  5
22
330
21
100
AcDbSymbolTableRecord
100
AcDbTextStyleTableRecord
  2
Standard
 70
     0
 40
0.0
 41
1.0
 50
0.0
 71
     0
 42
2.5
  3
arial.ttf
  4

1001
ACAD
1000
Arial
1071
       34
  0
STYLE
  5
E6
330
21
100
AcDbSymbolTableRecord
100
AcDbTextStyleTableRecord
  2
HEBTXT
 70
     0
 40
0.0
 41
1.0
 50
0.0
 71
     0
 42
2.5
  3
HEBTXT.shx
  4

  0
STYLE
  5
31
330
21
100
AcDbSymbolTableRecord
100
AcDbTextStyleTableRecord
  2
010018$0$DIM
 70
     0
 40
0.0
 41
1.0
 50
15.0
 71
     0
 42
3546.905420245137
  3
SIMPLEX.shx
  4

  0
STYLE
  5
38E
330
21
100
AcDbSymbolTableRecord
100
AcDbTextStyleTableRecord
  2
S
 70
     0
 40
10.0
 41
1.0
 50
0.0
 71
     2
 42
10.0
  3
SIVAN_M.SHX
  4

  0
STYLE
  5
12F
330
21
100
AcDbSymbolTableRecord
100
AcDbTextStyleTableRecord
  2
ORON1
 70
     0
 40
0.0
 41
1.0
 50
0.0
 71
     0
 42
2.3
  3
ORON1
  4

  0
STYLE
  5
77
330
21
100
AcDbSymbolTableRecord
100
AcDbTextStyleTableRecord
  2
TEXTHEB
 70
     0
 40
0.0
 41
1.0
 50
0.0
 71
     2
 42
0.25
  3
techno_m
  4

  0
ENDTAB
  0
TABLE
  2
VIEW
  5
27
330
0
100
AcDbSymbolTable
 70
     0
  0
ENDTAB
  0
TABLE
  2
UCS
  5
28
330
0
100
AcDbSymbolTable
 70
     0
  0
ENDTAB
  0
TABLE
  2
APPID
  5
2E
330
0
100
AcDbSymbolTable
 70
    14
  0
APPID
  5
13
330
2E
100
AcDbSymbolTableRecord
100
AcDbRegAppTableRecord
  2
ACAD
 70
     0
  0
APPID
  5
19
330
2E
100
AcDbSymbolTableRecord
100
AcDbRegAppTableRecord
  2
ACAD_PSEXT
 70
     0
  0
APPID
  5
FD
330
2E
100
AcDbSymbolTableRecord
100
AcDbRegAppTableRecord
  2
AcadAnnotative
 70
     0
  0
APPID
  5
32
330
2E
100
AcDbSymbolTableRecord
100
AcDbRegAppTableRecord
  2
ACAD_DSTYLE_DIMJAG
 70
     0
  0
APPID
  5
33
330
2E
100
AcDbSymbolTableRecord
100
AcDbRegAppTableRecord
  2
ACAD_DSTYLE_DIMTALN
 70
     0
  0
APPID
  5
2D
330
2E
100
AcDbSymbolTableRecord
100
AcDbRegAppTableRecord
  2
ACAD_NAV_VCDISPLAY
 70
     0
  0
APPID
  5
299
330
2E
100
AcDbSymbolTableRecord
100
AcDbRegAppTableRecord
  2
PSPanelLink
 70
     0
  0
APPID
  5
390
330
2E
100
AcDbSymbolTableRecord
100
AcDbRegAppTableRecord
  2
AcDbDynamicBlockGUID
 70
     0
  0
APPID
  5
29C
330
2E
100
AcDbSymbolTableRecord
100
AcDbRegAppTableRecord
  2
AcAecLayerStandard
 70
     0
  0
APPID
  5
42B
330
2E
100
AcDbSymbolTableRecord
100
AcDbRegAppTableRecord
  2
PSPanelO2
 70
     0
  0
APPID
  5
8F
330
2E
100
AcDbSymbolTableRecord
100
AcDbRegAppTableRecord
  2
PSPanelO
 70
     0
  0
APPID
  5
171
330
2E
100
AcDbSymbolTableRecord
100
AcDbRegAppTableRecord
  2
PSPanelH
 70
     0
  0
APPID
  5
45B
330
2E
100
AcDbSymbolTableRecord
100
AcDbRegAppTableRecord
  2
AcDbAttr
 70
     0
  0
APPID
  5
464
330
2E
100
AcDbSymbolTableRecord
100
AcDbRegAppTableRecord
  2
ACAD_MLEADERVER
 70
     0
  0
ENDTAB
  0
TABLE
  2
DIMSTYLE
  5
2F
330
0
100
AcDbSymbolTable
 70
     1
100
AcDbDimStyleTable
  0
DIMSTYLE
105
30
102
{ACAD_REACTORS
330
113
330
120
330
135
330
145
330
152
330
162
330
172
330
182
330
190
330
19E
330
1AE
330
1BD
330
1CB
330
1D9
330
1E7
330
1F5
330
203
330
211
330
21F
330
22F
330
23E
330
24C
330
25A
330
268
330
278
330
28A
330
29F
330
2B0
330
2BD
330
2CD
330
2E2
330
2F2
330
306
330
315
330
324
330
333
330
345
330
354
330
364
330
371
330
391
330
3A0
330
3B7
330
3C7
330
3D8
330
3EA
330
3FA
330
409
330
419
330
42F
330
95
330
A8
330
B7
330
C4
330
D3
102
}
330
2F
100
AcDbSymbolTableRecord
100
AcDbDimStyleTableRecord
  2
PANELIM
 70
     0
 41
30.0
 42
20.0
 44
10.0
 73
     0
 77
     1
 78
     8
 79
     2
140
35.0
147
10.0
172
     1
176
    55
177
    55
271
     3
178
     1
271
     3
272
     3
340
31
1001
ACAD_DSTYLE_DIMJAG
1070
   388
1040
1.5
1001
ACAD_DSTYLE_DIMTALN
1070
   392
1070
     0
  0
ENDTAB
  0
TABLE
  2
BLOCK_RECORD
  5
1
330
0
100
AcDbSymbolTable
 70
    59
  0
BLOCK_RECORD
  5
2
102
{ACAD_XDICTIONARY
360
3
102
}
330
1
100
AcDbSymbolTableRecord
100
AcDbBlockTableRecord
  2
*Model_Space
340
16
  0
BLOCK_RECORD
  5
1A
330
1
100
AcDbSymbolTableRecord
100
AcDbBlockTableRecord
  2
*Paper_Space
340
1D
  0
BLOCK_RECORD
  5
387
330
1
100
AcDbSymbolTableRecord
100
AcDbBlockTableRecord
  2
Zeva
340
0
102
{BLKREFS
331
386
331
3C6
102
}
1001
AcDbDynamicBlockGUID
1000
{FAA3D492-9314-414F-AF33-1C135A62F0B7}
  0
BLOCK_RECORD
  5
EB
102
{ACAD_XDICTIONARY
360
EC
102
}
330
1
100
AcDbSymbolTableRecord
100
AcDbBlockTableRecord
  2
LineProfilesTable
340
0
102
{BLKREFS
331
EA
102
}
  0
BLOCK_RECORD
  5
91
102
{ACAD_XDICTIONARY
360
92
102
}
330
1
100
AcDbSymbolTableRecord
100
AcDbBlockTableRecord
  2
Omega-25_40_50
340
0
102
{BLKREFS
331
90
102
}
  0
BLOCK_RECORD
  5
73
330
1
100
AcDbSymbolTableRecord
100
AcDbBlockTableRecord
  2
TitleProfilesTable
340
0
102
{BLKREFS
331
72
102
}
  0
BLOCK_RECORD
  5
96
330
1
100
AcDbSymbolTableRecord
100
AcDbBlockTableRecord
  2
*D4
340
0
  0
BLOCK_RECORD
  5
A9
330
1
100
AcDbSymbolTableRecord
100
AcDbBlockTableRecord
  2
*D5
340
0
  0
BLOCK_RECORD
  5
B8
330
1
100
AcDbSymbolTableRecord
100
AcDbBlockTableRecord
  2
*D6
340
0
  0
BLOCK_RECORD
  5
C5
330
1
100
AcDbSymbolTableRecord
100
AcDbBlockTableRecord
  2
*D7
340
0
  0
BLOCK_RECORD
  5
D4
330
1
100
AcDbSymbolTableRecord
100
AcDbBlockTableRecord
  2
*D8
340
0
  0
BLOCK_RECORD
  5
114
330
1
100
AcDbSymbolTableRecord
100
AcDbBlockTableRecord
  2
*D9
340
0
  0
BLOCK_RECORD
  5
121
330
1
100
AcDbSymbolTableRecord
100
AcDbBlockTableRecord
  2
*D10
340
0
  0
BLOCK_RECORD
  5
136
330
1
100
AcDbSymbolTableRecord
100
AcDbBlockTableRecord
  2
*D11
340
0
  0
BLOCK_RECORD
  5
146
330
1
100
AcDbSymbolTableRecord
100
AcDbBlockTableRecord
  2
*D12
340
0
  0
BLOCK_RECORD
  5
153
330
1
100
AcDbSymbolTableRecord
100
AcDbBlockTableRecord
  2
*D13
340
0
  0
BLOCK_RECORD
  5
163
330
1
100
AcDbSymbolTableRecord
100
AcDbBlockTableRecord
  2
*D14
340
0
  0
BLOCK_RECORD
  5
173
330
1
100
AcDbSymbolTableRecord
100
AcDbBlockTableRecord
  2
*D15
340
0
  0
BLOCK_RECORD
  5
183
330
1
100
AcDbSymbolTableRecord
100
AcDbBlockTableRecord
  2
*D16
340
0
  0
BLOCK_RECORD
  5
191
330
1
100
AcDbSymbolTableRecord
100
AcDbBlockTableRecord
  2
*D17
340
0
  0
BLOCK_RECORD
  5
19F
330
1
100
AcDbSymbolTableRecord
100
AcDbBlockTableRecord
  2
*D18
340
0
  0
BLOCK_RECORD
  5
1AF
330
1
100
AcDbSymbolTableRecord
100
AcDbBlockTableRecord
  2
*D19
340
0
  0
BLOCK_RECORD
  5
1BE
330
1
100
AcDbSymbolTableRecord
100
AcDbBlockTableRecord
  2
*D20
340
0
  0
BLOCK_RECORD
  5
1CC
330
1
100
AcDbSymbolTableRecord
100
AcDbBlockTableRecord
  2
*D21
340
0
  0
BLOCK_RECORD
  5
1DA
330
1
100
AcDbSymbolTableRecord
100
AcDbBlockTableRecord
  2
*D22
340
0
  0
BLOCK_RECORD
  5
1E8
330
1
100
AcDbSymbolTableRecord
100
AcDbBlockTableRecord
  2
*D23
340
0
  0
BLOCK_RECORD
  5
1F6
330
1
100
AcDbSymbolTableRecord
100
AcDbBlockTableRecord
  2
*D24
340
0
  0
BLOCK_RECORD
  5
204
330
1
100
AcDbSymbolTableRecord
100
AcDbBlockTableRecord
  2
*D25
340
0
  0
BLOCK_RECORD
  5
212
330
1
100
AcDbSymbolTableRecord
100
AcDbBlockTableRecord
  2
*D26
340
0
  0
BLOCK_RECORD
  5
220
330
1
100
AcDbSymbolTableRecord
100
AcDbBlockTableRecord
  2
*D27
340
0
  0
BLOCK_RECORD
  5
230
330
1
100
AcDbSymbolTableRecord
100
AcDbBlockTableRecord
  2
*D28
340
0
  0
BLOCK_RECORD
  5
23F
330
1
100
AcDbSymbolTableRecord
100
AcDbBlockTableRecord
  2
*D29
340
0
  0
BLOCK_RECORD
  5
24D
330
1
100
AcDbSymbolTableRecord
100
AcDbBlockTableRecord
  2
*D30
340
0
  0
BLOCK_RECORD
  5
25B
330
1
100
AcDbSymbolTableRecord
100
AcDbBlockTableRecord
  2
*D31
340
0
  0
BLOCK_RECORD
  5
269
330
1
100
AcDbSymbolTableRecord
100
AcDbBlockTableRecord
  2
*D32
340
0
  0
BLOCK_RECORD
  5
279
330
1
100
AcDbSymbolTableRecord
100
AcDbBlockTableRecord
  2
*D33
340
0
  0
BLOCK_RECORD
  5
2A0
330
1
100
AcDbSymbolTableRecord
100
AcDbBlockTableRecord
  2
*D34
340
0
  0
BLOCK_RECORD
  5
2B1
330
1
100
AcDbSymbolTableRecord
100
AcDbBlockTableRecord
  2
*D35
340
0
  0
BLOCK_RECORD
  5
2BE
330
1
100
AcDbSymbolTableRecord
100
AcDbBlockTableRecord
  2
*D36
340
0
  0
BLOCK_RECORD
  5
2CE
330
1
100
AcDbSymbolTableRecord
100
AcDbBlockTableRecord
  2
*D37
340
0
  0
BLOCK_RECORD
  5
307
330
1
100
AcDbSymbolTableRecord
100
AcDbBlockTableRecord
  2
*D38
340
0
  0
BLOCK_RECORD
  5
316
330
1
100
AcDbSymbolTableRecord
100
AcDbBlockTableRecord
  2
*D39
340
0
  0
BLOCK_RECORD
  5
325
330
1
100
AcDbSymbolTableRecord
100
AcDbBlockTableRecord
  2
*D40
340
0
  0
BLOCK_RECORD
  5
334
330
1
100
AcDbSymbolTableRecord
100
AcDbBlockTableRecord
  2
*D41
340
0
  0
BLOCK_RECORD
  5
346
330
1
100
AcDbSymbolTableRecord
100
AcDbBlockTableRecord
  2
*D42
340
0
  0
BLOCK_RECORD
  5
356
330
1
100
AcDbSymbolTableRecord
100
AcDbBlockTableRecord
  2
*D43
340
0
  0
BLOCK_RECORD
  5
365
330
1
100
AcDbSymbolTableRecord
100
AcDbBlockTableRecord
  2
*D44
340
0
  0
BLOCK_RECORD
  5
372
330
1
100
AcDbSymbolTableRecord
100
AcDbBlockTableRecord
  2
*D45
340
0
  0
BLOCK_RECORD
  5
392
330
1
100
AcDbSymbolTableRecord
100
AcDbBlockTableRecord
  2
*D46
340
0
  0
BLOCK_RECORD
  5
3A1
330
1
100
AcDbSymbolTableRecord
100
AcDbBlockTableRecord
  2
*D47
340
0
  0
BLOCK_RECORD
  5
3B8
330
1
100
AcDbSymbolTableRecord
100
AcDbBlockTableRecord
  2
*D48
340
0
  0
BLOCK_RECORD
  5
3C8
330
1
100
AcDbSymbolTableRecord
100
AcDbBlockTableRecord
  2
*D49
340
0
  0
BLOCK_RECORD
  5
3D9
330
1
100
AcDbSymbolTableRecord
100
AcDbBlockTableRecord
  2
*D50
340
0
  0
BLOCK_RECORD
  5
3EC
330
1
100
AcDbSymbolTableRecord
100
AcDbBlockTableRecord
  2
*D51
340
0
  0
BLOCK_RECORD
  5
40A
330
1
100
AcDbSymbolTableRecord
100
AcDbBlockTableRecord
  2
*D52
340
0
  0
BLOCK_RECORD
  5
41A
330
1
100
AcDbSymbolTableRecord
100
AcDbBlockTableRecord
  2
*D53
340
0
  0
BLOCK_RECORD
  5
430
330
1
100
AcDbSymbolTableRecord
100
AcDbBlockTableRecord
  2
*D54
340
0
  0
BLOCK_RECORD
  5
28B
330
1
100
AcDbSymbolTableRecord
100
AcDbBlockTableRecord
  2
*D55
340
0
  0
BLOCK_RECORD
  5
2E3
330
1
100
AcDbSymbolTableRecord
100
AcDbBlockTableRecord
  2
*D56
340
0
  0
BLOCK_RECORD
  5
2F3
330
1
100
AcDbSymbolTableRecord
100
AcDbBlockTableRecord
  2
*D57
340
0
  0
BLOCK_RECORD
  5
3FB
330
1
100
AcDbSymbolTableRecord
100
AcDbBlockTableRecord
  2
*D58
340
0
  0
ENDTAB
  0
ENDSEC
  0
SECTION
  2
BLOCKS
  0
BLOCK
  5
5
330
2
100
AcDbEntity
  8
0
100
AcDbBlockBegin
  2
*Model_Space
 70
     0
 10
0.0
 20
0.0
 30
0.0
  3
*Model_Space
  1

  0
ENDBLK
  5
15
330
2
100
AcDbEntity
  8
0
100
AcDbBlockEnd
  0
BLOCK
  5
1B
330
1A
100
AcDbEntity
 67
     1
  8
0
100
AcDbBlockBegin
  2
*Paper_Space
 70
     0
 10
0.0
 20
0.0
 30
0.0
  3
*Paper_Space
  1

  0
ENDBLK
  5
1C
330
1A
100
AcDbEntity
 67
     1
  8
0
100
AcDbBlockEnd
  0
BLOCK
  5
389
330
387
100
AcDbEntity
  8
0
100
AcDbBlockBegin
  2
Zeva
 70
     0
 10
0.0
 20
0.0
 30
0.0
  3
Zeva
  1

  0
LWPOLYLINE
  5
38A
330
387
100
AcDbEntity
  8
0
100
AcDbPolyline
 90
        3
 70
     1
 43
0.0
 10
19.83512437008355
 20
-17.20710662260262
 10
-19.83512437008355
 20
-17.20710662260262
 10
0.0
 20
0.0
  0
TEXT
  5
38B
330
387
100
AcDbEntity
  8
צבע
 62
     1
100
AcDbText
 10
36.00659937891214
 20
-48.98139805345454
 30
0.0
 40
25.0
  1
mcg
 41
0.8
  7
S
 71
     2
100
AcDbText
1001
PSPanelLink
1002
{
1000
4050913590219-1
1000
2
1002
}
  0
ENDBLK
  5
38F
330
387
100
AcDbEntity
  8
0
100
AcDbBlockEnd
  0
BLOCK
  5
EE
330
EB
100
AcDbEntity
  8
0
100
AcDbBlockBegin
  2
LineProfilesTable
 70
     2
 10
0.0
 20
0.0
 30
0.0
  3
LineProfilesTable
  1

  0
LINE
  5
EF
330
EB
100
AcDbEntity
  8
FRAME PROFILE
100
AcDbLine
 10
-299.9609486321278
 20
0.0
 30
0.0
 11
-299.9609486321278
 21
-360.6273194205951
 31
0.0
  0
LINE
  5
F0
330
EB
100
AcDbEntity
  8
FRAME PROFILE
100
AcDbLine
 10
-1699.957263093915
 20
0.0
 30
0.0
 11
-1699.957263093915
 21
-360.6273194205951
 31
0.0
  0
LWPOLYLINE
  5
F1
330
EB
100
AcDbEntity
  8
FRAME PROFILE
100
AcDbPolyline
 90
        2
 70
     0
 43
0.0
 10
0.0
 20
-360.6273194205951
 10
0.0
 20
0.0
  0
LWPOLYLINE
  5
F2
330
EB
100
AcDbEntity
  8
FRAME PROFILE
100
AcDbPolyline
 90
        2
 70
     0
 43
0.0
 10
-2199.957263093907
 20
0.0
 10
-2199.957263093907
 20
-360.6273194205951
  0
LINE
  5
F3
330
EB
100
AcDbEntity
  8
FRAME PROFILE
100
AcDbLine
 10
0.0
 20
-360.6273194205951
 30
0.0
 11
-2199.957263093907
 21
-360.6273194205951
 31
0.0
  0
LINE
  5
F4
330
EB
100
AcDbEntity
  8
FRAME PROFILE
100
AcDbLine
 10
0.0
 20
-360.6273194205951
 30
0.0
 11
-2199.957263093907
 21
-360.6273194205951
 31
0.0
  0
LINE
  5
F5
330
EB
100
AcDbEntity
  8
FRAME PROFILE
100
AcDbLine
 10
-599.9572630939074
 20
0.0
 30
0.0
 11
-599.9572630939074
 21
-360.6273194205951
 31
0.0
  0
LINE
  5
F6
330
EB
100
AcDbEntity
  8
FRAME PROFILE
100
AcDbLine
 10
-899.9572630939147
 20
0.0
 30
0.0
 11
-899.9572630939147
 21
-360.6273194205951
 31
0.0
  0
LINE
  5
F7
330
EB
100
AcDbEntity
  8
FRAME PROFILE
100
AcDbLine
 10
-1199.957263093907
 20
0.0
 30
0.0
 11
-1199.957263093907
 21
-360.6273194205951
 31
0.0
  0
ATTDEF
  5
F8
330
EB
100
AcDbEntity
  8
A-STRS-1
100
AcDbText
 10
-1785.762149741738
 20
-55.21160930508177
 30
-43097.28430684599
 40
36.0
  1
zfr
 41
0.8
 51
350.0
  7
HEBTXT
 72
     2
 11
-1708.962149741738
 21
-37.21160930508177
 31
-43097.28430684599
100
AcDbAttributeDefinition
  3

  2
סוג
 70
     0
 74
     2
1001
AcDbAttr
1070
     0
1070
     1
  0
ATTDEF
  5
F9
102
{ACAD_XDICTIONARY
360
FA
102
}
330
EB
100
AcDbEntity
  8
A-STRS-1
100
AcDbText
 10
-1612.774675716018
 20
-190.8586797716998
 30
-43097.28430684599
 40
58.0
  1
RAL 9007
 41
0.8
 51
350.0
  7
HEBTXT
 72
     4
 11
-1445.95562809697
 21
-161.8586797716998
 31
-43097.28430684599
100
AcDbAttributeDefinition
  3

  2
צבע
 70
     0
1001
AcadAnnotative
1000
AnnotativeData
1002
{
1070
     1
1070
     0
1002
}
1001
AcDbAttr
1070
     0
1070
     1
  0
ATTDEF
  5
FE
102
{ACAD_XDICTIONARY
360
FF
102
}
330
EB
100
AcDbEntity
  8
A-STRS-1
100
AcDbText
 10
-1118.056037373914
 20
-190.4828271113997
 30
-43097.28430684599
 40
58.0
  1
1200
 41
0.8
 51
350.0
 72
     4
 11
-1045.95562809697
 21
-161.8586797716998
 31
-43097.28430684599
100
AcDbAttributeDefinition
  3

  2
אורך
 70
     0
1001
AcadAnnotative
1000
AnnotativeData
1002
{
1070
     1
1070
     0
1002
}
1001
AcDbAttr
1070
     0
1070
     1
  0
ATTDEF
  5
102
102
{ACAD_XDICTIONARY
360
103
102
}
330
EB
100
AcDbEntity
  8
A-STRS-1
100
AcDbText
 10
-763.980730416206
 20
-190.4828271113997
 30
-43097.28430684599
 40
58.0
  1
0
 41
0.8
 51
350.0
 72
     4
 11
-745.95562809697
 21
-161.8586797716998
 31
-43097.28430684599
100
AcDbAttributeDefinition
  3

  2
חיתוך_במעלות
 70
     0
1001
AcadAnnotative
1000
AnnotativeData
1002
{
1070
     1
1070
     0
1002
}
1001
AcDbAttr
1070
     0
1070
     1
  0
ATTDEF
  5
106
330
EB
100
AcDbEntity
  8
A-STRS-1
100
AcDbText
 10
-375.5283016944359
 20
-187.0263625474348
 30
-43097.28430684599
 40
58.0
  1
hnhi
 51
10.0
  7
TEXTHEB
 71
     2
 72
     4
 11
-445.6116350277692
 21
-161.8586797716998
 31
-43097.28430684599
100
AcDbAttributeDefinition
  3

  2
צד_חיתוך
 70
     0
1001
AcDbAttr
1070
     0
1070
     1
  0
ATTDEF
  5
107
102
{ACAD_XDICTIONARY
360
108
102
}
330
EB
100
AcDbEntity
  8
A-STRS-1
100
AcDbText
 10
-163.9807304162061
 20
-190.9773700854788
 30
-43097.28430684599
 40
58.0
  1
1
 41
0.8
 51
350.0
 72
     4
 11
-145.95562809697
 21
-161.8586797716998
 31
-43097.28430684599
100
AcDbAttributeDefinition
  3

  2
כמות_יחידות
 70
     0
1001
AcadAnnotative
1000
AnnotativeData
1002
{
1070
     1
1070
     0
1002
}
1001
AcDbAttr
1070
     0
1070
     1
  0
ENDBLK
  5
10B
330
EB
100
AcDbEntity
  8
0
100
AcDbBlockEnd
  0
BLOCK
  5
94
330
91
100
AcDbEntity
  8
0
100
AcDbBlockBegin
  2
Omega-25_40_50
 70
     2
 10
0.0
 20
0.0
 30
0.0
  3
Omega-25_40_50
  1

  0
DIMENSION
  5
95
330
91
100
AcDbEntity
  8
0
100
AcDbDimension
  2
*D4
 10
-414.4213859324534
 20
-270.6062644434498
 30
0.0
 11
-455.7771634666647
 21
-313.1062644434496
 31
0.0
  1
25
 71
     5
 42
40.00000000000003
  3
PANELIM
100
AcDbAlignedDimension
 13
-363.864716908517
 23
-230.6062644434496
 33
0.0
 14
-363.864716908517
 24
-270.6062644434496
 34
0.0
 50
90.0
100
AcDbRotatedDimension
  0
DIMENSION
  5
A8
330
91
100
AcDbEntity
  8
0
100
AcDbDimension
  2
*D5
 10
-363.864716908517
 20
-373.5098356086021
 30
0.0
 11
-323.864716908517
 21
-373.5098356086021
 31
0.0
 70
   128
  1
40
 71
     5
 42
80.0
  3
PANELIM
100
AcDbAlignedDimension
 13
-283.864716908517
 23
-234.6062644434496
 33
0.0
 14
-363.864716908517
 24
-270.6062644434496
 34
0.0
100
AcDbRotatedDimension
  0
DIMENSION
  5
B7
330
91
100
AcDbEntity
  8
0
100
AcDbDimension
  2
*D6
 10
-194.0411431786788
 20
-234.6062644434497
 30
0.0
 11
-194.0411431786788
 21
-193.8539497313395
 31
0.0
 70
   128
  1
50
 71
     5
 42
100.0
  3
PANELIM
100
AcDbAlignedDimension
 13
-283.864716908517
 23
-134.6062644434496
 33
0.0
 14
-283.864716908517
 24
-234.6062644434496
 34
0.0
 50
90.0
100
AcDbRotatedDimension
  0
DIMENSION
  5
C4
330
91
100
AcDbEntity
  8
0
100
AcDbDimension
  2
*D7
 10
-283.864716908517
 20
-60.80210587582678
 30
0.0
 11
-323.864716908517
 21
-60.80210587582678
 31
0.0
 70
   128
  1
40
 71
     5
 42
80.0
  3
PANELIM
100
AcDbAlignedDimension
 13
-363.864716908517
 23
-98.60626444344962
 33
0.0
 14
-283.864716908517
 24
-134.6062644434496
 34
0.0
100
AcDbRotatedDimension
  0
DIMENSION
  5
D3
330
91
100
AcDbEntity
  8
0
100
AcDbDimension
  2
*D8
 10
-454.9563728883238
 20
-138.6062644434497
 30
0.0
 11
-496.3121504225351
 21
-181.1062644434495
 31
0.0
  1
25
 71
     5
 42
40.0
  3
PANELIM
100
AcDbAlignedDimension
 13
-363.864716908517
 23
-98.60626444344962
 33
0.0
 14
-363.864716908517
 24
-138.6062644434496
 34
0.0
 50
90.0
100
AcDbRotatedDimension
  0
LWPOLYLINE
  5
E3
330
91
100
AcDbEntity
  8
0
 62
     1
100
AcDbPolyline
 90
       12
 70
     1
 43
0.0
 10
-359.864716908517
 20
-270.6062644434496
 10
-359.864716908517
 20
-234.6062644434496
 10
-283.864716908517
 20
-234.6062644434496
 10
-283.864716908517
 20
-134.6062644434496
 10
-359.864716908517
 20
-134.6062644434496
 10
-359.864716908517
 20
-98.60626444344962
 10
-363.864716908517
 20
-98.60626444344962
 10
-363.864716908517
 20
-138.6062644434496
 10
-287.864716908517
 20
-138.6062644434496
 10
-287.864716908517
 20
-230.6062644434496
 10
-363.864716908517
 20
-230.6062644434496
 10
-363.864716908517
 20
-270.6062644434496
  0
ATTDEF
  5
E4
330
91
100
AcDbEntity
  8
A-STRS-1
100
AcDbText
 10
-6.301147571198102
 20
-43.17201610184588
 30
0.0
 40
35.0
  1
OMEGA-5
 51
350.0
  7
HEBTXT
 72
     2
 11
227.0321857621352
 21
-25.67201610184588
 31
0.0
100
AcDbAttributeDefinition
  3

  2
OMEGA-25*40*50
 70
     0
 74
     2
1001
AcDbAttr
1070
     0
1070
     1
  0
ENDBLK
  5
E7
330
91
100
AcDbEntity
  8
0
100
AcDbBlockEnd
  0
BLOCK
  5
75
330
73
100
AcDbEntity
  8
0
100
AcDbBlockBegin
  2
TitleProfilesTable
 70
     0
 10
0.0
 20
0.0
 30
0.0
  3
TitleProfilesTable
  1

  0
TEXT
  5
76
330
73
100
AcDbEntity
  8
0
 62
     6
100
AcDbText
 10
-948.4257731096295
 20
-173.0571239213477
 30
0.0
 40
49.90512384000002
  1
cn"n
 51
10.0
  7
TEXTHEB
 71
     2
100
AcDbText
  0
LINE
  5
78
330
73
100
AcDbEntity
  8
FRAME PROFILE
100
AcDbLine
 10
-299.9609486321278
 20
0.0
 30
0.0
 11
-299.9609486321278
 21
-219.1137422525862
 31
0.0
  0
TEXT
  5
7B
330
73
100
AcDbEntity
  8
0
 62
     6
100
AcDbText
 10
-23.84294885487179
 20
-173.0571239213477
 30
0.0
 40
49.90512384000002
  1
hjhsu,
 51
10.0
  7
TEXTHEB
 71
     2
100
AcDbText
  0
LINE
  5
7C
330
73
100
AcDbEntity
  8
FRAME PROFILE
100
AcDbLine
 10
-1699.957263093907
 20
0.0
 30
0.0
 11
-1699.957263093907
 21
-219.1137422525862
 31
0.0
  0
LWPOLYLINE
  5
7D
330
73
100
AcDbEntity
  8
FRAME PROFILE
100
AcDbPolyline
 90
        4
 70
     0
 43
0.0
 10
0.0
 20
-219.1137422525844
 10
0.0
 20
0.0
 10
-2199.957263093907
 20
0.0
 10
-2199.957263093907
 20
-219.1137422525844
  0
LINE
  5
7E
330
73
100
AcDbEntity
  8
FRAME PROFILE
100
AcDbLine
 10
0.0
 20
-219.1137422525844
 30
0.0
 11
-2199.957263093907
 21
-219.1137422525844
 31
0.0
  0
TEXT
  5
7F
330
73
100
AcDbEntity
  8
0
 62
     6
100
AcDbText
 10
-1390.872024318727
 20
-139.7612387322497
 30
0.0
 40
49.90512384000002
  1
mcg
 51
10.0
  7
TEXTHEB
 71
     2
100
AcDbText
  0
LINE
  5
80
330
73
100
AcDbEntity
  8
FRAME PROFILE
100
AcDbLine
 10
0.0
 20
-219.1137422525844
 30
0.0
 11
-2199.957263093907
 21
-219.1137422525844
 31
0.0
  0
TEXT
  5
81
330
73
100
AcDbEntity
  8
0
 62
     7
100
AcDbText
 10
-799.3903139837057
 20
39.53655149650876
 30
0.0
 40
49.90512384000002
  1
yckv pruphkho
 51
10.0
  7
TEXTHEB
 71
     2
100
AcDbText
  0
LINE
  5
82
330
73
100
AcDbEntity
  8
FRAME PROFILE
100
AcDbLine
 10
-1699.957263093907
 20
0.0
 30
0.0
 11
-1699.957263093907
 21
-219.1137422525862
 31
0.0
  0
TEXT
  5
83
330
73
100
AcDbEntity
  8
0
 62
     6
100
AcDbText
 10
-1742.574234130574
 20
-139.7612387322497
 30
0.0
 40
49.90512384000002
  1
xud pruphk
 51
10.0
  7
TEXTHEB
 71
     2
100
AcDbText
  0
TEXT
  5
84
330
73
100
AcDbEntity
  8
0
 62
     6
100
AcDbText
 10
-57.64303711408138
 20
-77.8118052844602
 30
0.0
 40
49.90512384000002
  1
fnu,
 51
10.0
  7
TEXTHEB
 71
     2
100
AcDbText
  0
LINE
  5
85
330
73
100
AcDbEntity
  8
FRAME PROFILE
100
AcDbLine
 10
-299.9609486321278
 20
0.0
 30
0.0
 11
-299.9609486321278
 21
-219.1137422525862
 31
0.0
  0
TEXT
  5
86
330
73
100
AcDbEntity
  8
0
 62
     6
100
AcDbText
 10
-972.9683837479461
 20
-77.8118052844602
 30
0.0
 40
49.90512384000002
  1
turl
 51
10.0
  7
TEXTHEB
 71
     2
100
AcDbText
  0
LINE
  5
87
330
73
100
AcDbEntity
  8
FRAME PROFILE
100
AcDbLine
 10
-599.9572630939074
 20
0.0
 30
0.0
 11
-599.9572630939074
 21
-219.1137422525862
 31
0.0
  0
TEXT
  5
88
330
73
100
AcDbEntity
  8
0
 62
     6
100
AcDbText
 10
-403.5478132755306
 20
-75.44272633390028
 30
0.0
 40
49.90512384000002
  1
ms
 51
10.0
  7
TEXTHEB
 71
     2
100
AcDbText
  0
TEXT
  5
89
330
73
100
AcDbEntity
  8
0
 62
     6
100
AcDbText
 10
-659.0252151872992
 20
-75.44272633390028
 30
0.0
 40
49.90512384000002
  1
jh,ul
 51
10.0
  7
TEXTHEB
 71
     2
100
AcDbText
  0
TEXT
  5
8A
330
73
100
AcDbEntity
  8
0
 62
     6
100
AcDbText
 10
-354.0483632628893
 20
-171.9318463773288
 30
0.0
 40
49.90512384000002
  1
jh,ul
 51
10.0
  7
TEXTHEB
 71
     2
100
AcDbText
  0
TEXT
  5
8B
330
73
100
AcDbEntity
  8
0
 62
     6
100
AcDbText
 10
-606.9671859839582
 20
-171.9318463773288
 30
0.0
 40
49.90512384000002
  1
cngku,
 51
10.0
  7
TEXTHEB
 71
     2
100
AcDbText
  0
LINE
  5
8C
330
73
100
AcDbEntity
  8
FRAME PROFILE
100
AcDbLine
 10
-899.9572630939074
 20
0.0
 30
0.0
 11
-899.9572630939074
 21
-219.1137422525862
 31
0.0
  0
LINE
  5
8D
330
73
100
AcDbEntity
  8
FRAME PROFILE
100
AcDbLine
 10
-1199.957263093907
 20
0.0
 30
0.0
 11
-1199.957263093915
 21
-219.1137422525862
 31
0.0
  0
ENDBLK
  5
8E
330
73
100
AcDbEntity
  8
0
100
AcDbBlockEnd
  0
BLOCK
  5
97
330
96
100
AcDbEntity
  8
0
 62
     7
100
AcDbBlockBegin
  2
*D4
 70
     1
 10
0.0
 20
0.0
 30
0.0
  3
*D4
  1

  0
LINE
  5
98
330
96
100
AcDbEntity
  8
0
 62
    55
440
 16777216
370
    -2
100
AcDbLine
 10
-383.8647169085172
 20
-230.6062644434497
 30
0.0
 11
-424.4213859324534
 21
-230.6062644434497
 31
0.0
  0
LINE
  5
99
330
96
100
AcDbEntity
  8
0
 62
    55
440
 16777216
370
    -2
100
AcDbLine
 10
-383.8647169085172
 20
-270.6062644434497
 30
0.0
 11
-424.4213859324534
 21
-270.6062644434498
 31
0.0
  0
LINE
  5
9A
330
96
100
AcDbEntity
  8
0
 62
    55
440
 16777216
370
    -2
100
AcDbLine
 10
-414.4213859324534
 20
-195.6062644434497
 30
0.0
 11
-414.4213859324534
 21
-160.6062644434497
 31
0.0
  0
LINE
  5
9B
330
96
100
AcDbEntity
  8
0
 62
    55
440
 16777216
370
    -2
100
AcDbLine
 10
-414.4213859324534
 20
-305.6062644434498
 30
0.0
 11
-414.4213859324534
 21
-340.6062644434498
 31
0.0
  0
LINE
  5
9C
330
96
100
AcDbEntity
  8
0
 62
    55
440
 16777216
370
    -2
100
AcDbLine
 10
-414.4213859324534
 20
-340.6062644434498
 30
0.0
 11
-487.132941000876
 21
-340.6062644434498
 31
0.0
  0
LINE
  5
9D
330
96
100
AcDbEntity
  8
0
 62
    55
440
 16777216
370
    -2
100
AcDbLine
 10
-414.4213859324534
 20
-230.6062644434497
 30
0.0
 11
-414.4213859324534
 21
-270.6062644434498
 31
0.0
  0
SOLID
  5
9E
330
96
100
AcDbEntity
  8
0
 62
    55
440
 16777216
100
AcDbTrace
 10
-420.2547192657867
 20
-195.6062644434497
 30
0.0
 11
-408.5880525991201
 21
-195.6062644434497
 31
0.0
 12
-414.4213859324534
 22
-230.6062644434497
 32
0.0
 13
-414.4213859324534
 23
-230.6062644434497
 33
0.0
  0
SOLID
  5
A0
330
96
100
AcDbEntity
  8
0
 62
    55
440
 16777216
100
AcDbTrace
 10
-420.2547192657867
 20
-305.6062644434498
 30
0.0
 11
-408.5880525991201
 21
-305.6062644434498
 31
0.0
 12
-414.4213859324534
 22
-270.6062644434498
 32
0.0
 13
-414.4213859324534
 23
-270.6062644434498
 33
0.0
  0
MTEXT
  5
A1
330
96
100
AcDbEntity
  8
0
 62
     1
440
 16777216
100
AcDbMText
 10
-455.7771634666647
 20
-313.1062644434496
 30
0.0
 40
35.0
 41
0.0
 71
     5
 72
     1
  1
\A1;25
  7
010018$0$DIM
 73
     1
 44
1.0
  0
POINT
  5
A2
330
96
100
AcDbEntity
  8
Defpoints
 62
     0
440
 16777216
100
AcDbPoint
 10
-363.8647169085172
 20
-230.6062644434497
 30
0.0
  0
POINT
  5
A5
330
96
100
AcDbEntity
  8
Defpoints
 62
     0
440
 16777216
100
AcDbPoint
 10
-363.8647169085172
 20
-270.6062644434497
 30
0.0
  0
POINT
  5
A6
330
96
100
AcDbEntity
  8
Defpoints
 62
     0
440
 16777216
100
AcDbPoint
 10
-414.4213859324534
 20
-270.6062644434498
 30
0.0
  0
ENDBLK
  5
A7
330
96
100
AcDbEntity
  8
0
 62
     7
100
AcDbBlockEnd
  0
BLOCK
  5
AA
330
A9
100
AcDbEntity
  8
0
 62
     7
100
AcDbBlockBegin
  2
*D5
 70
     1
 10
0.0
 20
0.0
 30
0.0
  3
*D5
  1

  0
LINE
  5
AB
330
A9
100
AcDbEntity
  8
0
 62
    55
440
 16777216
370
    -2
100
AcDbLine
 10
-283.864716908517
 20
-254.6062644434496
 30
0.0
 11
-283.864716908517
 21
-383.5098356086021
 31
0.0
  0
LINE
  5
AC
330
A9
100
AcDbEntity
  8
0
 62
    55
440
 16777216
370
    -2
100
AcDbLine
 10
-363.864716908517
 20
-290.6062644434496
 30
0.0
 11
-363.864716908517
 21
-383.5098356086021
 31
0.0
  0
LINE
  5
AD
330
A9
100
AcDbEntity
  8
0
 62
    55
440
 16777216
370
    -2
100
AcDbLine
 10
-248.864716908517
 20
-373.5098356086021
 30
0.0
 11
-213.864716908517
 21
-373.5098356086021
 31
0.0
  0
LINE
  5
AE
330
A9
100
AcDbEntity
  8
0
 62
    55
440
 16777216
370
    -2
100
AcDbLine
 10
-398.864716908517
 20
-373.5098356086021
 30
0.0
 11
-433.864716908517
 21
-373.5098356086021
 31
0.0
  0
LINE
  5
AF
330
A9
100
AcDbEntity
  8
0
 62
    55
440
 16777216
370
    -2
100
AcDbLine
 10
-283.864716908517
 20
-373.5098356086021
 30
0.0
 11
-363.864716908517
 21
-373.5098356086021
 31
0.0
  0
SOLID
  5
B0
330
A9
100
AcDbEntity
  8
0
 62
    55
440
 16777216
100
AcDbTrace
 10
-248.864716908517
 20
-367.6765022752688
 30
0.0
 11
-248.864716908517
 21
-379.3431689419354
 31
0.0
 12
-283.864716908517
 22
-373.5098356086021
 32
0.0
 13
-283.864716908517
 23
-373.5098356086021
 33
0.0
  0
SOLID
  5
B1
330
A9
100
AcDbEntity
  8
0
 62
    55
440
 16777216
100
AcDbTrace
 10
-398.864716908517
 20
-367.6765022752688
 30
0.0
 11
-398.864716908517
 21
-379.3431689419354
 31
0.0
 12
-363.864716908517
 22
-373.5098356086021
 32
0.0
 13
-363.864716908517
 23
-373.5098356086021
 33
0.0
  0
MTEXT
  5
B2
330
A9
100
AcDbEntity
  8
0
 62
     1
440
 16777216
100
AcDbMText
 10
-323.864716908517
 20
-346.0098356086021
 30
0.0
 40
35.0
 41
0.0
 71
     5
 72
     1
  1
\A1;40
  7
010018$0$DIM
 73
     1
 44
1.0
  0
POINT
  5
B3
330
A9
100
AcDbEntity
  8
Defpoints
 62
     0
440
 16777216
100
AcDbPoint
 10
-283.864716908517
 20
-234.6062644434496
 30
0.0
  0
POINT
  5
B4
330
A9
100
AcDbEntity
  8
Defpoints
 62
     0
440
 16777216
100
AcDbPoint
 10
-363.864716908517
 20
-270.6062644434496
 30
0.0
  0
POINT
  5
B5
330
A9
100
AcDbEntity
  8
Defpoints
 62
     0
440
 16777216
100
AcDbPoint
 10
-363.864716908517
 20
-373.5098356086021
 30
0.0
  0
ENDBLK
  5
B6
330
A9
100
AcDbEntity
  8
0
 62
     7
100
AcDbBlockEnd
  0
BLOCK
  5
B9
330
B8
100
AcDbEntity
  8
0
 62
     7
100
AcDbBlockBegin
  2
*D6
 70
     1
 10
0.0
 20
0.0
 30
0.0
  3
*D6
  1

  0
LINE
  5
BA
330
B8
100
AcDbEntity
  8
0
 62
    55
440
 16777216
370
    -2
100
AcDbLine
 10
-263.8647169085172
 20
-134.6062644434497
 30
0.0
 11
-184.0411431786788
 21
-134.6062644434496
 31
0.0
  0
LINE
  5
BB
330
B8
100
AcDbEntity
  8
0
 62
    55
440
 16777216
370
    -2
100
AcDbLine
 10
-263.8647169085172
 20
-234.6062644434497
 30
0.0
 11
-184.0411431786788
 21
-234.6062644434497
 31
0.0
  0
LINE
  5
BC
330
B8
100
AcDbEntity
  8
0
 62
    55
440
 16777216
370
    -2
100
AcDbLine
 10
-194.0411431786788
 20
-169.6062644434497
 30
0.0
 11
-194.0411431786788
 21
-199.6062644434497
 31
0.0
  0
SOLID
  5
BD
330
B8
100
AcDbEntity
  8
0
 62
    55
440
 16777216
100
AcDbTrace
 10
-199.8744765120122
 20
-169.6062644434497
 30
0.0
 11
-188.2078098453455
 21
-169.6062644434496
 31
0.0
 12
-194.0411431786788
 22
-134.6062644434497
 32
0.0
 13
-194.0411431786788
 23
-134.6062644434497
 33
0.0
  0
SOLID
  5
BE
330
B8
100
AcDbEntity
  8
0
 62
    55
440
 16777216
100
AcDbTrace
 10
-199.8744765120121
 20
-199.6062644434497
 30
0.0
 11
-188.2078098453454
 21
-199.6062644434497
 31
0.0
 12
-194.0411431786788
 22
-234.6062644434497
 32
0.0
 13
-194.0411431786788
 23
-234.6062644434497
 33
0.0
  0
MTEXT
  5
BF
330
B8
100
AcDbEntity
  8
0
 62
     1
440
 16777216
100
AcDbMText
 10
-221.5411431786788
 20
-193.8539497313395
 30
0.0
 40
35.0
 41
0.0
 71
     5
 72
     1
  1
\A1;50
  7
010018$0$DIM
 11
6.123233995736766E-17
 21
1.0
 31
0.0
 73
     1
 44
1.0
  0
POINT
  5
C0
330
B8
100
AcDbEntity
  8
Defpoints
 62
     0
440
 16777216
100
AcDbPoint
 10
-283.8647169085172
 20
-134.6062644434497
 30
0.0
  0
POINT
  5
C1
330
B8
100
AcDbEntity
  8
Defpoints
 62
     0
440
 16777216
100
AcDbPoint
 10
-283.8647169085172
 20
-234.6062644434497
 30
0.0
  0
POINT
  5
C2
330
B8
100
AcDbEntity
  8
Defpoints
 62
     0
440
 16777216
100
AcDbPoint
 10
-194.0411431786788
 20
-234.6062644434497
 30
0.0
  0
ENDBLK
  5
C3
330
B8
100
AcDbEntity
  8
0
 62
     7
100
AcDbBlockEnd
  0
BLOCK
  5
C6
330
C5
100
AcDbEntity
  8
0
 62
     7
100
AcDbBlockBegin
  2
*D7
 70
     1
 10
0.0
 20
0.0
 30
0.0
  3
*D7
  1

  0
LINE
  5
C7
330
C5
100
AcDbEntity
  8
0
 62
    55
440
 16777216
370
    -2
100
AcDbLine
 10
-363.864716908517
 20
-78.60626444344962
 30
0.0
 11
-363.864716908517
 21
-50.80210587582678
 31
0.0
  0
LINE
  5
C8
330
C5
100
AcDbEntity
  8
0
 62
    55
440
 16777216
370
    -2
100
AcDbLine
 10
-283.864716908517
 20
-114.6062644434496
 30
0.0
 11
-283.864716908517
 21
-50.80210587582678
 31
0.0
  0
LINE
  5
C9
330
C5
100
AcDbEntity
  8
0
 62
    55
440
 16777216
370
    -2
100
AcDbLine
 10
-398.864716908517
 20
-60.80210587582678
 30
0.0
 11
-433.864716908517
 21
-60.80210587582678
 31
0.0
  0
LINE
  5
CA
330
C5
100
AcDbEntity
  8
0
 62
    55
440
 16777216
370
    -2
100
AcDbLine
 10
-248.864716908517
 20
-60.80210587582678
 30
0.0
 11
-213.864716908517
 21
-60.80210587582678
 31
0.0
  0
LINE
  5
CB
330
C5
100
AcDbEntity
  8
0
 62
    55
440
 16777216
370
    -2
100
AcDbLine
 10
-363.864716908517
 20
-60.80210587582678
 30
0.0
 11
-283.864716908517
 21
-60.80210587582678
 31
0.0
  0
SOLID
  5
CC
330
C5
100
AcDbEntity
  8
0
 62
    55
440
 16777216
100
AcDbTrace
 10
-398.864716908517
 20
-54.96877254249345
 30
0.0
 11
-398.864716908517
 21
-66.63543920916011
 31
0.0
 12
-363.864716908517
 22
-60.80210587582678
 32
0.0
 13
-363.864716908517
 23
-60.80210587582678
 33
0.0
  0
SOLID
  5
CD
330
C5
100
AcDbEntity
  8
0
 62
    55
440
 16777216
100
AcDbTrace
 10
-248.864716908517
 20
-54.96877254249345
 30
0.0
 11
-248.864716908517
 21
-66.63543920916011
 31
0.0
 12
-283.864716908517
 22
-60.80210587582678
 32
0.0
 13
-283.864716908517
 23
-60.80210587582678
 33
0.0
  0
MTEXT
  5
CE
330
C5
100
AcDbEntity
  8
0
 62
     1
440
 16777216
100
AcDbMText
 10
-323.864716908517
 20
-33.30210587582678
 30
0.0
 40
35.0
 41
0.0
 71
     5
 72
     1
  1
\A1;40
  7
010018$0$DIM
 73
     1
 44
1.0
  0
POINT
  5
CF
330
C5
100
AcDbEntity
  8
Defpoints
 62
     0
440
 16777216
100
AcDbPoint
 10
-363.864716908517
 20
-98.60626444344962
 30
0.0
  0
POINT
  5
D0
330
C5
100
AcDbEntity
  8
Defpoints
 62
     0
440
 16777216
100
AcDbPoint
 10
-283.864716908517
 20
-134.6062644434496
 30
0.0
  0
POINT
  5
D1
330
C5
100
AcDbEntity
  8
Defpoints
 62
     0
440
 16777216
100
AcDbPoint
 10
-283.864716908517
 20
-60.80210587582678
 30
0.0
  0
ENDBLK
  5
D2
330
C5
100
AcDbEntity
  8
0
 62
     7
100
AcDbBlockEnd
  0
BLOCK
  5
D5
330
D4
100
AcDbEntity
  8
0
 62
     7
100
AcDbBlockBegin
  2
*D8
 70
     1
 10
0.0
 20
0.0
 30
0.0
  3
*D8
  1

  0
LINE
  5
D6
330
D4
100
AcDbEntity
  8
0
 62
    55
440
 16777216
370
    -2
100
AcDbLine
 10
-383.8647169085172
 20
-98.60626444344967
 30
0.0
 11
-464.9563728883239
 21
-98.60626444344969
 31
0.0
  0
LINE
  5
D7
330
D4
100
AcDbEntity
  8
0
 62
    55
440
 16777216
370
    -2
100
AcDbLine
 10
-383.8647169085172
 20
-138.6062644434497
 30
0.0
 11
-464.9563728883238
 21
-138.6062644434497
 31
0.0
  0
LINE
  5
D8
330
D4
100
AcDbEntity
  8
0
 62
    55
440
 16777216
370
    -2
100
AcDbLine
 10
-454.9563728883239
 20
-63.60626444344967
 30
0.0
 11
-454.9563728883239
 21
-28.60626444344967
 31
0.0
  0
LINE
  5
D9
330
D4
100
AcDbEntity
  8
0
 62
    55
440
 16777216
370
    -2
100
AcDbLine
 10
-454.9563728883238
 20
-173.6062644434497
 30
0.0
 11
-454.9563728883238
 21
-208.6062644434497
 31
0.0
  0
LINE
  5
DA
330
D4
100
AcDbEntity
  8
0
 62
    55
440
 16777216
370
    -2
100
AcDbLine
 10
-454.9563728883238
 20
-208.6062644434497
 30
0.0
 11
-527.6679279567464
 21
-208.6062644434497
 31
0.0
  0
LINE
  5
DB
330
D4
100
AcDbEntity
  8
0
 62
    55
440
 16777216
370
    -2
100
AcDbLine
 10
-454.9563728883239
 20
-98.60626444344969
 30
0.0
 11
-454.9563728883238
 21
-138.6062644434497
 31
0.0
  0
SOLID
  5
DC
330
D4
100
AcDbEntity
  8
0
 62
    55
440
 16777216
100
AcDbTrace
 10
-460.7897062216572
 20
-63.60626444344967
 30
0.0
 11
-449.1230395549906
 21
-63.60626444344967
 31
0.0
 12
-454.9563728883239
 22
-98.60626444344969
 32
0.0
 13
-454.9563728883239
 23
-98.60626444344969
 33
0.0
  0
SOLID
  5
DD
330
D4
100
AcDbEntity
  8
0
 62
    55
440
 16777216
100
AcDbTrace
 10
-460.7897062216571
 20
-173.6062644434497
 30
0.0
 11
-449.1230395549905
 21
-173.6062644434497
 31
0.0
 12
-454.9563728883238
 22
-138.6062644434497
 32
0.0
 13
-454.9563728883238
 23
-138.6062644434497
 33
0.0
  0
MTEXT
  5
DE
330
D4
100
AcDbEntity
  8
0
 62
     1
440
 16777216
100
AcDbMText
 10
-496.3121504225351
 20
-181.1062644434495
 30
0.0
 40
35.0
 41
0.0
 71
     5
 72
     1
  1
\A1;25
  7
010018$0$DIM
 73
     1
 44
1.0
  0
POINT
  5
DF
330
D4
100
AcDbEntity
  8
Defpoints
 62
     0
440
 16777216
100
AcDbPoint
 10
-363.8647169085172
 20
-98.60626444344967
 30
0.0
  0
POINT
  5
E0
330
D4
100
AcDbEntity
  8
Defpoints
 62
     0
440
 16777216
100
AcDbPoint
 10
-363.8647169085172
 20
-138.6062644434497
 30
0.0
  0
POINT
  5
E1
330
D4
100
AcDbEntity
  8
Defpoints
 62
     0
440
 16777216
100
AcDbPoint
 10
-454.9563728883238
 20
-138.6062644434497
 30
0.0
  0
ENDBLK
  5
E2
330
D4
100
AcDbEntity
  8
0
 62
     7
100
AcDbBlockEnd
  0
BLOCK
  5
115
330
114
100
AcDbEntity
  8
0
100
AcDbBlockBegin
  2
*D9
 70
     1
 10
0.0
 20
0.0
 30
0.0
  3
*D9
  1

  0
LINE
  5
116
330
114
100
AcDbEntity
  8
0
 62
    55
440
 16777216
370
    -2
100
AcDbLine
 10
140162.5914221827
 20
-167139.0781103671
 30
0.0
 11
140152.5914221831
 21
-167139.0781103671
 31
0.0
  0
LINE
  5
117
330
114
100
AcDbEntity
  8
0
 62
    55
440
 16777216
370
    -2
100
AcDbLine
 10
140162.5914221827
 20
-167839.0781103667
 30
0.0
 11
140152.5914221831
 21
-167839.0781103667
 31
0.0
  0
LINE
  5
118
330
114
100
AcDbEntity
  8
0
 62
    55
440
 16777216
370
    -2
100
AcDbLine
 10
140142.5914221831
 20
-167169.0781103671
 30
0.0
 11
140142.5914221831
 21
-167809.0781103667
 31
0.0
  0
SOLID
  5
119
330
114
100
AcDbEntity
  8
0
 62
    55
440
 16777216
100
AcDbTrace
 10
140137.5914221831
 20
-167169.0781103671
 30
0.0
 11
140147.5914221831
 21
-167169.0781103671
 31
0.0
 12
140142.5914221831
 22
-167139.0781103671
 32
0.0
 13
140142.5914221831
 23
-167139.0781103671
 33
0.0
  0
SOLID
  5
11A
330
114
100
AcDbEntity
  8
0
 62
    55
440
 16777216
100
AcDbTrace
 10
140137.5914221831
 20
-167809.0781103667
 30
0.0
 11
140147.5914221831
 21
-167809.0781103667
 31
0.0
 12
140142.5914221831
 22
-167839.0781103667
 32
0.0
 13
140142.5914221831
 23
-167839.0781103667
 33
0.0
  0
MTEXT
  5
11B
330
114
100
AcDbEntity
  8
0
 62
     1
440
 16777216
100
AcDbMText
 10
140115.0914221831
 20
-167489.0781103669
 30
0.0
 40
35.0
 41
0.0
 71
     5
 72
     1
  1
\A1;700
  7
010018$0$DIM
 11
6.123233995736766E-17
 21
1.0
 31
0.0
 73
     1
 44
1.0
  0
POINT
  5
11C
330
114
100
AcDbEntity
  8
Defpoints
 62
     0
440
 16777216
100
AcDbPoint
 10
140142.5914221827
 20
-167139.0781103671
 30
0.0
  0
POINT
  5
11D
330
114
100
AcDbEntity
  8
Defpoints
 62
     0
440
 16777216
100
AcDbPoint
 10
140142.5914221827
 20
-167839.0781103667
 30
0.0
  0
POINT
  5
11E
330
114
100
AcDbEntity
  8
Defpoints
 62
     0
440
 16777216
100
AcDbPoint
 10
140142.5914221831
 20
-167839.0781103667
 30
0.0
  0
ENDBLK
  5
11F
330
114
100
AcDbEntity
  8
0
100
AcDbBlockEnd
  0
BLOCK
  5
122
330
121
100
AcDbEntity
  8
0
100
AcDbBlockBegin
  2
*D10
 70
     1
 10
0.0
 20
0.0
 30
0.0
  3
*D10
  1

  0
LINE
  5
123
330
121
100
AcDbEntity
  8
0
 62
    55
440
 16777216
370
    -2
100
AcDbLine
 10
140162.5914221827
 20
-166436.0781103667
 30
0.0
 11
140152.5914221831
 21
-166436.0781103667
 31
0.0
  0
LINE
  5
124
330
121
100
AcDbEntity
  8
0
 62
    55
440
 16777216
370
    -2
100
AcDbLine
 10
140162.5914221827
 20
-167089.0781103671
 30
0.0
 11
140152.5914221831
 21
-167089.0781103671
 31
0.0
  0
LINE
  5
125
330
121
100
AcDbEntity
  8
0
 62
    55
440
 16777216
370
    -2
100
AcDbLine
 10
140142.5914221831
 20
-166466.0781103667
 30
0.0
 11
140142.5914221831
 21
-167059.0781103671
 31
0.0
  0
SOLID
  5
126
330
121
100
AcDbEntity
  8
0
 62
    55
440
 16777216
100
AcDbTrace
 10
140137.5914221831
 20
-166466.0781103667
 30
0.0
 11
140147.5914221831
 21
-166466.0781103667
 31
0.0
 12
140142.5914221831
 22
-166436.0781103667
 32
0.0
 13
140142.5914221831
 23
-166436.0781103667
 33
0.0
  0
SOLID
  5
127
330
121
100
AcDbEntity
  8
0
 62
    55
440
 16777216
100
AcDbTrace
 10
140137.5914221831
 20
-167059.0781103671
 30
0.0
 11
140147.5914221831
 21
-167059.0781103671
 31
0.0
 12
140142.5914221831
 22
-167089.0781103671
 32
0.0
 13
140142.5914221831
 23
-167089.0781103671
 33
0.0
  0
MTEXT
  5
128
330
121
100
AcDbEntity
  8
0
 62
     1
440
 16777216
100
AcDbMText
 10
140115.0914221831
 20
-166762.5781103669
 30
0.0
 40
35.0
 41
0.0
 71
     5
 72
     1
  1
\A1;653
  7
010018$0$DIM
 11
6.123233995736766E-17
 21
1.0
 31
0.0
 73
     1
 44
1.0
  0
POINT
  5
129
330
121
100
AcDbEntity
  8
Defpoints
 62
     0
440
 16777216
100
AcDbPoint
 10
140142.5914221827
 20
-166436.0781103667
 30
0.0
  0
POINT
  5
12A
330
121
100
AcDbEntity
  8
Defpoints
 62
     0
440
 16777216
100
AcDbPoint
 10
140142.5914221827
 20
-167089.0781103671
 30
0.0
  0
POINT
  5
12B
330
121
100
AcDbEntity
  8
Defpoints
 62
     0
440
 16777216
100
AcDbPoint
 10
140142.5914221831
 20
-167089.0781103671
 30
0.0
  0
ENDBLK
  5
12C
330
121
100
AcDbEntity
  8
0
100
AcDbBlockEnd
  0
BLOCK
  5
137
330
136
100
AcDbEntity
  8
0
100
AcDbBlockBegin
  2
*D11
 70
     1
 10
0.0
 20
0.0
 30
0.0
  3
*D11
  1

  0
LINE
  5
138
330
136
100
AcDbEntity
  8
0
 62
    55
440
 16777216
370
    -2
100
AcDbLine
 10
140162.5914221827
 20
-165733.0781103662
 30
0.0
 11
140152.5914221831
 21
-165733.0781103662
 31
0.0
  0
LINE
  5
139
330
136
100
AcDbEntity
  8
0
 62
    55
440
 16777216
370
    -2
100
AcDbLine
 10
140162.5914221827
 20
-166386.0781103667
 30
0.0
 11
140152.5914221831
 21
-166386.0781103667
 31
0.0
  0
LINE
  5
13A
330
136
100
AcDbEntity
  8
0
 62
    55
440
 16777216
370
    -2
100
AcDbLine
 10
140142.5914221831
 20
-165763.0781103662
 30
0.0
 11
140142.5914221831
 21
-166356.0781103667
 31
0.0
  0
SOLID
  5
13B
330
136
100
AcDbEntity
  8
0
 62
    55
440
 16777216
100
AcDbTrace
 10
140137.5914221831
 20
-165763.0781103662
 30
0.0
 11
140147.5914221831
 21
-165763.0781103662
 31
0.0
 12
140142.5914221831
 22
-165733.0781103662
 32
0.0
 13
140142.5914221831
 23
-165733.0781103662
 33
0.0
  0
SOLID
  5
13C
330
136
100
AcDbEntity
  8
0
 62
    55
440
 16777216
100
AcDbTrace
 10
140137.5914221831
 20
-166356.0781103667
 30
0.0
 11
140147.5914221831
 21
-166356.0781103667
 31
0.0
 12
140142.5914221831
 22
-166386.0781103667
 32
0.0
 13
140142.5914221831
 23
-166386.0781103667
 33
0.0
  0
MTEXT
  5
13D
330
136
100
AcDbEntity
  8
0
 62
     1
440
 16777216
100
AcDbMText
 10
140115.0914221831
 20
-166059.5781103664
 30
0.0
 40
35.0
 41
0.0
 71
     5
 72
     1
  1
\A1;653
  7
010018$0$DIM
 11
6.123233995736766E-17
 21
1.0
 31
0.0
 73
     1
 44
1.0
  0
POINT
  5
13E
330
136
100
AcDbEntity
  8
Defpoints
 62
     0
440
 16777216
100
AcDbPoint
 10
140142.5914221827
 20
-165733.0781103662
 30
0.0
  0
POINT
  5
13F
330
136
100
AcDbEntity
  8
Defpoints
 62
     0
440
 16777216
100
AcDbPoint
 10
140142.5914221827
 20
-166386.0781103667
 30
0.0
  0
POINT
  5
140
330
136
100
AcDbEntity
  8
Defpoints
 62
     0
440
 16777216
100
AcDbPoint
 10
140142.5914221831
 20
-166386.0781103667
 30
0.0
  0
ENDBLK
  5
141
330
136
100
AcDbEntity
  8
0
100
AcDbBlockEnd
  0
BLOCK
  5
147
330
146
100
AcDbEntity
  8
0
100
AcDbBlockBegin
  2
*D12
 70
     1
 10
0.0
 20
0.0
 30
0.0
  3
*D12
  1

  0
LINE
  5
148
330
146
100
AcDbEntity
  8
0
 62
    55
440
 16777216
370
    -2
100
AcDbLine
 10
140342.5914221829
 20
-165603.0781103662
 30
0.0
 11
140342.5914221829
 21
-165613.0781103662
 31
0.0
  0
LINE
  5
149
330
146
100
AcDbEntity
  8
0
 62
    55
440
 16777216
370
    -2
100
AcDbLine
 10
139410.5914221829
 20
-165603.0781103662
 30
0.0
 11
139410.5914221829
 21
-165613.0781103662
 31
0.0
  0
LINE
  5
14A
330
146
100
AcDbEntity
  8
0
 62
    55
440
 16777216
370
    -2
100
AcDbLine
 10
140312.5914221829
 20
-165623.0781103662
 30
0.0
 11
139440.5914221829
 21
-165623.0781103662
 31
0.0
  0
SOLID
  5
14B
330
146
100
AcDbEntity
  8
0
 62
    55
440
 16777216
100
AcDbTrace
 10
140312.5914221829
 20
-165618.0781103662
 30
0.0
 11
140312.5914221829
 21
-165628.0781103662
 31
0.0
 12
140342.5914221829
 22
-165623.0781103662
 32
0.0
 13
140342.5914221829
 23
-165623.0781103662
 33
0.0
  0
SOLID
  5
14C
330
146
100
AcDbEntity
  8
0
 62
    55
440
 16777216
100
AcDbTrace
 10
139440.5914221829
 20
-165618.0781103662
 30
0.0
 11
139440.5914221829
 21
-165628.0781103662
 31
0.0
 12
139410.5914221829
 22
-165623.0781103662
 32
0.0
 13
139410.5914221829
 23
-165623.0781103662
 33
0.0
  0
MTEXT
  5
14D
330
146
100
AcDbEntity
  8
0
 62
     1
440
 16777216
100
AcDbMText
 10
139876.5914221829
 20
-165595.5781103662
 30
0.0
 40
35.0
 41
0.0
 71
     5
 72
     1
  1
\A1;932
  7
010018$0$DIM
 73
     1
 44
1.0
  0
POINT
  5
14E
330
146
100
AcDbEntity
  8
Defpoints
 62
     0
440
 16777216
100
AcDbPoint
 10
140342.5914221829
 20
-165623.0781103662
 30
0.0
  0
POINT
  5
14F
330
146
100
AcDbEntity
  8
Defpoints
 62
     0
440
 16777216
100
AcDbPoint
 10
139410.5914221829
 20
-165623.0781103662
 30
0.0
  0
POINT
  5
150
330
146
100
AcDbEntity
  8
Defpoints
 62
     0
440
 16777216
100
AcDbPoint
 10
139410.5914221829
 20
-165623.0781103662
 30
0.0
  0
ENDBLK
  5
151
330
146
100
AcDbEntity
  8
0
100
AcDbBlockEnd
  0
BLOCK
  5
154
330
153
100
AcDbEntity
  8
0
100
AcDbBlockBegin
  2
*D13
 70
     1
 10
0.0
 20
0.0
 30
0.0
  3
*D13
  1

  0
LINE
  5
155
330
153
100
AcDbEntity
  8
0
 62
    55
440
 16777216
370
    -2
100
AcDbLine
 10
140162.5914221827
 20
-164983.0781103662
 30
0.0
 11
140152.5914221831
 21
-164983.0781103662
 31
0.0
  0
LINE
  5
156
330
153
100
AcDbEntity
  8
0
 62
    55
440
 16777216
370
    -2
100
AcDbLine
 10
140162.5914221827
 20
-165683.0781103662
 30
0.0
 11
140152.5914221831
 21
-165683.0781103662
 31
0.0
  0
LINE
  5
157
330
153
100
AcDbEntity
  8
0
 62
    55
440
 16777216
370
    -2
100
AcDbLine
 10
140142.5914221831
 20
-165013.0781103662
 30
0.0
 11
140142.5914221831
 21
-165653.0781103662
 31
0.0
  0
SOLID
  5
158
330
153
100
AcDbEntity
  8
0
 62
    55
440
 16777216
100
AcDbTrace
 10
140137.5914221831
 20
-165013.0781103662
 30
0.0
 11
140147.5914221831
 21
-165013.0781103662
 31
0.0
 12
140142.5914221831
 22
-164983.0781103662
 32
0.0
 13
140142.5914221831
 23
-164983.0781103662
 33
0.0
  0
SOLID
  5
159
330
153
100
AcDbEntity
  8
0
 62
    55
440
 16777216
100
AcDbTrace
 10
140137.5914221831
 20
-165653.0781103662
 30
0.0
 11
140147.5914221831
 21
-165653.0781103662
 31
0.0
 12
140142.5914221831
 22
-165683.0781103662
 32
0.0
 13
140142.5914221831
 23
-165683.0781103662
 33
0.0
  0
MTEXT
  5
15A
330
153
100
AcDbEntity
  8
0
 62
     1
440
 16777216
100
AcDbMText
 10
140115.0914221831
 20
-165333.0781103662
 30
0.0
 40
35.0
 41
0.0
 71
     5
 72
     1
  1
\A1;700
  7
010018$0$DIM
 11
6.123233995736766E-17
 21
1.0
 31
0.0
 73
     1
 44
1.0
  0
POINT
  5
15B
330
153
100
AcDbEntity
  8
Defpoints
 62
     0
440
 16777216
100
AcDbPoint
 10
140142.5914221827
 20
-164983.0781103662
 30
0.0
  0
POINT
  5
15C
330
153
100
AcDbEntity
  8
Defpoints
 62
     0
440
 16777216
100
AcDbPoint
 10
140142.5914221827
 20
-165683.0781103662
 30
0.0
  0
POINT
  5
15D
330
153
100
AcDbEntity
  8
Defpoints
 62
     0
440
 16777216
100
AcDbPoint
 10
140142.5914221831
 20
-165683.0781103662
 30
0.0
  0
ENDBLK
  5
15E
330
153
100
AcDbEntity
  8
0
100
AcDbBlockEnd
  0
BLOCK
  5
164
330
163
100
AcDbEntity
  8
0
100
AcDbBlockBegin
  2
*D14
 70
     1
 10
0.0
 20
0.0
 30
0.0
  3
*D14
  1

  0
LINE
  5
165
330
163
100
AcDbEntity
  8
0
 62
    55
440
 16777216
370
    -2
100
AcDbLine
 10
139458.5914235781
 20
-164908.5781103657
 30
0.0
 11
139458.5914235781
 21
-164808.0781103658
 31
0.0
  0
LINE
  5
166
330
163
100
AcDbEntity
  8
0
 62
    55
440
 16777216
370
    -2
100
AcDbLine
 10
139408.591423578
 20
-164918.0781103657
 30
0.0
 11
139408.591423578
 21
-164808.0781103657
 31
0.0
  0
LINE
  5
167
330
163
100
AcDbEntity
  8
0
 62
    55
440
 16777216
370
    -2
100
AcDbLine
 10
139488.5914235781
 20
-164818.0781103658
 30
0.0
 11
139518.5914235781
 21
-164818.0781103658
 31
0.0
  0
LINE
  5
168
330
163
100
AcDbEntity
  8
0
 62
    55
440
 16777216
370
    -2
100
AcDbLine
 10
139378.591423578
 20
-164818.0781103657
 30
0.0
 11
139267.785857742
 21
-164818.0781103657
 31
0.0
  0
LINE
  5
169
330
163
100
AcDbEntity
  8
0
 62
    55
440
 16777216
370
    -2
100
AcDbLine
 10
139458.5914235781
 20
-164818.0781103658
 30
0.0
 11
139408.591423578
 21
-164818.0781103657
 31
0.0
  0
SOLID
  5
16A
330
163
100
AcDbEntity
  8
0
 62
    55
440
 16777216
100
AcDbTrace
 10
139488.5914235781
 20
-164813.0781103658
 30
0.0
 11
139488.5914235781
 21
-164823.0781103658
 31
0.0
 12
139458.5914235781
 22
-164818.0781103658
 32
0.0
 13
139458.5914235781
 23
-164818.0781103658
 33
0.0
  0
SOLID
  5
16B
330
163
100
AcDbEntity
  8
0
 62
    55
440
 16777216
100
AcDbTrace
 10
139378.591423578
 20
-164813.0781103657
 30
0.0
 11
139378.591423578
 21
-164823.0781103657
 31
0.0
 12
139408.591423578
 22
-164818.0781103657
 32
0.0
 13
139408.591423578
 23
-164818.0781103657
 33
0.0
  0
MTEXT
  5
16C
330
163
100
AcDbEntity
  8
0
 62
     1
440
 16777216
100
AcDbMText
 10
139308.18864066
 20
-164790.5781103657
 30
0.0
 40
35.0
 41
0.0
 71
     5
 72
     1
  1
\A1;50
  7
010018$0$DIM
 73
     1
 44
1.0
  0
POINT
  5
16D
330
163
100
AcDbEntity
  8
Defpoints
 62
     0
440
 16777216
100
AcDbPoint
 10
139458.5914235781
 20
-164928.5781103657
 30
0.0
  0
POINT
  5
16E
330
163
100
AcDbEntity
  8
Defpoints
 62
     0
440
 16777216
100
AcDbPoint
 10
139408.591423578
 20
-164938.0781103657
 30
0.0
  0
POINT
  5
16F
330
163
100
AcDbEntity
  8
Defpoints
 62
     0
440
 16777216
100
AcDbPoint
 10
139408.591423578
 20
-164818.0781103657
 30
0.0
  0
ENDBLK
  5
170
330
163
100
AcDbEntity
  8
0
100
AcDbBlockEnd
  0
BLOCK
  5
174
330
173
100
AcDbEntity
  8
0
100
AcDbBlockBegin
  2
*D15
 70
     1
 10
0.0
 20
0.0
 30
0.0
  3
*D15
  1

  0
LINE
  5
175
330
173
100
AcDbEntity
  8
0
 62
    55
440
 16777216
370
    -2
100
AcDbLine
 10
139737.2580893147
 20
-164908.5781103658
 30
0.0
 11
139737.2580893147
 21
-164808.0781103657
 31
0.0
  0
LINE
  5
176
330
173
100
AcDbEntity
  8
0
 62
    55
440
 16777216
370
    -2
100
AcDbLine
 10
139458.5914235781
 20
-164908.5781103657
 30
0.0
 11
139458.5914235781
 21
-164808.0781103657
 31
0.0
  0
LINE
  5
177
330
173
100
AcDbEntity
  8
0
 62
    55
440
 16777216
370
    -2
100
AcDbLine
 10
139707.2580893147
 20
-164818.0781103657
 30
0.0
 11
139488.5914235781
 21
-164818.0781103657
 31
0.0
  0
SOLID
  5
178
330
173
100
AcDbEntity
  8
0
 62
    55
440
 16777216
100
AcDbTrace
 10
139707.2580893147
 20
-164813.0781103657
 30
0.0
 11
139707.2580893147
 21
-164823.0781103657
 31
0.0
 12
139737.2580893147
 22
-164818.0781103657
 32
0.0
 13
139737.2580893147
 23
-164818.0781103657
 33
0.0
  0
SOLID
  5
179
330
173
100
AcDbEntity
  8
0
 62
    55
440
 16777216
100
AcDbTrace
 10
139488.5914235781
 20
-164813.0781103657
 30
0.0
 11
139488.5914235781
 21
-164823.0781103657
 31
0.0
 12
139458.5914235781
 22
-164818.0781103657
 32
0.0
 13
139458.5914235781
 23
-164818.0781103657
 33
0.0
  0
MTEXT
  5
17A
330
173
100
AcDbEntity
  8
0
 62
     1
440
 16777216
100
AcDbMText
 10
139597.9247564464
 20
-164790.5781103657
 30
0.0
 40
35.0
 41
0.0
 71
     5
 72
     1
  1
\A1;278.7
  7
010018$0$DIM
 73
     1
 44
1.0
  0
POINT
  5
17B
330
173
100
AcDbEntity
  8
Defpoints
 62
     0
440
 16777216
100
AcDbPoint
 10
139737.2580893147
 20
-164928.5781103658
 30
0.0
  0
POINT
  5
17C
330
173
100
AcDbEntity
  8
Defpoints
 62
     0
440
 16777216
100
AcDbPoint
 10
139458.5914235781
 20
-164928.5781103657
 30
0.0
  0
POINT
  5
17D
330
173
100
AcDbEntity
  8
Defpoints
 62
     0
440
 16777216
100
AcDbPoint
 10
139458.5914235781
 20
-164818.0781103657
 30
0.0
  0
ENDBLK
  5
17E
330
173
100
AcDbEntity
  8
0
100
AcDbBlockEnd
  0
BLOCK
  5
184
330
183
100
AcDbEntity
  8
0
100
AcDbBlockBegin
  2
*D16
 70
     1
 10
0.0
 20
0.0
 30
0.0
  3
*D16
  1

  0
LINE
  5
185
330
183
100
AcDbEntity
  8
0
 62
    55
440
 16777216
370
    -2
100
AcDbLine
 10
140015.9247550513
 20
-164908.5781103658
 30
0.0
 11
140015.9247550513
 21
-164808.0781103658
 31
0.0
  0
LINE
  5
186
330
183
100
AcDbEntity
  8
0
 62
    55
440
 16777216
370
    -2
100
AcDbLine
 10
139737.2580893147
 20
-164908.5781103658
 30
0.0
 11
139737.2580893147
 21
-164808.0781103658
 31
0.0
  0
LINE
  5
187
330
183
100
AcDbEntity
  8
0
 62
    55
440
 16777216
370
    -2
100
AcDbLine
 10
139985.9247550513
 20
-164818.0781103658
 30
0.0
 11
139767.2580893147
 21
-164818.0781103658
 31
0.0
  0
SOLID
  5
188
330
183
100
AcDbEntity
  8
0
 62
    55
440
 16777216
100
AcDbTrace
 10
139985.9247550513
 20
-164813.0781103658
 30
0.0
 11
139985.9247550513
 21
-164823.0781103658
 31
0.0
 12
140015.9247550513
 22
-164818.0781103658
 32
0.0
 13
140015.9247550513
 23
-164818.0781103658
 33
0.0
  0
SOLID
  5
189
330
183
100
AcDbEntity
  8
0
 62
    55
440
 16777216
100
AcDbTrace
 10
139767.2580893147
 20
-164813.0781103658
 30
0.0
 11
139767.2580893147
 21
-164823.0781103658
 31
0.0
 12
139737.2580893147
 22
-164818.0781103658
 32
0.0
 13
139737.2580893147
 23
-164818.0781103658
 33
0.0
  0
MTEXT
  5
18A
330
183
100
AcDbEntity
  8
0
 62
     1
440
 16777216
100
AcDbMText
 10
139876.591422183
 20
-164790.5781103658
 30
0.0
 40
35.0
 41
0.0
 71
     5
 72
     1
  1
\A1;278.7
  7
010018$0$DIM
 73
     1
 44
1.0
  0
POINT
  5
18B
330
183
100
AcDbEntity
  8
Defpoints
 62
     0
440
 16777216
100
AcDbPoint
 10
140015.9247550513
 20
-164928.5781103658
 30
0.0
  0
POINT
  5
18C
330
183
100
AcDbEntity
  8
Defpoints
 62
     0
440
 16777216
100
AcDbPoint
 10
139737.2580893147
 20
-164928.5781103658
 30
0.0
  0
POINT
  5
18D
330
183
100
AcDbEntity
  8
Defpoints
 62
     0
440
 16777216
100
AcDbPoint
 10
139737.2580893147
 20
-164818.0781103658
 30
0.0
  0
ENDBLK
  5
18E
330
183
100
AcDbEntity
  8
0
100
AcDbBlockEnd
  0
BLOCK
  5
192
330
191
100
AcDbEntity
  8
0
100
AcDbBlockBegin
  2
*D17
 70
     1
 10
0.0
 20
0.0
 30
0.0
  3
*D17
  1

  0
LINE
  5
193
330
191
100
AcDbEntity
  8
0
 62
    55
440
 16777216
370
    -2
100
AcDbLine
 10
140294.5914207879
 20
-164908.5781103658
 30
0.0
 11
140294.5914207879
 21
-164808.0781103658
 31
0.0
  0
LINE
  5
194
330
191
100
AcDbEntity
  8
0
 62
    55
440
 16777216
370
    -2
100
AcDbLine
 10
140015.9247550513
 20
-164908.5781103658
 30
0.0
 11
140015.9247550513
 21
-164808.0781103658
 31
0.0
  0
LINE
  5
195
330
191
100
AcDbEntity
  8
0
 62
    55
440
 16777216
370
    -2
100
AcDbLine
 10
140264.5914207879
 20
-164818.0781103658
 30
0.0
 11
140045.9247550513
 21
-164818.0781103658
 31
0.0
  0
SOLID
  5
196
330
191
100
AcDbEntity
  8
0
 62
    55
440
 16777216
100
AcDbTrace
 10
140264.5914207879
 20
-164813.0781103658
 30
0.0
 11
140264.5914207879
 21
-164823.0781103658
 31
0.0
 12
140294.5914207879
 22
-164818.0781103658
 32
0.0
 13
140294.5914207879
 23
-164818.0781103658
 33
0.0
  0
SOLID
  5
197
330
191
100
AcDbEntity
  8
0
 62
    55
440
 16777216
100
AcDbTrace
 10
140045.9247550513
 20
-164813.0781103658
 30
0.0
 11
140045.9247550513
 21
-164823.0781103658
 31
0.0
 12
140015.9247550513
 22
-164818.0781103658
 32
0.0
 13
140015.9247550513
 23
-164818.0781103658
 33
0.0
  0
MTEXT
  5
198
330
191
100
AcDbEntity
  8
0
 62
     1
440
 16777216
100
AcDbMText
 10
140155.2580879196
 20
-164790.5781103658
 30
0.0
 40
35.0
 41
0.0
 71
     5
 72
     1
  1
\A1;278.7
  7
010018$0$DIM
 73
     1
 44
1.0
  0
POINT
  5
199
330
191
100
AcDbEntity
  8
Defpoints
 62
     0
440
 16777216
100
AcDbPoint
 10
140294.5914207879
 20
-164928.5781103658
 30
0.0
  0
POINT
  5
19A
330
191
100
AcDbEntity
  8
Defpoints
 62
     0
440
 16777216
100
AcDbPoint
 10
140015.9247550513
 20
-164928.5781103658
 30
0.0
  0
POINT
  5
19B
330
191
100
AcDbEntity
  8
Defpoints
 62
     0
440
 16777216
100
AcDbPoint
 10
140015.9247550513
 20
-164818.0781103658
 30
0.0
  0
ENDBLK
  5
19C
330
191
100
AcDbEntity
  8
0
100
AcDbBlockEnd
  0
BLOCK
  5
1A0
330
19F
100
AcDbEntity
  8
0
100
AcDbBlockBegin
  2
*D18
 70
     1
 10
0.0
 20
0.0
 30
0.0
  3
*D18
  1

  0
LINE
  5
1A1
330
19F
100
AcDbEntity
  8
0
 62
    55
440
 16777216
370
    -2
100
AcDbLine
 10
140344.5914207879
 20
-164918.0781103658
 30
0.0
 11
140344.5914207879
 21
-164808.0781103658
 31
0.0
  0
LINE
  5
1A2
330
19F
100
AcDbEntity
  8
0
 62
    55
440
 16777216
370
    -2
100
AcDbLine
 10
140294.5914207879
 20
-164908.5781103658
 30
0.0
 11
140294.5914207879
 21
-164808.0781103658
 31
0.0
  0
LINE
  5
1A3
330
19F
100
AcDbEntity
  8
0
 62
    55
440
 16777216
370
    -2
100
AcDbLine
 10
140264.5914207879
 20
-164818.0781103658
 30
0.0
 11
140234.5914207879
 21
-164818.0781103658
 31
0.0
  0
LINE
  5
1A4
330
19F
100
AcDbEntity
  8
0
 62
    55
440
 16777216
370
    -2
100
AcDbLine
 10
140374.5914207879
 20
-164818.0781103658
 30
0.0
 11
140485.3969866239
 21
-164818.0781103658
 31
0.0
  0
LINE
  5
1A5
330
19F
100
AcDbEntity
  8
0
 62
    55
440
 16777216
370
    -2
100
AcDbLine
 10
140294.5914207879
 20
-164818.0781103658
 30
0.0
 11
140344.5914207879
 21
-164818.0781103658
 31
0.0
  0
SOLID
  5
1A6
330
19F
100
AcDbEntity
  8
0
 62
    55
440
 16777216
100
AcDbTrace
 10
140264.5914207879
 20
-164813.0781103658
 30
0.0
 11
140264.5914207879
 21
-164823.0781103658
 31
0.0
 12
140294.5914207879
 22
-164818.0781103658
 32
0.0
 13
140294.5914207879
 23
-164818.0781103658
 33
0.0
  0
SOLID
  5
1A7
330
19F
100
AcDbEntity
  8
0
 62
    55
440
 16777216
100
AcDbTrace
 10
140374.5914207879
 20
-164813.0781103658
 30
0.0
 11
140374.5914207879
 21
-164823.0781103658
 31
0.0
 12
140344.5914207879
 22
-164818.0781103658
 32
0.0
 13
140344.5914207879
 23
-164818.0781103658
 33
0.0
  0
MTEXT
  5
1A8
330
19F
100
AcDbEntity
  8
0
 62
     1
440
 16777216
100
AcDbMText
 10
140444.9942037059
 20
-164790.5781103658
 30
0.0
 40
35.0
 41
0.0
 71
     5
 72
     1
  1
\A1;50
  7
010018$0$DIM
 73
     1
 44
1.0
  0
POINT
  5
1A9
330
19F
100
AcDbEntity
  8
Defpoints
 62
     0
440
 16777216
100
AcDbPoint
 10
140344.5914207879
 20
-164938.0781103658
 30
0.0
  0
POINT
  5
1AA
330
19F
100
AcDbEntity
  8
Defpoints
 62
     0
440
 16777216
100
AcDbPoint
 10
140294.5914207879
 20
-164928.5781103658
 30
0.0
  0
POINT
  5
1AB
330
19F
100
AcDbEntity
  8
Defpoints
 62
     0
440
 16777216
100
AcDbPoint
 10
140294.5914207879
 20
-164818.0781103658
 30
0.0
  0
ENDBLK
  5
1AC
330
19F
100
AcDbEntity
  8
0
100
AcDbBlockEnd
  0
BLOCK
  5
1B0
330
1AF
100
AcDbEntity
  8
0
100
AcDbBlockBegin
  2
*D19
 70
     1
 10
0.0
 20
0.0
 30
0.0
  3
*D19
  1

  0
LINE
  5
1B1
330
1AF
100
AcDbEntity
  8
0
 62
    55
440
 16777216
370
    -2
100
AcDbLine
 10
140421.0914221828
 20
-167770.0781103668
 30
0.0
 11
140521.5914221838
 21
-167770.0781103668
 31
0.0
  0
LINE
  5
1B2
330
1AF
100
AcDbEntity
  8
0
 62
    55
440
 16777216
370
    -2
100
AcDbLine
 10
140411.5914221827
 20
-167820.0781103668
 30
0.0
 11
140521.5914221838
 21
-167820.0781103668
 31
0.0
  0
LINE
  5
1B3
330
1AF
100
AcDbEntity
  8
0
 62
    55
440
 16777216
370
    -2
100
AcDbLine
 10
140511.5914221838
 20
-167740.0781103668
 30
0.0
 11
140511.5914221838
 21
-167710.0781103668
 31
0.0
  0
LINE
  5
1B4
330
1AF
100
AcDbEntity
  8
0
 62
    55
440
 16777216
370
    -2
100
AcDbLine
 10
140511.5914221838
 20
-167850.0781103668
 30
0.0
 11
140511.5914221838
 21
-167880.0781103668
 31
0.0
  0
LINE
  5
1B5
330
1AF
100
AcDbEntity
  8
0
 62
    55
440
 16777216
370
    -2
100
AcDbLine
 10
140511.5914221838
 20
-167770.0781103668
 30
0.0
 11
140511.5914221838
 21
-167820.0781103668
 31
0.0
  0
SOLID
  5
1B6
330
1AF
100
AcDbEntity
  8
0
 62
    55
440
 16777216
100
AcDbTrace
 10
140506.5914221838
 20
-167740.0781103668
 30
0.0
 11
140516.5914221838
 21
-167740.0781103668
 31
0.0
 12
140511.5914221838
 22
-167770.0781103668
 32
0.0
 13
140511.5914221838
 23
-167770.0781103668
 33
0.0
  0
SOLID
  5
1B7
330
1AF
100
AcDbEntity
  8
0
 62
    55
440
 16777216
100
AcDbTrace
 10
140506.5914221838
 20
-167850.0781103668
 30
0.0
 11
140516.5914221838
 21
-167850.0781103668
 31
0.0
 12
140511.5914221838
 22
-167820.0781103668
 32
0.0
 13
140511.5914221838
 23
-167820.0781103668
 33
0.0
  0
MTEXT
  5
1B8
330
1AF
100
AcDbEntity
  8
0
 62
     1
440
 16777216
100
AcDbMText
 10
140484.0914221837
 20
-167795.0781103668
 30
0.0
 40
35.0
 41
0.0
 71
     5
 72
     1
  1
\A1;50
  7
010018$0$DIM
 11
6.123233995736766E-17
 21
1.0
 31
0.0
 73
     1
 44
1.0
  0
POINT
  5
1B9
330
1AF
100
AcDbEntity
  8
Defpoints
 62
     0
440
 16777216
100
AcDbPoint
 10
140401.0914221828
 20
-167770.0781103668
 30
0.0
  0
POINT
  5
1BA
330
1AF
100
AcDbEntity
  8
Defpoints
 62
     0
440
 16777216
100
AcDbPoint
 10
140391.5914221827
 20
-167820.0781103668
 30
0.0
  0
POINT
  5
1BB
330
1AF
100
AcDbEntity
  8
Defpoints
 62
     0
440
 16777216
100
AcDbPoint
 10
140511.5914221838
 20
-167820.0781103668
 30
0.0
  0
ENDBLK
  5
1BC
330
1AF
100
AcDbEntity
  8
0
100
AcDbBlockEnd
  0
BLOCK
  5
1BF
330
1BE
100
AcDbEntity
  8
0
100
AcDbBlockBegin
  2
*D20
 70
     1
 10
0.0
 20
0.0
 30
0.0
  3
*D20
  1

  0
LINE
  5
1C0
330
1BE
100
AcDbEntity
  8
0
 62
    55
440
 16777216
370
    -2
100
AcDbLine
 10
140421.091422183
 20
-167379.2209675095
 30
0.0
 11
140521.591422184
 21
-167379.2209675095
 31
0.0
  0
LINE
  5
1C1
330
1BE
100
AcDbEntity
  8
0
 62
    55
440
 16777216
370
    -2
100
AcDbLine
 10
140421.0914221828
 20
-167770.0781103668
 30
0.0
 11
140521.591422184
 21
-167770.0781103668
 31
0.0
  0
LINE
  5
1C2
330
1BE
100
AcDbEntity
  8
0
 62
    55
440
 16777216
370
    -2
100
AcDbLine
 10
140511.591422184
 20
-167409.2209675095
 30
0.0
 11
140511.591422184
 21
-167740.0781103668
 31
0.0
  0
SOLID
  5
1C3
330
1BE
100
AcDbEntity
  8
0
 62
    55
440
 16777216
100
AcDbTrace
 10
140506.591422184
 20
-167409.2209675095
 30
0.0
 11
140516.591422184
 21
-167409.2209675095
 31
0.0
 12
140511.591422184
 22
-167379.2209675095
 32
0.0
 13
140511.591422184
 23
-167379.2209675095
 33
0.0
  0
SOLID
  5
1C4
330
1BE
100
AcDbEntity
  8
0
 62
    55
440
 16777216
100
AcDbTrace
 10
140506.591422184
 20
-167740.0781103668
 30
0.0
 11
140516.591422184
 21
-167740.0781103668
 31
0.0
 12
140511.591422184
 22
-167770.0781103668
 32
0.0
 13
140511.591422184
 23
-167770.0781103668
 33
0.0
  0
MTEXT
  5
1C5
330
1BE
100
AcDbEntity
  8
0
 62
     1
440
 16777216
100
AcDbMText
 10
140484.0914221839
 20
-167574.6495389381
 30
0.0
 40
35.0
 41
0.0
 71
     5
 72
     1
  1
\A1;390.9
  7
010018$0$DIM
 11
6.123233995736766E-17
 21
1.0
 31
0.0
 73
     1
 44
1.0
  0
POINT
  5
1C6
330
1BE
100
AcDbEntity
  8
Defpoints
 62
     0
440
 16777216
100
AcDbPoint
 10
140401.091422183
 20
-167379.2209675095
 30
0.0
  0
POINT
  5
1C7
330
1BE
100
AcDbEntity
  8
Defpoints
 62
     0
440
 16777216
100
AcDbPoint
 10
140401.0914221828
 20
-167770.0781103668
 30
0.0
  0
POINT
  5
1C8
330
1BE
100
AcDbEntity
  8
Defpoints
 62
     0
440
 16777216
100
AcDbPoint
 10
140511.591422184
 20
-167770.0781103668
 30
0.0
  0
ENDBLK
  5
1C9
330
1BE
100
AcDbEntity
  8
0
100
AcDbBlockEnd
  0
BLOCK
  5
1CD
330
1CC
100
AcDbEntity
  8
0
100
AcDbBlockBegin
  2
*D21
 70
     1
 10
0.0
 20
0.0
 30
0.0
  3
*D21
  1

  0
LINE
  5
1CE
330
1CC
100
AcDbEntity
  8
0
 62
    55
440
 16777216
370
    -2
100
AcDbLine
 10
140421.0914221832
 20
-166988.3638246522
 30
0.0
 11
140521.591422184
 21
-166988.3638246522
 31
0.0
  0
LINE
  5
1CF
330
1CC
100
AcDbEntity
  8
0
 62
    55
440
 16777216
370
    -2
100
AcDbLine
 10
140421.091422183
 20
-167379.2209675095
 30
0.0
 11
140521.591422184
 21
-167379.2209675095
 31
0.0
  0
LINE
  5
1D0
330
1CC
100
AcDbEntity
  8
0
 62
    55
440
 16777216
370
    -2
100
AcDbLine
 10
140511.591422184
 20
-167018.3638246522
 30
0.0
 11
140511.591422184
 21
-167349.2209675095
 31
0.0
  0
SOLID
  5
1D1
330
1CC
100
AcDbEntity
  8
0
 62
    55
440
 16777216
100
AcDbTrace
 10
140506.591422184
 20
-167018.3638246522
 30
0.0
 11
140516.591422184
 21
-167018.3638246522
 31
0.0
 12
140511.591422184
 22
-166988.3638246522
 32
0.0
 13
140511.591422184
 23
-166988.3638246522
 33
0.0
  0
SOLID
  5
1D2
330
1CC
100
AcDbEntity
  8
0
 62
    55
440
 16777216
100
AcDbTrace
 10
140506.591422184
 20
-167349.2209675095
 30
0.0
 11
140516.591422184
 21
-167349.2209675095
 31
0.0
 12
140511.591422184
 22
-167379.2209675095
 32
0.0
 13
140511.591422184
 23
-167379.2209675095
 33
0.0
  0
MTEXT
  5
1D3
330
1CC
100
AcDbEntity
  8
0
 62
     1
440
 16777216
100
AcDbMText
 10
140484.0914221839
 20
-167183.7923960809
 30
0.0
 40
35.0
 41
0.0
 71
     5
 72
     1
  1
\A1;390.9
  7
010018$0$DIM
 11
6.123233995736766E-17
 21
1.0
 31
0.0
 73
     1
 44
1.0
  0
POINT
  5
1D4
330
1CC
100
AcDbEntity
  8
Defpoints
 62
     0
440
 16777216
100
AcDbPoint
 10
140401.0914221832
 20
-166988.3638246522
 30
0.0
  0
POINT
  5
1D5
330
1CC
100
AcDbEntity
  8
Defpoints
 62
     0
440
 16777216
100
AcDbPoint
 10
140401.091422183
 20
-167379.2209675095
 30
0.0
  0
POINT
  5
1D6
330
1CC
100
AcDbEntity
  8
Defpoints
 62
     0
440
 16777216
100
AcDbPoint
 10
140511.591422184
 20
-167379.2209675095
 30
0.0
  0
ENDBLK
  5
1D7
330
1CC
100
AcDbEntity
  8
0
100
AcDbBlockEnd
  0
BLOCK
  5
1DB
330
1DA
100
AcDbEntity
  8
0
100
AcDbBlockBegin
  2
*D22
 70
     1
 10
0.0
 20
0.0
 30
0.0
  3
*D22
  1

  0
LINE
  5
1DC
330
1DA
100
AcDbEntity
  8
0
 62
    55
440
 16777216
370
    -2
100
AcDbLine
 10
140421.0914221834
 20
-166597.5066817949
 30
0.0
 11
140521.591422184
 21
-166597.5066817949
 31
0.0
  0
LINE
  5
1DD
330
1DA
100
AcDbEntity
  8
0
 62
    55
440
 16777216
370
    -2
100
AcDbLine
 10
140421.0914221832
 20
-166988.3638246522
 30
0.0
 11
140521.591422184
 21
-166988.3638246522
 31
0.0
  0
LINE
  5
1DE
330
1DA
100
AcDbEntity
  8
0
 62
    55
440
 16777216
370
    -2
100
AcDbLine
 10
140511.591422184
 20
-166627.5066817949
 30
0.0
 11
140511.591422184
 21
-166958.3638246522
 31
0.0
  0
SOLID
  5
1DF
330
1DA
100
AcDbEntity
  8
0
 62
    55
440
 16777216
100
AcDbTrace
 10
140506.591422184
 20
-166627.5066817949
 30
0.0
 11
140516.591422184
 21
-166627.5066817949
 31
0.0
 12
140511.591422184
 22
-166597.5066817949
 32
0.0
 13
140511.591422184
 23
-166597.5066817949
 33
0.0
  0
SOLID
  5
1E0
330
1DA
100
AcDbEntity
  8
0
 62
    55
440
 16777216
100
AcDbTrace
 10
140506.591422184
 20
-166958.3638246522
 30
0.0
 11
140516.591422184
 21
-166958.3638246522
 31
0.0
 12
140511.591422184
 22
-166988.3638246522
 32
0.0
 13
140511.591422184
 23
-166988.3638246522
 33
0.0
  0
MTEXT
  5
1E1
330
1DA
100
AcDbEntity
  8
0
 62
     1
440
 16777216
100
AcDbMText
 10
140484.0914221839
 20
-166792.9352532236
 30
0.0
 40
35.0
 41
0.0
 71
     5
 72
     1
  1
\A1;390.9
  7
010018$0$DIM
 11
6.123233995736766E-17
 21
1.0
 31
0.0
 73
     1
 44
1.0
  0
POINT
  5
1E2
330
1DA
100
AcDbEntity
  8
Defpoints
 62
     0
440
 16777216
100
AcDbPoint
 10
140401.0914221834
 20
-166597.5066817949
 30
0.0
  0
POINT
  5
1E3
330
1DA
100
AcDbEntity
  8
Defpoints
 62
     0
440
 16777216
100
AcDbPoint
 10
140401.0914221832
 20
-166988.3638246522
 30
0.0
  0
POINT
  5
1E4
330
1DA
100
AcDbEntity
  8
Defpoints
 62
     0
440
 16777216
100
AcDbPoint
 10
140511.591422184
 20
-166988.3638246522
 30
0.0
  0
ENDBLK
  5
1E5
330
1DA
100
AcDbEntity
  8
0
100
AcDbBlockEnd
  0
BLOCK
  5
1E9
330
1E8
100
AcDbEntity
  8
0
100
AcDbBlockBegin
  2
*D23
 70
     1
 10
0.0
 20
0.0
 30
0.0
  3
*D23
  1

  0
LINE
  5
1EA
330
1E8
100
AcDbEntity
  8
0
 62
    55
440
 16777216
370
    -2
100
AcDbLine
 10
140421.0914221836
 20
-166206.6495389377
 30
0.0
 11
140521.591422184
 21
-166206.6495389377
 31
0.0
  0
LINE
  5
1EB
330
1E8
100
AcDbEntity
  8
0
 62
    55
440
 16777216
370
    -2
100
AcDbLine
 10
140421.0914221834
 20
-166597.5066817949
 30
0.0
 11
140521.591422184
 21
-166597.5066817949
 31
0.0
  0
LINE
  5
1EC
330
1E8
100
AcDbEntity
  8
0
 62
    55
440
 16777216
370
    -2
100
AcDbLine
 10
140511.591422184
 20
-166236.6495389377
 30
0.0
 11
140511.591422184
 21
-166567.5066817949
 31
0.0
  0
SOLID
  5
1ED
330
1E8
100
AcDbEntity
  8
0
 62
    55
440
 16777216
100
AcDbTrace
 10
140506.591422184
 20
-166236.6495389377
 30
0.0
 11
140516.591422184
 21
-166236.6495389377
 31
0.0
 12
140511.591422184
 22
-166206.6495389377
 32
0.0
 13
140511.591422184
 23
-166206.6495389377
 33
0.0
  0
SOLID
  5
1EE
330
1E8
100
AcDbEntity
  8
0
 62
    55
440
 16777216
100
AcDbTrace
 10
140506.591422184
 20
-166567.5066817949
 30
0.0
 11
140516.591422184
 21
-166567.5066817949
 31
0.0
 12
140511.591422184
 22
-166597.5066817949
 32
0.0
 13
140511.591422184
 23
-166597.5066817949
 33
0.0
  0
MTEXT
  5
1EF
330
1E8
100
AcDbEntity
  8
0
 62
     1
440
 16777216
100
AcDbMText
 10
140484.0914221839
 20
-166402.0781103663
 30
0.0
 40
35.0
 41
0.0
 71
     5
 72
     1
  1
\A1;390.9
  7
010018$0$DIM
 11
6.123233995736766E-17
 21
1.0
 31
0.0
 73
     1
 44
1.0
  0
POINT
  5
1F0
330
1E8
100
AcDbEntity
  8
Defpoints
 62
     0
440
 16777216
100
AcDbPoint
 10
140401.0914221836
 20
-166206.6495389377
 30
0.0
  0
POINT
  5
1F1
330
1E8
100
AcDbEntity
  8
Defpoints
 62
     0
440
 16777216
100
AcDbPoint
 10
140401.0914221834
 20
-166597.5066817949
 30
0.0
  0
POINT
  5
1F2
330
1E8
100
AcDbEntity
  8
Defpoints
 62
     0
440
 16777216
100
AcDbPoint
 10
140511.591422184
 20
-166597.5066817949
 30
0.0
  0
ENDBLK
  5
1F3
330
1E8
100
AcDbEntity
  8
0
100
AcDbBlockEnd
  0
BLOCK
  5
1F7
330
1F6
100
AcDbEntity
  8
0
100
AcDbBlockBegin
  2
*D24
 70
     1
 10
0.0
 20
0.0
 30
0.0
  3
*D24
  1

  0
LINE
  5
1F8
330
1F6
100
AcDbEntity
  8
0
 62
    55
440
 16777216
370
    -2
100
AcDbLine
 10
140421.0914221838
 20
-165815.7923960804
 30
0.0
 11
140521.591422184
 21
-165815.7923960804
 31
0.0
  0
LINE
  5
1F9
330
1F6
100
AcDbEntity
  8
0
 62
    55
440
 16777216
370
    -2
100
AcDbLine
 10
140421.0914221836
 20
-166206.6495389377
 30
0.0
 11
140521.591422184
 21
-166206.6495389377
 31
0.0
  0
LINE
  5
1FA
330
1F6
100
AcDbEntity
  8
0
 62
    55
440
 16777216
370
    -2
100
AcDbLine
 10
140511.591422184
 20
-165845.7923960804
 30
0.0
 11
140511.591422184
 21
-166176.6495389377
 31
0.0
  0
SOLID
  5
1FB
330
1F6
100
AcDbEntity
  8
0
 62
    55
440
 16777216
100
AcDbTrace
 10
140506.591422184
 20
-165845.7923960804
 30
0.0
 11
140516.591422184
 21
-165845.7923960804
 31
0.0
 12
140511.591422184
 22
-165815.7923960804
 32
0.0
 13
140511.591422184
 23
-165815.7923960804
 33
0.0
  0
SOLID
  5
1FC
330
1F6
100
AcDbEntity
  8
0
 62
    55
440
 16777216
100
AcDbTrace
 10
140506.591422184
 20
-166176.6495389377
 30
0.0
 11
140516.591422184
 21
-166176.6495389377
 31
0.0
 12
140511.591422184
 22
-166206.6495389377
 32
0.0
 13
140511.591422184
 23
-166206.6495389377
 33
0.0
  0
MTEXT
  5
1FD
330
1F6
100
AcDbEntity
  8
0
 62
     1
440
 16777216
100
AcDbMText
 10
140484.0914221839
 20
-166011.220967509
 30
0.0
 40
35.0
 41
0.0
 71
     5
 72
     1
  1
\A1;390.9
  7
010018$0$DIM
 11
6.123233995736766E-17
 21
1.0
 31
0.0
 73
     1
 44
1.0
  0
POINT
  5
1FE
330
1F6
100
AcDbEntity
  8
Defpoints
 62
     0
440
 16777216
100
AcDbPoint
 10
140401.0914221838
 20
-165815.7923960804
 30
0.0
  0
POINT
  5
1FF
330
1F6
100
AcDbEntity
  8
Defpoints
 62
     0
440
 16777216
100
AcDbPoint
 10
140401.0914221836
 20
-166206.6495389377
 30
0.0
  0
POINT
  5
200
330
1F6
100
AcDbEntity
  8
Defpoints
 62
     0
440
 16777216
100
AcDbPoint
 10
140511.591422184
 20
-166206.6495389377
 30
0.0
  0
ENDBLK
  5
201
330
1F6
100
AcDbEntity
  8
0
100
AcDbBlockEnd
  0
BLOCK
  5
205
330
204
100
AcDbEntity
  8
0
100
AcDbBlockBegin
  2
*D25
 70
     1
 10
0.0
 20
0.0
 30
0.0
  3
*D25
  1

  0
LINE
  5
206
330
204
100
AcDbEntity
  8
0
 62
    55
440
 16777216
370
    -2
100
AcDbLine
 10
140421.0914221841
 20
-165424.9352532231
 30
0.0
 11
140521.591422184
 21
-165424.9352532231
 31
0.0
  0
LINE
  5
207
330
204
100
AcDbEntity
  8
0
 62
    55
440
 16777216
370
    -2
100
AcDbLine
 10
140421.0914221838
 20
-165815.7923960804
 30
0.0
 11
140521.591422184
 21
-165815.7923960804
 31
0.0
  0
LINE
  5
208
330
204
100
AcDbEntity
  8
0
 62
    55
440
 16777216
370
    -2
100
AcDbLine
 10
140511.591422184
 20
-165454.9352532231
 30
0.0
 11
140511.591422184
 21
-165785.7923960804
 31
0.0
  0
SOLID
  5
209
330
204
100
AcDbEntity
  8
0
 62
    55
440
 16777216
100
AcDbTrace
 10
140506.591422184
 20
-165454.9352532231
 30
0.0
 11
140516.591422184
 21
-165454.9352532231
 31
0.0
 12
140511.591422184
 22
-165424.9352532231
 32
0.0
 13
140511.591422184
 23
-165424.9352532231
 33
0.0
  0
SOLID
  5
20A
330
204
100
AcDbEntity
  8
0
 62
    55
440
 16777216
100
AcDbTrace
 10
140506.591422184
 20
-165785.7923960804
 30
0.0
 11
140516.591422184
 21
-165785.7923960804
 31
0.0
 12
140511.591422184
 22
-165815.7923960804
 32
0.0
 13
140511.591422184
 23
-165815.7923960804
 33
0.0
  0
MTEXT
  5
20B
330
204
100
AcDbEntity
  8
0
 62
     1
440
 16777216
100
AcDbMText
 10
140484.0914221839
 20
-165620.3638246518
 30
0.0
 40
35.0
 41
0.0
 71
     5
 72
     1
  1
\A1;390.9
  7
010018$0$DIM
 11
6.123233995736766E-17
 21
1.0
 31
0.0
 73
     1
 44
1.0
  0
POINT
  5
20C
330
204
100
AcDbEntity
  8
Defpoints
 62
     0
440
 16777216
100
AcDbPoint
 10
140401.0914221841
 20
-165424.9352532231
 30
0.0
  0
POINT
  5
20D
330
204
100
AcDbEntity
  8
Defpoints
 62
     0
440
 16777216
100
AcDbPoint
 10
140401.0914221838
 20
-165815.7923960804
 30
0.0
  0
POINT
  5
20E
330
204
100
AcDbEntity
  8
Defpoints
 62
     0
440
 16777216
100
AcDbPoint
 10
140511.591422184
 20
-165815.7923960804
 30
0.0
  0
ENDBLK
  5
20F
330
204
100
AcDbEntity
  8
0
100
AcDbBlockEnd
  0
BLOCK
  5
213
330
212
100
AcDbEntity
  8
0
100
AcDbBlockBegin
  2
*D26
 70
     1
 10
0.0
 20
0.0
 30
0.0
  3
*D26
  1

  0
LINE
  5
214
330
212
100
AcDbEntity
  8
0
 62
    55
440
 16777216
370
    -2
100
AcDbLine
 10
140421.0914221843
 20
-165034.0781103658
 30
0.0
 11
140521.591422184
 21
-165034.0781103658
 31
0.0
  0
LINE
  5
215
330
212
100
AcDbEntity
  8
0
 62
    55
440
 16777216
370
    -2
100
AcDbLine
 10
140421.0914221841
 20
-165424.9352532231
 30
0.0
 11
140521.591422184
 21
-165424.9352532231
 31
0.0
  0
LINE
  5
216
330
212
100
AcDbEntity
  8
0
 62
    55
440
 16777216
370
    -2
100
AcDbLine
 10
140511.591422184
 20
-165064.0781103658
 30
0.0
 11
140511.591422184
 21
-165394.9352532231
 31
0.0
  0
SOLID
  5
217
330
212
100
AcDbEntity
  8
0
 62
    55
440
 16777216
100
AcDbTrace
 10
140506.591422184
 20
-165064.0781103658
 30
0.0
 11
140516.591422184
 21
-165064.0781103658
 31
0.0
 12
140511.591422184
 22
-165034.0781103658
 32
0.0
 13
140511.591422184
 23
-165034.0781103658
 33
0.0
  0
SOLID
  5
218
330
212
100
AcDbEntity
  8
0
 62
    55
440
 16777216
100
AcDbTrace
 10
140506.591422184
 20
-165394.9352532231
 30
0.0
 11
140516.591422184
 21
-165394.9352532231
 31
0.0
 12
140511.591422184
 22
-165424.9352532231
 32
0.0
 13
140511.591422184
 23
-165424.9352532231
 33
0.0
  0
MTEXT
  5
219
330
212
100
AcDbEntity
  8
0
 62
     1
440
 16777216
100
AcDbMText
 10
140484.0914221839
 20
-165229.5066817945
 30
0.0
 40
35.0
 41
0.0
 71
     5
 72
     1
  1
\A1;390.9
  7
010018$0$DIM
 11
6.123233995736766E-17
 21
1.0
 31
0.0
 73
     1
 44
1.0
  0
POINT
  5
21A
330
212
100
AcDbEntity
  8
Defpoints
 62
     0
440
 16777216
100
AcDbPoint
 10
140401.0914221843
 20
-165034.0781103658
 30
0.0
  0
POINT
  5
21B
330
212
100
AcDbEntity
  8
Defpoints
 62
     0
440
 16777216
100
AcDbPoint
 10
140401.0914221841
 20
-165424.9352532231
 30
0.0
  0
POINT
  5
21C
330
212
100
AcDbEntity
  8
Defpoints
 62
     0
440
 16777216
100
AcDbPoint
 10
140511.591422184
 20
-165424.9352532231
 30
0.0
  0
ENDBLK
  5
21D
330
212
100
AcDbEntity
  8
0
100
AcDbBlockEnd
  0
BLOCK
  5
221
330
220
100
AcDbEntity
  8
0
100
AcDbBlockBegin
  2
*D27
 70
     1
 10
0.0
 20
0.0
 30
0.0
  3
*D27
  1

  0
LINE
  5
222
330
220
100
AcDbEntity
  8
0
 62
    55
440
 16777216
370
    -2
100
AcDbLine
 10
140411.5914221843
 20
-164984.0781103658
 30
0.0
 11
140521.5914221838
 21
-164984.0781103658
 31
0.0
  0
LINE
  5
223
330
220
100
AcDbEntity
  8
0
 62
    55
440
 16777216
370
    -2
100
AcDbLine
 10
140421.0914221843
 20
-165034.0781103658
 30
0.0
 11
140521.5914221838
 21
-165034.0781103658
 31
0.0
  0
LINE
  5
224
330
220
100
AcDbEntity
  8
0
 62
    55
440
 16777216
370
    -2
100
AcDbLine
 10
140511.5914221838
 20
-164954.0781103658
 30
0.0
 11
140511.5914221838
 21
-164924.0781103658
 31
0.0
  0
LINE
  5
225
330
220
100
AcDbEntity
  8
0
 62
    55
440
 16777216
370
    -2
100
AcDbLine
 10
140511.5914221838
 20
-165064.0781103658
 30
0.0
 11
140511.5914221838
 21
-165094.0781103658
 31
0.0
  0
LINE
  5
226
330
220
100
AcDbEntity
  8
0
 62
    55
440
 16777216
370
    -2
100
AcDbLine
 10
140511.5914221838
 20
-164984.0781103658
 30
0.0
 11
140511.5914221838
 21
-165034.0781103658
 31
0.0
  0
SOLID
  5
227
330
220
100
AcDbEntity
  8
0
 62
    55
440
 16777216
100
AcDbTrace
 10
140506.5914221838
 20
-164954.0781103658
 30
0.0
 11
140516.5914221838
 21
-164954.0781103658
 31
0.0
 12
140511.5914221838
 22
-164984.0781103658
 32
0.0
 13
140511.5914221838
 23
-164984.0781103658
 33
0.0
  0
SOLID
  5
228
330
220
100
AcDbEntity
  8
0
 62
    55
440
 16777216
100
AcDbTrace
 10
140506.5914221838
 20
-165064.0781103658
 30
0.0
 11
140516.5914221838
 21
-165064.0781103658
 31
0.0
 12
140511.5914221838
 22
-165034.0781103658
 32
0.0
 13
140511.5914221838
 23
-165034.0781103658
 33
0.0
  0
MTEXT
  5
229
330
220
100
AcDbEntity
  8
0
 62
     1
440
 16777216
100
AcDbMText
 10
140484.0914221837
 20
-165009.0781103658
 30
0.0
 40
35.0
 41
0.0
 71
     5
 72
     1
  1
\A1;50
  7
010018$0$DIM
 11
6.123233995736766E-17
 21
1.0
 31
0.0
 73
     1
 44
1.0
  0
POINT
  5
22A
330
220
100
AcDbEntity
  8
Defpoints
 62
     0
440
 16777216
100
AcDbPoint
 10
140391.5914221843
 20
-164984.0781103658
 30
0.0
  0
POINT
  5
22B
330
220
100
AcDbEntity
  8
Defpoints
 62
     0
440
 16777216
100
AcDbPoint
 10
140401.0914221843
 20
-165034.0781103658
 30
0.0
  0
POINT
  5
22C
330
220
100
AcDbEntity
  8
Defpoints
 62
     0
440
 16777216
100
AcDbPoint
 10
140511.5914221838
 20
-165034.0781103658
 30
0.0
  0
ENDBLK
  5
22D
330
220
100
AcDbEntity
  8
0
100
AcDbBlockEnd
  0
BLOCK
  5
231
330
230
100
AcDbEntity
  8
0
100
AcDbBlockBegin
  2
*D28
 70
     1
 10
0.0
 20
0.0
 30
0.0
  3
*D28
  1

  0
LINE
  5
232
330
230
100
AcDbEntity
  8
0
 62
    55
440
 16777216
370
    -2
100
AcDbLine
 10
139458.5914221831
 20
-167915.5781103666
 30
0.0
 11
139458.5914221831
 21
-168016.0781103666
 31
0.0
  0
LINE
  5
233
330
230
100
AcDbEntity
  8
0
 62
    55
440
 16777216
370
    -2
100
AcDbLine
 10
139408.5914221831
 20
-167906.0781103666
 30
0.0
 11
139408.5914221831
 21
-168016.0781103666
 31
0.0
  0
LINE
  5
234
330
230
100
AcDbEntity
  8
0
 62
    55
440
 16777216
370
    -2
100
AcDbLine
 10
139488.5914221831
 20
-168006.0781103666
 30
0.0
 11
139518.5914221831
 21
-168006.0781103666
 31
0.0
  0
LINE
  5
235
330
230
100
AcDbEntity
  8
0
 62
    55
440
 16777216
370
    -2
100
AcDbLine
 10
139378.5914221831
 20
-168006.0781103666
 30
0.0
 11
139267.7858563472
 21
-168006.0781103666
 31
0.0
  0
LINE
  5
236
330
230
100
AcDbEntity
  8
0
 62
    55
440
 16777216
370
    -2
100
AcDbLine
 10
139458.5914221831
 20
-168006.0781103666
 30
0.0
 11
139408.5914221831
 21
-168006.0781103666
 31
0.0
  0
SOLID
  5
237
330
230
100
AcDbEntity
  8
0
 62
    55
440
 16777216
100
AcDbTrace
 10
139488.5914221831
 20
-168001.0781103666
 30
0.0
 11
139488.5914221831
 21
-168011.0781103666
 31
0.0
 12
139458.5914221831
 22
-168006.0781103666
 32
0.0
 13
139458.5914221831
 23
-168006.0781103666
 33
0.0
  0
SOLID
  5
238
330
230
100
AcDbEntity
  8
0
 62
    55
440
 16777216
100
AcDbTrace
 10
139378.5914221831
 20
-168001.0781103666
 30
0.0
 11
139378.5914221831
 21
-168011.0781103666
 31
0.0
 12
139408.5914221831
 22
-168006.0781103666
 32
0.0
 13
139408.5914221831
 23
-168006.0781103666
 33
0.0
  0
MTEXT
  5
239
330
230
100
AcDbEntity
  8
0
 62
     1
440
 16777216
100
AcDbMText
 10
139308.1886392651
 20
-167978.5781103666
 30
0.0
 40
35.0
 41
0.0
 71
     5
 72
     1
  1
\A1;50
  7
010018$0$DIM
 73
     1
 44
1.0
  0
POINT
  5
23A
330
230
100
AcDbEntity
  8
Defpoints
 62
     0
440
 16777216
100
AcDbPoint
 10
139458.5914221831
 20
-167895.5781103666
 30
0.0
  0
POINT
  5
23B
330
230
100
AcDbEntity
  8
Defpoints
 62
     0
440
 16777216
100
AcDbPoint
 10
139408.5914221831
 20
-167886.0781103666
 30
0.0
  0
POINT
  5
23C
330
230
100
AcDbEntity
  8
Defpoints
 62
     0
440
 16777216
100
AcDbPoint
 10
139408.5914221831
 20
-168006.0781103666
 30
0.0
  0
ENDBLK
  5
23D
330
230
100
AcDbEntity
  8
0
100
AcDbBlockEnd
  0
BLOCK
  5
240
330
23F
100
AcDbEntity
  8
0
100
AcDbBlockBegin
  2
*D29
 70
     1
 10
0.0
 20
0.0
 30
0.0
  3
*D29
  1

  0
LINE
  5
241
330
23F
100
AcDbEntity
  8
0
 62
    55
440
 16777216
370
    -2
100
AcDbLine
 10
139737.2580888498
 20
-167915.5781103666
 30
0.0
 11
139737.2580888498
 21
-168016.0781103666
 31
0.0
  0
LINE
  5
242
330
23F
100
AcDbEntity
  8
0
 62
    55
440
 16777216
370
    -2
100
AcDbLine
 10
139458.5914221831
 20
-167915.5781103666
 30
0.0
 11
139458.5914221831
 21
-168016.0781103666
 31
0.0
  0
LINE
  5
243
330
23F
100
AcDbEntity
  8
0
 62
    55
440
 16777216
370
    -2
100
AcDbLine
 10
139707.2580888498
 20
-168006.0781103666
 30
0.0
 11
139488.5914221831
 21
-168006.0781103666
 31
0.0
  0
SOLID
  5
244
330
23F
100
AcDbEntity
  8
0
 62
    55
440
 16777216
100
AcDbTrace
 10
139707.2580888498
 20
-168001.0781103666
 30
0.0
 11
139707.2580888498
 21
-168011.0781103666
 31
0.0
 12
139737.2580888498
 22
-168006.0781103666
 32
0.0
 13
139737.2580888498
 23
-168006.0781103666
 33
0.0
  0
SOLID
  5
245
330
23F
100
AcDbEntity
  8
0
 62
    55
440
 16777216
100
AcDbTrace
 10
139488.5914221831
 20
-168001.0781103666
 30
0.0
 11
139488.5914221831
 21
-168011.0781103666
 31
0.0
 12
139458.5914221831
 22
-168006.0781103666
 32
0.0
 13
139458.5914221831
 23
-168006.0781103666
 33
0.0
  0
MTEXT
  5
246
330
23F
100
AcDbEntity
  8
0
 62
     1
440
 16777216
100
AcDbMText
 10
139597.9247555165
 20
-167978.5781103666
 30
0.0
 40
35.0
 41
0.0
 71
     5
 72
     1
  1
\A1;278.7
  7
010018$0$DIM
 73
     1
 44
1.0
  0
POINT
  5
247
330
23F
100
AcDbEntity
  8
Defpoints
 62
     0
440
 16777216
100
AcDbPoint
 10
139737.2580888498
 20
-167895.5781103666
 30
0.0
  0
POINT
  5
248
330
23F
100
AcDbEntity
  8
Defpoints
 62
     0
440
 16777216
100
AcDbPoint
 10
139458.5914221831
 20
-167895.5781103666
 30
0.0
  0
POINT
  5
249
330
23F
100
AcDbEntity
  8
Defpoints
 62
     0
440
 16777216
100
AcDbPoint
 10
139458.5914221831
 20
-168006.0781103666
 30
0.0
  0
ENDBLK
  5
24A
330
23F
100
AcDbEntity
  8
0
100
AcDbBlockEnd
  0
BLOCK
  5
24E
330
24D
100
AcDbEntity
  8
0
100
AcDbBlockBegin
  2
*D30
 70
     1
 10
0.0
 20
0.0
 30
0.0
  3
*D30
  1

  0
LINE
  5
24F
330
24D
100
AcDbEntity
  8
0
 62
    55
440
 16777216
370
    -2
100
AcDbLine
 10
140015.9247555164
 20
-167915.5781103666
 30
0.0
 11
140015.9247555164
 21
-168016.0781103666
 31
0.0
  0
LINE
  5
250
330
24D
100
AcDbEntity
  8
0
 62
    55
440
 16777216
370
    -2
100
AcDbLine
 10
139737.2580888498
 20
-167915.5781103666
 30
0.0
 11
139737.2580888498
 21
-168016.0781103666
 31
0.0
  0
LINE
  5
251
330
24D
100
AcDbEntity
  8
0
 62
    55
440
 16777216
370
    -2
100
AcDbLine
 10
139985.9247555164
 20
-168006.0781103666
 30
0.0
 11
139767.2580888498
 21
-168006.0781103666
 31
0.0
  0
SOLID
  5
252
330
24D
100
AcDbEntity
  8
0
 62
    55
440
 16777216
100
AcDbTrace
 10
139985.9247555164
 20
-168001.0781103666
 30
0.0
 11
139985.9247555164
 21
-168011.0781103666
 31
0.0
 12
140015.9247555164
 22
-168006.0781103666
 32
0.0
 13
140015.9247555164
 23
-168006.0781103666
 33
0.0
  0
SOLID
  5
253
330
24D
100
AcDbEntity
  8
0
 62
    55
440
 16777216
100
AcDbTrace
 10
139767.2580888498
 20
-168001.0781103666
 30
0.0
 11
139767.2580888498
 21
-168011.0781103666
 31
0.0
 12
139737.2580888498
 22
-168006.0781103666
 32
0.0
 13
139737.2580888498
 23
-168006.0781103666
 33
0.0
  0
MTEXT
  5
254
330
24D
100
AcDbEntity
  8
0
 62
     1
440
 16777216
100
AcDbMText
 10
139876.5914221831
 20
-167978.5781103666
 30
0.0
 40
35.0
 41
0.0
 71
     5
 72
     1
  1
\A1;278.7
  7
010018$0$DIM
 73
     1
 44
1.0
  0
POINT
  5
255
330
24D
100
AcDbEntity
  8
Defpoints
 62
     0
440
 16777216
100
AcDbPoint
 10
140015.9247555164
 20
-167895.5781103666
 30
0.0
  0
POINT
  5
256
330
24D
100
AcDbEntity
  8
Defpoints
 62
     0
440
 16777216
100
AcDbPoint
 10
139737.2580888498
 20
-167895.5781103666
 30
0.0
  0
POINT
  5
257
330
24D
100
AcDbEntity
  8
Defpoints
 62
     0
440
 16777216
100
AcDbPoint
 10
139737.2580888498
 20
-168006.0781103666
 30
0.0
  0
ENDBLK
  5
258
330
24D
100
AcDbEntity
  8
0
100
AcDbBlockEnd
  0
BLOCK
  5
25C
330
25B
100
AcDbEntity
  8
0
100
AcDbBlockBegin
  2
*D31
 70
     1
 10
0.0
 20
0.0
 30
0.0
  3
*D31
  1

  0
LINE
  5
25D
330
25B
100
AcDbEntity
  8
0
 62
    55
440
 16777216
370
    -2
100
AcDbLine
 10
140294.591422183
 20
-167915.5781103666
 30
0.0
 11
140294.591422183
 21
-168016.0781103666
 31
0.0
  0
LINE
  5
25E
330
25B
100
AcDbEntity
  8
0
 62
    55
440
 16777216
370
    -2
100
AcDbLine
 10
140015.9247555164
 20
-167915.5781103666
 30
0.0
 11
140015.9247555164
 21
-168016.0781103666
 31
0.0
  0
LINE
  5
25F
330
25B
100
AcDbEntity
  8
0
 62
    55
440
 16777216
370
    -2
100
AcDbLine
 10
140264.591422183
 20
-168006.0781103666
 30
0.0
 11
140045.9247555164
 21
-168006.0781103666
 31
0.0
  0
SOLID
  5
260
330
25B
100
AcDbEntity
  8
0
 62
    55
440
 16777216
100
AcDbTrace
 10
140264.591422183
 20
-168001.0781103666
 30
0.0
 11
140264.591422183
 21
-168011.0781103666
 31
0.0
 12
140294.591422183
 22
-168006.0781103666
 32
0.0
 13
140294.591422183
 23
-168006.0781103666
 33
0.0
  0
SOLID
  5
261
330
25B
100
AcDbEntity
  8
0
 62
    55
440
 16777216
100
AcDbTrace
 10
140045.9247555164
 20
-168001.0781103666
 30
0.0
 11
140045.9247555164
 21
-168011.0781103666
 31
0.0
 12
140015.9247555164
 22
-168006.0781103666
 32
0.0
 13
140015.9247555164
 23
-168006.0781103666
 33
0.0
  0
MTEXT
  5
262
330
25B
100
AcDbEntity
  8
0
 62
     1
440
 16777216
100
AcDbMText
 10
140155.2580888497
 20
-167978.5781103666
 30
0.0
 40
35.0
 41
0.0
 71
     5
 72
     1
  1
\A1;278.7
  7
010018$0$DIM
 73
     1
 44
1.0
  0
POINT
  5
263
330
25B
100
AcDbEntity
  8
Defpoints
 62
     0
440
 16777216
100
AcDbPoint
 10
140294.591422183
 20
-167895.5781103666
 30
0.0
  0
POINT
  5
264
330
25B
100
AcDbEntity
  8
Defpoints
 62
     0
440
 16777216
100
AcDbPoint
 10
140015.9247555164
 20
-167895.5781103666
 30
0.0
  0
POINT
  5
265
330
25B
100
AcDbEntity
  8
Defpoints
 62
     0
440
 16777216
100
AcDbPoint
 10
140015.9247555164
 20
-168006.0781103666
 30
0.0
  0
ENDBLK
  5
266
330
25B
100
AcDbEntity
  8
0
100
AcDbBlockEnd
  0
BLOCK
  5
26A
330
269
100
AcDbEntity
  8
0
100
AcDbBlockBegin
  2
*D32
 70
     1
 10
0.0
 20
0.0
 30
0.0
  3
*D32
  1

  0
LINE
  5
26B
330
269
100
AcDbEntity
  8
0
 62
    55
440
 16777216
370
    -2
100
AcDbLine
 10
140344.591422183
 20
-167906.0781103666
 30
0.0
 11
140344.591422183
 21
-168016.0781103666
 31
0.0
  0
LINE
  5
26C
330
269
100
AcDbEntity
  8
0
 62
    55
440
 16777216
370
    -2
100
AcDbLine
 10
140294.591422183
 20
-167915.5781103666
 30
0.0
 11
140294.591422183
 21
-168016.0781103666
 31
0.0
  0
LINE
  5
26D
330
269
100
AcDbEntity
  8
0
 62
    55
440
 16777216
370
    -2
100
AcDbLine
 10
140264.591422183
 20
-168006.0781103666
 30
0.0
 11
140234.591422183
 21
-168006.0781103666
 31
0.0
  0
LINE
  5
26E
330
269
100
AcDbEntity
  8
0
 62
    55
440
 16777216
370
    -2
100
AcDbLine
 10
140374.591422183
 20
-168006.0781103666
 30
0.0
 11
140485.396988019
 21
-168006.0781103666
 31
0.0
  0
LINE
  5
26F
330
269
100
AcDbEntity
  8
0
 62
    55
440
 16777216
370
    -2
100
AcDbLine
 10
140294.591422183
 20
-168006.0781103666
 30
0.0
 11
140344.591422183
 21
-168006.0781103666
 31
0.0
  0
SOLID
  5
270
330
269
100
AcDbEntity
  8
0
 62
    55
440
 16777216
100
AcDbTrace
 10
140264.591422183
 20
-168001.0781103666
 30
0.0
 11
140264.591422183
 21
-168011.0781103666
 31
0.0
 12
140294.591422183
 22
-168006.0781103666
 32
0.0
 13
140294.591422183
 23
-168006.0781103666
 33
0.0
  0
SOLID
  5
271
330
269
100
AcDbEntity
  8
0
 62
    55
440
 16777216
100
AcDbTrace
 10
140374.591422183
 20
-168001.0781103666
 30
0.0
 11
140374.591422183
 21
-168011.0781103666
 31
0.0
 12
140344.591422183
 22
-168006.0781103666
 32
0.0
 13
140344.591422183
 23
-168006.0781103666
 33
0.0
  0
MTEXT
  5
272
330
269
100
AcDbEntity
  8
0
 62
     1
440
 16777216
100
AcDbMText
 10
140444.994205101
 20
-167978.5781103666
 30
0.0
 40
35.0
 41
0.0
 71
     5
 72
     1
  1
\A1;50
  7
010018$0$DIM
 73
     1
 44
1.0
  0
POINT
  5
273
330
269
100
AcDbEntity
  8
Defpoints
 62
     0
440
 16777216
100
AcDbPoint
 10
140344.591422183
 20
-167886.0781103666
 30
0.0
  0
POINT
  5
274
330
269
100
AcDbEntity
  8
Defpoints
 62
     0
440
 16777216
100
AcDbPoint
 10
140294.591422183
 20
-167895.5781103666
 30
0.0
  0
POINT
  5
275
330
269
100
AcDbEntity
  8
Defpoints
 62
     0
440
 16777216
100
AcDbPoint
 10
140294.591422183
 20
-168006.0781103666
 30
0.0
  0
ENDBLK
  5
276
330
269
100
AcDbEntity
  8
0
100
AcDbBlockEnd
  0
BLOCK
  5
27A
330
279
100
AcDbEntity
  8
0
100
AcDbBlockBegin
  2
*D33
 70
     1
 10
0.0
 20
0.0
 30
0.0
  3
*D33
  1

  0
LINE
  5
27B
330
279
100
AcDbEntity
  8
0
 62
    55
440
 16777216
370
    -2
100
AcDbLine
 10
140407.5914221822
 20
-166789.5051652305
 30
0.0
 11
140407.5914221822
 21
-166784.2157052401
 31
0.0
  0
LINE
  5
27C
330
279
100
AcDbEntity
  8
0
 62
    55
440
 16777216
370
    -2
100
AcDbLine
 10
140391.5914221833
 20
-166789.5051652304
 30
0.0
 11
140391.5914221833
 21
-166784.2157052401
 31
0.0
  0
LINE
  5
27D
330
279
100
AcDbEntity
  8
0
 62
    55
440
 16777216
370
    -2
100
AcDbLine
 10
140437.5914221822
 20
-166774.2157052401
 30
0.0
 11
140467.5914221822
 21
-166774.2157052401
 31
0.0
  0
LINE
  5
27E
330
279
100
AcDbEntity
  8
0
 62
    55
440
 16777216
370
    -2
100
AcDbLine
 10
140361.5914221833
 20
-166774.2157052401
 30
0.0
 11
140264.4781735292
 21
-166774.2157052401
 31
0.0
  0
LINE
  5
27F
330
279
100
AcDbEntity
  8
0
 62
    55
440
 16777216
370
    -2
100
AcDbLine
 10
140407.5914221822
 20
-166774.2157052401
 30
0.0
 11
140391.5914221833
 21
-166774.2157052401
 31
0.0
  0
SOLID
  5
280
330
279
100
AcDbEntity
  8
0
 62
    55
440
 16777216
100
AcDbTrace
 10
140437.5914221822
 20
-166769.2157052401
 30
0.0
 11
140437.5914221822
 21
-166779.2157052401
 31
0.0
 12
140407.5914221822
 22
-166774.2157052401
 32
0.0
 13
140407.5914221822
 23
-166774.2157052401
 33
0.0
  0
SOLID
  5
281
330
279
100
AcDbEntity
  8
0
 62
    55
440
 16777216
100
AcDbTrace
 10
140361.5914221833
 20
-166769.2157052401
 30
0.0
 11
140361.5914221833
 21
-166779.2157052401
 31
0.0
 12
140391.5914221833
 22
-166774.2157052401
 32
0.0
 13
140391.5914221833
 23
-166774.2157052401
 33
0.0
  0
MTEXT
  5
282
330
279
100
AcDbEntity
  8
0
 62
     1
440
 16777216
100
AcDbMText
 10
140298.0347978563
 20
-166746.7157052401
 30
0.0
 40
35.0
 41
0.0
 71
     5
 72
     1
  1
\A1;16
  7
010018$0$DIM
 73
     1
 44
1.0
  0
POINT
  5
283
330
279
100
AcDbEntity
  8
Defpoints
 62
     0
440
 16777216
100
AcDbPoint
 10
140407.5914221822
 20
-166769.5051652305
 30
0.0
  0
POINT
  5
284
330
279
100
AcDbEntity
  8
Defpoints
 62
     0
440
 16777216
100
AcDbPoint
 10
140391.5914221833
 20
-166769.5051652304
 30
0.0
  0
POINT
  5
285
330
279
100
AcDbEntity
  8
Defpoints
 62
     0
440
 16777216
100
AcDbPoint
 10
140391.5914221833
 20
-166774.2157052401
 30
0.0
  0
ENDBLK
  5
286
330
279
100
AcDbEntity
  8
0
100
AcDbBlockEnd
  0
BLOCK
  5
2A1
330
2A0
100
AcDbEntity
  8
0
100
AcDbBlockBegin
  2
*D34
 70
     1
 10
0.0
 20
0.0
 30
0.0
  3
*D34
  1

  0
LINE
  5
2A2
330
2A0
100
AcDbEntity
  8
0
 62
    55
440
 16777216
370
    -2
100
AcDbLine
 10
140380.5914221827
 20
-168313.4566799583
 30
0.0
 11
140452.1738728608
 21
-168313.4566799583
 31
0.0
  0
LINE
  5
2A3
330
2A0
100
AcDbEntity
  8
0
 62
    55
440
 16777216
370
    -2
100
AcDbLine
 10
140364.5914221827
 20
-168366.4566799583
 30
0.0
 11
140452.1738728608
 21
-168366.4566799583
 31
0.0
  0
LINE
  5
2A4
330
2A0
100
AcDbEntity
  8
0
 62
    55
440
 16777216
370
    -2
100
AcDbLine
 10
140442.1738728608
 20
-168283.4566799583
 30
0.0
 11
140442.1738728608
 21
-168253.4566799583
 31
0.0
  0
LINE
  5
2A5
330
2A0
100
AcDbEntity
  8
0
 62
    55
440
 16777216
370
    -2
100
AcDbLine
 10
140442.1738728608
 20
-168396.4566799583
 30
0.0
 11
140442.1738728608
 21
-168426.4566799583
 31
0.0
  0
LINE
  5
2A6
330
2A0
100
AcDbEntity
  8
0
 62
    55
440
 16777216
370
    -2
100
AcDbLine
 10
140442.1738728608
 20
-168313.4566799583
 30
0.0
 11
140442.1738728608
 21
-168366.4566799583
 31
0.0
  0
SOLID
  5
2A7
330
2A0
100
AcDbEntity
  8
0
 62
    55
440
 16777216
100
AcDbTrace
 10
140437.1738728608
 20
-168283.4566799583
 30
0.0
 11
140447.1738728608
 21
-168283.4566799583
 31
0.0
 12
140442.1738728608
 22
-168313.4566799583
 32
0.0
 13
140442.1738728608
 23
-168313.4566799583
 33
0.0
  0
SOLID
  5
2A8
330
2A0
100
AcDbEntity
  8
0
 62
    55
440
 16777216
100
AcDbTrace
 10
140437.1738728608
 20
-168396.4566799583
 30
0.0
 11
140447.1738728608
 21
-168396.4566799583
 31
0.0
 12
140442.1738728608
 22
-168366.4566799583
 32
0.0
 13
140442.1738728608
 23
-168366.4566799583
 33
0.0
  0
MTEXT
  5
2A9
330
2A0
100
AcDbEntity
  8
0
 62
     1
440
 16777216
100
AcDbMText
 10
140414.6738728607
 20
-168339.9566799583
 30
0.0
 40
35.0
 41
0.0
 71
     5
 72
     1
  1
\A1;53
  7
010018$0$DIM
 11
6.123233995736766E-17
 21
1.0
 31
0.0
 73
     1
 44
1.0
  0
POINT
  5
2AA
330
2A0
100
AcDbEntity
  8
Defpoints
 62
     0
440
 16777216
100
AcDbPoint
 10
140360.5914221827
 20
-168313.4566799583
 30
0.0
  0
POINT
  5
2AB
330
2A0
100
AcDbEntity
  8
Defpoints
 62
     0
440
 16777216
100
AcDbPoint
 10
140344.5914221827
 20
-168366.4566799583
 30
0.0
  0
POINT
  5
2AC
330
2A0
100
AcDbEntity
  8
Defpoints
 62
     0
440
 16777216
100
AcDbPoint
 10
140442.1738728608
 20
-168366.4566799583
 30
0.0
  0
ENDBLK
  5
2AD
330
2A0
100
AcDbEntity
  8
0
100
AcDbBlockEnd
  0
BLOCK
  5
2B2
330
2B1
100
AcDbEntity
  8
0
100
AcDbBlockBegin
  2
*D35
 70
     1
 10
0.0
 20
0.0
 30
0.0
  3
*D35
  1

  0
LINE
  5
2B3
330
2B1
100
AcDbEntity
  8
0
 62
    55
440
 16777216
370
    -2
100
AcDbLine
 10
139303.5914221832
 20
-167820.0781103667
 30
0.0
 11
139172.347086415
 21
-167820.0781103667
 31
0.0
  0
LINE
  5
2B4
330
2B1
100
AcDbEntity
  8
0
 62
    55
440
 16777216
370
    -2
100
AcDbLine
 10
139303.5914221831
 20
-164940.0781103652
 30
0.0
 11
139172.347086415
 21
-164940.0781103652
 31
0.0
  0
LINE
  5
2B5
330
2B1
100
AcDbEntity
  8
0
 62
    55
440
 16777216
370
    -2
100
AcDbLine
 10
139182.347086415
 20
-167790.0781103667
 30
0.0
 11
139182.347086415
 21
-164970.0781103652
 31
0.0
  0
SOLID
  5
2B6
330
2B1
100
AcDbEntity
  8
0
 62
    55
440
 16777216
100
AcDbTrace
 10
139177.347086415
 20
-167790.0781103667
 30
0.0
 11
139187.347086415
 21
-167790.0781103667
 31
0.0
 12
139182.347086415
 22
-167820.0781103667
 32
0.0
 13
139182.347086415
 23
-167820.0781103667
 33
0.0
  0
SOLID
  5
2B7
330
2B1
100
AcDbEntity
  8
0
 62
    55
440
 16777216
100
AcDbTrace
 10
139177.347086415
 20
-164970.0781103652
 30
0.0
 11
139187.347086415
 21
-164970.0781103652
 31
0.0
 12
139182.347086415
 22
-164940.0781103652
 32
0.0
 13
139182.347086415
 23
-164940.0781103652
 33
0.0
  0
MTEXT
  5
2B8
330
2B1
100
AcDbEntity
  8
0
 62
     1
440
 16777216
100
AcDbMText
 10
139154.847086415
 20
-166380.078110366
 30
0.0
 40
35.0
 41
0.0
 71
     5
 72
     1
  1
\A1;2880
  7
010018$0$DIM
 11
6.123233995736766E-17
 21
1.0
 31
0.0
 73
     1
 44
1.0
  0
POINT
  5
2B9
330
2B1
100
AcDbEntity
  8
Defpoints
 62
     0
440
 16777216
100
AcDbPoint
 10
139323.5914221832
 20
-167820.0781103667
 30
0.0
  0
POINT
  5
2BA
330
2B1
100
AcDbEntity
  8
Defpoints
 62
     0
440
 16777216
100
AcDbPoint
 10
139323.5914221831
 20
-164940.0781103652
 30
0.0
  0
POINT
  5
2BB
330
2B1
100
AcDbEntity
  8
Defpoints
 62
     0
440
 16777216
100
AcDbPoint
 10
139182.347086415
 20
-164940.0781103652
 30
0.0
  0
ENDBLK
  5
2BC
330
2B1
100
AcDbEntity
  8
0
100
AcDbBlockEnd
  0
BLOCK
  5
2BF
330
2BE
100
AcDbEntity
  8
0
100
AcDbBlockBegin
  2
*D36
 70
     1
 10
0.0
 20
0.0
 30
0.0
  3
*D36
  1

  0
LINE
  5
2C0
330
2BE
100
AcDbEntity
  8
0
 62
    55
440
 16777216
370
    -2
100
AcDbLine
 10
139960.7046822509
 20
-167886.0781103667
 30
0.0
 11
139955.6529007961
 21
-167886.0781103667
 31
0.0
  0
LINE
  5
2C1
330
2BE
100
AcDbEntity
  8
0
 62
    55
440
 16777216
370
    -2
100
AcDbLine
 10
139925.6529007963
 20
-167902.0781103667
 30
0.0
 11
139935.6529007961
 21
-167902.0781103667
 31
0.0
  0
LINE
  5
2C2
330
2BE
100
AcDbEntity
  8
0
 62
    55
440
 16777216
370
    -2
100
AcDbLine
 10
139945.6529007961
 20
-167932.0781103667
 30
0.0
 11
139945.6529007961
 21
-167962.0781103667
 31
0.0
  0
LINE
  5
2C3
330
2BE
100
AcDbEntity
  8
0
 62
    55
440
 16777216
370
    -2
100
AcDbLine
 10
139945.6529007961
 20
-167856.0781103667
 30
0.0
 11
139945.6529007961
 21
-167809.4080839539
 31
0.0
  0
LINE
  5
2C4
330
2BE
100
AcDbEntity
  8
0
 62
    55
440
 16777216
370
    -2
100
AcDbLine
 10
139945.6529007961
 20
-167809.4080839539
 30
0.0
 11
140002.7661494502
 21
-167809.4080839539
 31
0.0
  0
LINE
  5
2C5
330
2BE
100
AcDbEntity
  8
0
 62
    55
440
 16777216
370
    -2
100
AcDbLine
 10
139945.6529007961
 20
-167902.0781103667
 30
0.0
 11
139945.6529007961
 21
-167886.0781103667
 31
0.0
  0
SOLID
  5
2C6
330
2BE
100
AcDbEntity
  8
0
 62
    55
440
 16777216
100
AcDbTrace
 10
139940.6529007961
 20
-167932.0781103667
 30
0.0
 11
139950.6529007961
 21
-167932.0781103667
 31
0.0
 12
139945.6529007961
 22
-167902.0781103667
 32
0.0
 13
139945.6529007961
 23
-167902.0781103667
 33
0.0
  0
SOLID
  5
2C7
330
2BE
100
AcDbEntity
  8
0
 62
    55
440
 16777216
100
AcDbTrace
 10
139940.6529007961
 20
-167856.0781103667
 30
0.0
 11
139950.6529007961
 21
-167856.0781103667
 31
0.0
 12
139945.6529007961
 22
-167886.0781103667
 32
0.0
 13
139945.6529007961
 23
-167886.0781103667
 33
0.0
  0
MTEXT
  5
2C8
330
2BE
100
AcDbEntity
  8
0
 62
     1
440
 16777216
100
AcDbMText
 10
139979.2095251231
 20
-167781.9080839539
 30
0.0
 40
35.0
 41
0.0
 71
     5
 72
     1
  1
\A1;16
  7
010018$0$DIM
 73
     1
 44
1.0
  0
POINT
  5
2C9
330
2BE
100
AcDbEntity
  8
Defpoints
 62
     0
440
 16777216
100
AcDbPoint
 10
139940.7046822509
 20
-167886.0781103667
 30
0.0
  0
POINT
  5
2CA
330
2BE
100
AcDbEntity
  8
Defpoints
 62
     0
440
 16777216
100
AcDbPoint
 10
139945.6529007963
 20
-167902.0781103667
 30
0.0
  0
POINT
  5
2CB
330
2BE
100
AcDbEntity
  8
Defpoints
 62
     0
440
 16777216
100
AcDbPoint
 10
139945.6529007961
 20
-167902.0781103667
 30
0.0
  0
ENDBLK
  5
2CC
330
2BE
100
AcDbEntity
  8
0
100
AcDbBlockEnd
  0
BLOCK
  5
2CF
330
2CE
100
AcDbEntity
  8
0
100
AcDbBlockBegin
  2
*D37
 70
     1
 10
0.0
 20
0.0
 30
0.0
  3
*D37
  1

  0
LINE
  5
2D0
330
2CE
100
AcDbEntity
  8
0
 62
    55
440
 16777216
370
    -2
100
AcDbLine
 10
139876.3604453052
 20
-167886.0781103667
 30
0.0
 11
139843.4561874552
 21
-167886.0781103667
 31
0.0
  0
LINE
  5
2D1
330
2CE
100
AcDbEntity
  8
0
 62
    55
440
 16777216
370
    -2
100
AcDbLine
 10
139872.964189783
 20
-167839.0781103664
 30
0.0
 11
139843.4561874552
 21
-167839.0781103664
 31
0.0
  0
LINE
  5
2D2
330
2CE
100
AcDbEntity
  8
0
 62
    55
440
 16777216
370
    -2
100
AcDbLine
 10
139853.4561874552
 20
-167916.0781103667
 30
0.0
 11
139853.4561874552
 21
-167946.0781103667
 31
0.0
  0
LINE
  5
2D3
330
2CE
100
AcDbEntity
  8
0
 62
    55
440
 16777216
370
    -2
100
AcDbLine
 10
139853.4561874552
 20
-167809.0781103664
 30
0.0
 11
139853.4561874552
 21
-167779.0781103663
 31
0.0
  0
LINE
  5
2D4
330
2CE
100
AcDbEntity
  8
0
 62
    55
440
 16777216
370
    -2
100
AcDbLine
 10
139853.4561874552
 20
-167779.0781103663
 30
0.0
 11
139926.3750019453
 21
-167779.0781103663
 31
0.0
  0
LINE
  5
2D5
330
2CE
100
AcDbEntity
  8
0
 62
    55
440
 16777216
370
    -2
100
AcDbLine
 10
139853.4561874552
 20
-167886.0781103667
 30
0.0
 11
139853.4561874552
 21
-167839.0781103664
 31
0.0
  0
SOLID
  5
2D6
330
2CE
100
AcDbEntity
  8
0
 62
    55
440
 16777216
100
AcDbTrace
 10
139848.4561874552
 20
-167916.0781103667
 30
0.0
 11
139858.4561874552
 21
-167916.0781103667
 31
0.0
 12
139853.4561874552
 22
-167886.0781103667
 32
0.0
 13
139853.4561874552
 23
-167886.0781103667
 33
0.0
  0
SOLID
  5
2D7
330
2CE
100
AcDbEntity
  8
0
 62
    55
440
 16777216
100
AcDbTrace
 10
139848.4561874552
 20
-167809.0781103664
 30
0.0
 11
139858.4561874552
 21
-167809.0781103664
 31
0.0
 12
139853.4561874552
 22
-167839.0781103664
 32
0.0
 13
139853.4561874552
 23
-167839.0781103664
 33
0.0
  0
MTEXT
  5
2D8
330
2CE
100
AcDbEntity
  8
0
 62
     1
440
 16777216
100
AcDbMText
 10
139894.9155947002
 20
-167751.5781103663
 30
0.0
 40
35.0
 41
0.0
 71
     5
 72
     1
  1
\A1;47
  7
010018$0$DIM
 73
     1
 44
1.0
  0
POINT
  5
2D9
330
2CE
100
AcDbEntity
  8
Defpoints
 62
     0
440
 16777216
100
AcDbPoint
 10
139896.3604453052
 20
-167886.0781103667
 30
0.0
  0
POINT
  5
2DA
330
2CE
100
AcDbEntity
  8
Defpoints
 62
     0
440
 16777216
100
AcDbPoint
 10
139892.964189783
 20
-167839.0781103664
 30
0.0
  0
POINT
  5
2DB
330
2CE
100
AcDbEntity
  8
Defpoints
 62
     0
440
 16777216
100
AcDbPoint
 10
139853.4561874552
 20
-167839.0781103664
 30
0.0
  0
ENDBLK
  5
2DC
330
2CE
100
AcDbEntity
  8
0
100
AcDbBlockEnd
  0
BLOCK
  5
308
330
307
100
AcDbEntity
  8
0
100
AcDbBlockBegin
  2
*D38
 70
     1
 10
0.0
 20
0.0
 30
0.0
  3
*D38
  1

  0
LINE
  5
309
330
307
100
AcDbEntity
  8
0
 62
    55
440
 16777216
370
    -2
100
AcDbLine
 10
140805.762524483
 20
-164961.0781103659
 30
0.0
 11
140805.762524483
 21
-164890.6896340428
 31
0.0
  0
LINE
  5
30A
330
307
100
AcDbEntity
  8
0
 62
    55
440
 16777216
370
    -2
100
AcDbLine
 10
140756.762524483
 20
-164945.0781103659
 30
0.0
 11
140756.762524483
 21
-164890.6896340428
 31
0.0
  0
LINE
  5
30B
330
307
100
AcDbEntity
  8
0
 62
    55
440
 16777216
370
    -2
100
AcDbLine
 10
140835.762524483
 20
-164900.6896340428
 30
0.0
 11
140865.762524483
 21
-164900.6896340428
 31
0.0
  0
LINE
  5
30C
330
307
100
AcDbEntity
  8
0
 62
    55
440
 16777216
370
    -2
100
AcDbLine
 10
140726.762524483
 20
-164900.6896340428
 30
0.0
 11
140696.762524483
 21
-164900.6896340428
 31
0.0
  0
LINE
  5
30D
330
307
100
AcDbEntity
  8
0
 62
    55
440
 16777216
370
    -2
100
AcDbLine
 10
140805.762524483
 20
-164900.6896340428
 30
0.0
 11
140756.762524483
 21
-164900.6896340428
 31
0.0
  0
SOLID
  5
30E
330
307
100
AcDbEntity
  8
0
 62
    55
440
 16777216
100
AcDbTrace
 10
140835.762524483
 20
-164895.6896340428
 30
0.0
 11
140835.762524483
 21
-164905.6896340428
 31
0.0
 12
140805.762524483
 22
-164900.6896340428
 32
0.0
 13
140805.762524483
 23
-164900.6896340428
 33
0.0
  0
SOLID
  5
30F
330
307
100
AcDbEntity
  8
0
 62
    55
440
 16777216
100
AcDbTrace
 10
140726.762524483
 20
-164895.6896340428
 30
0.0
 11
140726.762524483
 21
-164905.6896340428
 31
0.0
 12
140756.762524483
 22
-164900.6896340428
 32
0.0
 13
140756.762524483
 23
-164900.6896340428
 33
0.0
  0
MTEXT
  5
310
330
307
100
AcDbEntity
  8
0
 62
     1
440
 16777216
100
AcDbMText
 10
140781.262524483
 20
-164873.1896340428
 30
0.0
 40
35.0
 41
0.0
 71
     5
 72
     1
  1
\A1;49
  7
010018$0$DIM
 73
     1
 44
1.0
  0
POINT
  5
311
330
307
100
AcDbEntity
  8
Defpoints
 62
     0
440
 16777216
100
AcDbPoint
 10
140805.762524483
 20
-164981.0781103659
 30
0.0
  0
POINT
  5
312
330
307
100
AcDbEntity
  8
Defpoints
 62
     0
440
 16777216
100
AcDbPoint
 10
140756.762524483
 20
-164965.0781103659
 30
0.0
  0
POINT
  5
313
330
307
100
AcDbEntity
  8
Defpoints
 62
     0
440
 16777216
100
AcDbPoint
 10
140756.762524483
 20
-164900.6896340428
 30
0.0
  0
ENDBLK
  5
314
330
307
100
AcDbEntity
  8
0
100
AcDbBlockEnd
  0
BLOCK
  5
317
330
316
100
AcDbEntity
  8
0
100
AcDbBlockBegin
  2
*D39
 70
     1
 10
0.0
 20
0.0
 30
0.0
  3
*D39
  1

  0
LINE
  5
318
330
316
100
AcDbEntity
  8
0
 62
    55
440
 16777216
370
    -2
100
AcDbLine
 10
139359.5914221827
 20
-166054.5270081895
 30
0.0
 11
139359.5914221827
 21
-166078.657188779
 31
0.0
  0
LINE
  5
319
330
316
100
AcDbEntity
  8
0
 62
    55
440
 16777216
370
    -2
100
AcDbLine
 10
139323.591422182
 20
-166054.5270081895
 30
0.0
 11
139323.591422182
 21
-166078.657188779
 31
0.0
  0
LINE
  5
31A
330
316
100
AcDbEntity
  8
0
 62
    55
440
 16777216
370
    -2
100
AcDbLine
 10
139293.591422182
 20
-166068.657188779
 30
0.0
 11
139263.591422182
 21
-166068.657188779
 31
0.0
  0
LINE
  5
31B
330
316
100
AcDbEntity
  8
0
 62
    55
440
 16777216
370
    -2
100
AcDbLine
 10
139389.5914221827
 20
-166068.657188779
 30
0.0
 11
139512.9941359239
 21
-166068.657188779
 31
0.0
  0
LINE
  5
31C
330
316
100
AcDbEntity
  8
0
 62
    55
440
 16777216
370
    -2
100
AcDbLine
 10
139323.591422182
 20
-166068.657188779
 30
0.0
 11
139359.5914221827
 21
-166068.657188779
 31
0.0
  0
SOLID
  5
31D
330
316
100
AcDbEntity
  8
0
 62
    55
440
 16777216
100
AcDbTrace
 10
139293.591422182
 20
-166063.657188779
 30
0.0
 11
139293.591422182
 21
-166073.657188779
 31
0.0
 12
139323.591422182
 22
-166068.657188779
 32
0.0
 13
139323.591422182
 23
-166068.657188779
 33
0.0
  0
SOLID
  5
31E
330
316
100
AcDbEntity
  8
0
 62
    55
440
 16777216
100
AcDbTrace
 10
139389.5914221827
 20
-166063.657188779
 30
0.0
 11
139389.5914221827
 21
-166073.657188779
 31
0.0
 12
139359.5914221827
 22
-166068.657188779
 32
0.0
 13
139359.5914221827
 23
-166068.657188779
 33
0.0
  0
MTEXT
  5
31F
330
316
100
AcDbEntity
  8
0
 62
     1
440
 16777216
100
AcDbMText
 10
139473.2013953456
 20
-166041.157188779
 30
0.0
 40
35.0
 41
0.0
 71
     5
 72
     1
  1
\A1;36
  7
010018$0$DIM
 73
     1
 44
1.0
  0
POINT
  5
320
330
316
100
AcDbEntity
  8
Defpoints
 62
     0
440
 16777216
100
AcDbPoint
 10
139359.5914221827
 20
-166034.5270081895
 30
0.0
  0
POINT
  5
321
330
316
100
AcDbEntity
  8
Defpoints
 62
     0
440
 16777216
100
AcDbPoint
 10
139323.591422182
 20
-166034.5270081895
 30
0.0
  0
POINT
  5
322
330
316
100
AcDbEntity
  8
Defpoints
 62
     0
440
 16777216
100
AcDbPoint
 10
139323.591422182
 20
-166068.657188779
 30
0.0
  0
ENDBLK
  5
323
330
316
100
AcDbEntity
  8
0
100
AcDbBlockEnd
  0
BLOCK
  5
326
330
325
100
AcDbEntity
  8
0
100
AcDbBlockBegin
  2
*D40
 70
     1
 10
0.0
 20
0.0
 30
0.0
  3
*D40
  1

  0
LINE
  5
327
330
325
100
AcDbEntity
  8
0
 62
    55
440
 16777216
370
    -2
100
AcDbLine
 10
139323.5914221818
 20
-166205.0119237246
 30
0.0
 11
139323.5914221818
 21
-166195.0119237246
 31
0.0
  0
LINE
  5
328
330
325
100
AcDbEntity
  8
0
 62
    55
440
 16777216
370
    -2
100
AcDbLine
 10
139285.5914221822
 20
-166165.0119237246
 30
0.0
 11
139285.5914221822
 21
-166175.0119237246
 31
0.0
  0
LINE
  5
329
330
325
100
AcDbEntity
  8
0
 62
    55
440
 16777216
370
    -2
100
AcDbLine
 10
139255.5914221822
 20
-166185.0119237246
 30
0.0
 11
139225.5914221822
 21
-166185.0119237246
 31
0.0
  0
LINE
  5
32A
330
325
100
AcDbEntity
  8
0
 62
    55
440
 16777216
370
    -2
100
AcDbLine
 10
139353.5914221818
 20
-166185.0119237246
 30
0.0
 11
139494.5162776439
 21
-166185.0119237246
 31
0.0
  0
LINE
  5
32B
330
325
100
AcDbEntity
  8
0
 62
    55
440
 16777216
370
    -2
100
AcDbLine
 10
139285.5914221822
 20
-166185.0119237246
 30
0.0
 11
139323.5914221818
 21
-166185.0119237246
 31
0.0
  0
SOLID
  5
32C
330
325
100
AcDbEntity
  8
0
 62
    55
440
 16777216
100
AcDbTrace
 10
139255.5914221822
 20
-166180.0119237246
 30
0.0
 11
139255.5914221822
 21
-166190.0119237246
 31
0.0
 12
139285.5914221822
 22
-166185.0119237246
 32
0.0
 13
139285.5914221822
 23
-166185.0119237246
 33
0.0
  0
SOLID
  5
32D
330
325
100
AcDbEntity
  8
0
 62
    55
440
 16777216
100
AcDbTrace
 10
139353.5914221818
 20
-166180.0119237246
 30
0.0
 11
139353.5914221818
 21
-166190.0119237246
 31
0.0
 12
139323.5914221818
 22
-166185.0119237246
 32
0.0
 13
139323.5914221818
 23
-166185.0119237246
 33
0.0
  0
MTEXT
  5
32E
330
325
100
AcDbEntity
  8
0
 62
     1
440
 16777216
100
AcDbMText
 10
139453.8902037322
 20
-166157.5119237246
 30
0.0
 40
35.0
 41
0.0
 71
     5
 72
     1
  1
\A1;38
  7
010018$0$DIM
 73
     1
 44
1.0
  0
POINT
  5
32F
330
325
100
AcDbEntity
  8
Defpoints
 62
     0
440
 16777216
100
AcDbPoint
 10
139323.5914221818
 20
-166185.0119237246
 30
0.0
  0
POINT
  5
330
330
325
100
AcDbEntity
  8
Defpoints
 62
     0
440
 16777216
100
AcDbPoint
 10
139285.5914221822
 20
-166185.0119237246
 30
0.0
  0
POINT
  5
331
330
325
100
AcDbEntity
  8
Defpoints
 62
     0
440
 16777216
100
AcDbPoint
 10
139285.5914221822
 20
-166185.0119237246
 30
0.0
  0
ENDBLK
  5
332
330
325
100
AcDbEntity
  8
0
100
AcDbBlockEnd
  0
BLOCK
  5
335
330
334
100
AcDbEntity
  8
0
100
AcDbBlockBegin
  2
*D41
 70
     1
 10
0.0
 20
0.0
 30
0.0
  3
*D41
  1

  0
LINE
  5
336
330
334
100
AcDbEntity
  8
0
 62
    55
440
 16777216
370
    -2
100
AcDbLine
 10
139359.5914221829
 20
-165977.9629040165
 30
0.0
 11
139359.5914221829
 21
-165983.0236224819
 31
0.0
  0
LINE
  5
337
330
334
100
AcDbEntity
  8
0
 62
    55
440
 16777216
370
    -2
100
AcDbLine
 10
139410.5914221829
 20
-165987.9629040165
 30
0.0
 11
139410.5914221829
 21
-165983.0236224819
 31
0.0
  0
LINE
  5
338
330
334
100
AcDbEntity
  8
0
 62
    55
440
 16777216
370
    -2
100
AcDbLine
 10
139329.5914221829
 20
-165973.0236224819
 30
0.0
 11
139299.5914221829
 21
-165973.0236224819
 31
0.0
  0
LINE
  5
339
330
334
100
AcDbEntity
  8
0
 62
    55
440
 16777216
370
    -2
100
AcDbLine
 10
139440.5914221829
 20
-165973.0236224819
 30
0.0
 11
139539.8499826351
 21
-165973.0236224819
 31
0.0
  0
LINE
  5
33A
330
334
100
AcDbEntity
  8
0
 62
    55
440
 16777216
370
    -2
100
AcDbLine
 10
139359.5914221829
 20
-165973.0236224819
 30
0.0
 11
139410.5914221829
 21
-165973.0236224819
 31
0.0
  0
SOLID
  5
33B
330
334
100
AcDbEntity
  8
0
 62
    55
440
 16777216
100
AcDbTrace
 10
139329.5914221829
 20
-165968.0236224819
 30
0.0
 11
139329.5914221829
 21
-165978.0236224819
 31
0.0
 12
139359.5914221829
 22
-165973.0236224819
 32
0.0
 13
139359.5914221829
 23
-165973.0236224819
 33
0.0
  0
SOLID
  5
33C
330
334
100
AcDbEntity
  8
0
 62
    55
440
 16777216
100
AcDbTrace
 10
139440.5914221829
 20
-165968.0236224819
 30
0.0
 11
139440.5914221829
 21
-165978.0236224819
 31
0.0
 12
139410.5914221829
 22
-165973.0236224819
 32
0.0
 13
139410.5914221829
 23
-165973.0236224819
 33
0.0
  0
MTEXT
  5
33D
330
334
100
AcDbEntity
  8
0
 62
     1
440
 16777216
100
AcDbMText
 10
139505.220702409
 20
-165945.5236224819
 30
0.0
 40
35.0
 41
0.0
 71
     5
 72
     1
  1
\A1;51
  7
010018$0$DIM
 73
     1
 44
1.0
  0
POINT
  5
33E
330
334
100
AcDbEntity
  8
Defpoints
 62
     0
440
 16777216
100
AcDbPoint
 10
139359.5914221829
 20
-165957.9629040165
 30
0.0
  0
POINT
  5
33F
330
334
100
AcDbEntity
  8
Defpoints
 62
     0
440
 16777216
100
AcDbPoint
 10
139410.5914221829
 20
-165967.9629040165
 30
0.0
  0
POINT
  5
340
330
334
100
AcDbEntity
  8
Defpoints
 62
     0
440
 16777216
100
AcDbPoint
 10
139410.5914221829
 20
-165973.0236224819
 30
0.0
  0
ENDBLK
  5
341
330
334
100
AcDbEntity
  8
0
100
AcDbBlockEnd
  0
BLOCK
  5
347
330
346
100
AcDbEntity
  8
0
100
AcDbBlockBegin
  2
*D42
 70
     1
 10
0.0
 20
0.0
 30
0.0
  3
*D42
  1

  0
LINE
  5
348
330
346
100
AcDbEntity
  8
0
 62
    55
440
 16777216
370
    -2
100
AcDbLine
 10
140391.5914221831
 20
-166690.0414924036
 30
0.0
 11
140391.5914221831
 21
-166695.102210869
 31
0.0
  0
LINE
  5
349
330
346
100
AcDbEntity
  8
0
 62
    55
440
 16777216
370
    -2
100
AcDbLine
 10
140342.5914221831
 20
-166700.0414924036
 30
0.0
 11
140342.5914221831
 21
-166695.102210869
 31
0.0
  0
LINE
  5
34A
330
346
100
AcDbEntity
  8
0
 62
    55
440
 16777216
370
    -2
100
AcDbLine
 10
140421.5914221831
 20
-166685.102210869
 30
0.0
 11
140451.5914221831
 21
-166685.102210869
 31
0.0
  0
LINE
  5
34B
330
346
100
AcDbEntity
  8
0
 62
    55
440
 16777216
370
    -2
100
AcDbLine
 10
140312.5914221831
 20
-166685.102210869
 30
0.0
 11
140204.3456869886
 21
-166685.102210869
 31
0.0
  0
LINE
  5
34C
330
346
100
AcDbEntity
  8
0
 62
    55
440
 16777216
370
    -2
100
AcDbLine
 10
140391.5914221831
 20
-166685.102210869
 30
0.0
 11
140342.5914221831
 21
-166685.102210869
 31
0.0
  0
SOLID
  5
34D
330
346
100
AcDbEntity
  8
0
 62
    55
440
 16777216
100
AcDbTrace
 10
140421.5914221831
 20
-166680.102210869
 30
0.0
 11
140421.5914221831
 21
-166690.102210869
 31
0.0
 12
140391.5914221831
 22
-166685.102210869
 32
0.0
 13
140391.5914221831
 23
-166685.102210869
 33
0.0
  0
SOLID
  5
34E
330
346
100
AcDbEntity
  8
0
 62
    55
440
 16777216
100
AcDbTrace
 10
140312.5914221831
 20
-166680.102210869
 30
0.0
 11
140312.5914221831
 21
-166690.102210869
 31
0.0
 12
140342.5914221831
 22
-166685.102210869
 32
0.0
 13
140342.5914221831
 23
-166685.102210869
 33
0.0
  0
MTEXT
  5
34F
330
346
100
AcDbEntity
  8
0
 62
     1
440
 16777216
100
AcDbMText
 10
140243.4685545859
 20
-166657.602210869
 30
0.0
 40
35.0
 41
0.0
 71
     5
 72
     1
  1
\A1;49
  7
010018$0$DIM
 73
     1
 44
1.0
  0
POINT
  5
350
330
346
100
AcDbEntity
  8
Defpoints
 62
     0
440
 16777216
100
AcDbPoint
 10
140391.5914221831
 20
-166670.0414924036
 30
0.0
  0
POINT
  5
351
330
346
100
AcDbEntity
  8
Defpoints
 62
     0
440
 16777216
100
AcDbPoint
 10
140342.5914221831
 20
-166680.0414924036
 30
0.0
  0
POINT
  5
352
330
346
100
AcDbEntity
  8
Defpoints
 62
     0
440
 16777216
100
AcDbPoint
 10
140342.5914221831
 20
-166685.102210869
 30
0.0
  0
ENDBLK
  5
353
330
346
100
AcDbEntity
  8
0
100
AcDbBlockEnd
  0
BLOCK
  5
357
330
356
100
AcDbEntity
  8
0
100
AcDbBlockBegin
  2
*D43
 70
     1
 10
0.0
 20
0.0
 30
0.0
  3
*D43
  1

  0
LINE
  5
358
330
356
100
AcDbEntity
  8
Dim LengthForAreaNetto
440
 16777216
370
    -2
100
AcDbLine
 10
140825.762524483
 20
-164971.078110366
 30
0.0
 11
140988.0662098175
 21
-164971.078110366
 31
0.0
  0
LINE
  5
359
330
356
100
AcDbEntity
  8
Dim LengthForAreaNetto
440
 16777216
370
    -2
100
AcDbLine
 10
140825.762524483
 20
-167851.078110366
 30
0.0
 11
140988.0662098175
 21
-167851.078110366
 31
0.0
  0
LINE
  5
35A
330
356
100
AcDbEntity
  8
Dim LengthForAreaNetto
440
 16777216
370
    -2
100
AcDbLine
 10
140978.0662098175
 20
-165001.078110366
 30
0.0
 11
140978.0662098175
 21
-167821.078110366
 31
0.0
  0
SOLID
  5
35B
330
356
100
AcDbEntity
  8
Dim LengthForAreaNetto
440
 16777216
100
AcDbTrace
 10
140973.0662098175
 20
-165001.078110366
 30
0.0
 11
140983.0662098175
 21
-165001.078110366
 31
0.0
 12
140978.0662098175
 22
-164971.078110366
 32
0.0
 13
140978.0662098175
 23
-164971.078110366
 33
0.0
  0
SOLID
  5
35C
330
356
100
AcDbEntity
  8
Dim LengthForAreaNetto
440
 16777216
100
AcDbTrace
 10
140973.0662098175
 20
-167821.078110366
 30
0.0
 11
140983.0662098175
 21
-167821.078110366
 31
0.0
 12
140978.0662098175
 22
-167851.078110366
 32
0.0
 13
140978.0662098175
 23
-167851.078110366
 33
0.0
  0
MTEXT
  5
35D
330
356
100
AcDbEntity
  8
Dim LengthForAreaNetto
440
 16777216
100
AcDbMText
 10
140950.5662098174
 20
-166411.078110366
 30
0.0
 40
35.0
 41
0.0
 71
     5
 72
     1
  1
\A1;2880
  7
010018$0$DIM
 11
6.123233995736766E-17
 21
1.0
 31
0.0
 73
     1
 44
1.0
  0
POINT
  5
35E
330
356
100
AcDbEntity
  8
Defpoints
 62
     0
440
 16777216
100
AcDbPoint
 10
140805.762524483
 20
-164971.078110366
 30
0.0
  0
POINT
  5
35F
330
356
100
AcDbEntity
  8
Defpoints
 62
     0
440
 16777216
100
AcDbPoint
 10
140805.762524483
 20
-167851.078110366
 30
0.0
  0
POINT
  5
360
330
356
100
AcDbEntity
  8
Defpoints
 62
     0
440
 16777216
100
AcDbPoint
 10
140978.0662098175
 20
-167851.078110366
 30
0.0
  0
ENDBLK
  5
361
330
356
100
AcDbEntity
  8
0
100
AcDbBlockEnd
  0
BLOCK
  5
366
330
365
100
AcDbEntity
  8
0
100
AcDbBlockBegin
  2
*D44
 70
     1
 10
0.0
 20
0.0
 30
0.0
  3
*D44
  1

  0
LINE
  5
367
330
365
100
AcDbEntity
  8
0
 62
    55
440
 16777216
370
    -2
100
AcDbLine
 10
140825.762524483
 20
-167841.078110366
 30
0.0
 11
140920.2238661817
 21
-167841.078110366
 31
0.0
  0
LINE
  5
368
330
365
100
AcDbEntity
  8
0
 62
    55
440
 16777216
370
    -2
100
AcDbLine
 10
140825.762524483
 20
-164981.078110366
 30
0.0
 11
140920.2238661817
 21
-164981.078110366
 31
0.0
  0
LINE
  5
369
330
365
100
AcDbEntity
  8
0
 62
    55
440
 16777216
370
    -2
100
AcDbLine
 10
140910.2238661817
 20
-167811.078110366
 30
0.0
 11
140910.2238661817
 21
-165011.078110366
 31
0.0
  0
SOLID
  5
36A
330
365
100
AcDbEntity
  8
0
 62
    55
440
 16777216
100
AcDbTrace
 10
140905.2238661817
 20
-167811.078110366
 30
0.0
 11
140915.2238661817
 21
-167811.078110366
 31
0.0
 12
140910.2238661817
 22
-167841.078110366
 32
0.0
 13
140910.2238661817
 23
-167841.078110366
 33
0.0
  0
SOLID
  5
36B
330
365
100
AcDbEntity
  8
0
 62
    55
440
 16777216
100
AcDbTrace
 10
140905.2238661817
 20
-165011.078110366
 30
0.0
 11
140915.2238661817
 21
-165011.078110366
 31
0.0
 12
140910.2238661817
 22
-164981.078110366
 32
0.0
 13
140910.2238661817
 23
-164981.078110366
 33
0.0
  0
MTEXT
  5
36C
330
365
100
AcDbEntity
  8
0
 62
     1
440
 16777216
100
AcDbMText
 10
140882.7238661816
 20
-166411.078110366
 30
0.0
 40
35.0
 41
0.0
 71
     5
 72
     1
  1
\A1;2860
  7
010018$0$DIM
 11
6.123233995736766E-17
 21
1.0
 31
0.0
 73
     1
 44
1.0
  0
POINT
  5
36D
330
365
100
AcDbEntity
  8
Defpoints
 62
     0
440
 16777216
100
AcDbPoint
 10
140805.762524483
 20
-167841.078110366
 30
0.0
  0
POINT
  5
36E
330
365
100
AcDbEntity
  8
Defpoints
 62
     0
440
 16777216
100
AcDbPoint
 10
140805.762524483
 20
-164981.078110366
 30
0.0
  0
POINT
  5
36F
330
365
100
AcDbEntity
  8
Defpoints
 62
     0
440
 16777216
100
AcDbPoint
 10
140910.2238661817
 20
-164981.078110366
 30
0.0
  0
ENDBLK
  5
370
330
365
100
AcDbEntity
  8
0
100
AcDbBlockEnd
  0
BLOCK
  5
373
330
372
100
AcDbEntity
  8
0
100
AcDbBlockBegin
  2
*D45
 70
     1
 10
0.0
 20
0.0
 30
0.0
  3
*D45
  1

  0
LINE
  5
374
330
372
100
AcDbEntity
  8
0
 62
    55
440
 16777216
370
    -2
100
AcDbLine
 10
140736.762524483
 20
-164983.078110366
 30
0.0
 11
140685.0265531944
 21
-164983.078110366
 31
0.0
  0
LINE
  5
375
330
372
100
AcDbEntity
  8
0
 62
    55
440
 16777216
370
    -2
100
AcDbLine
 10
140736.762524483
 20
-164965.078110366
 30
0.0
 11
140685.0265531944
 21
-164965.078110366
 31
0.0
  0
LINE
  5
376
330
372
100
AcDbEntity
  8
0
 62
    55
440
 16777216
370
    -2
100
AcDbLine
 10
140695.0265531944
 20
-164935.078110366
 30
0.0
 11
140695.0265531944
 21
-164905.078110366
 31
0.0
  0
LINE
  5
377
330
372
100
AcDbEntity
  8
0
 62
    55
440
 16777216
370
    -2
100
AcDbLine
 10
140695.0265531944
 20
-165013.078110366
 30
0.0
 11
140695.0265531944
 21
-165043.078110366
 31
0.0
  0
LINE
  5
378
330
372
100
AcDbEntity
  8
0
 62
    55
440
 16777216
370
    -2
100
AcDbLine
 10
140695.0265531944
 20
-165043.078110366
 30
0.0
 11
140636.2466378737
 21
-165043.078110366
 31
0.0
  0
LINE
  5
379
330
372
100
AcDbEntity
  8
0
 62
    55
440
 16777216
370
    -2
100
AcDbLine
 10
140695.0265531944
 20
-164965.078110366
 30
0.0
 11
140695.0265531944
 21
-164983.078110366
 31
0.0
  0
SOLID
  5
37A
330
372
100
AcDbEntity
  8
0
 62
    55
440
 16777216
100
AcDbTrace
 10
140690.0265531944
 20
-164935.078110366
 30
0.0
 11
140700.0265531944
 21
-164935.078110366
 31
0.0
 12
140695.0265531944
 22
-164965.078110366
 32
0.0
 13
140695.0265531944
 23
-164965.078110366
 33
0.0
  0
SOLID
  5
37B
330
372
100
AcDbEntity
  8
0
 62
    55
440
 16777216
100
AcDbTrace
 10
140690.0265531944
 20
-165013.078110366
 30
0.0
 11
140700.0265531944
 21
-165013.078110366
 31
0.0
 12
140695.0265531944
 22
-164983.078110366
 32
0.0
 13
140695.0265531944
 23
-164983.078110366
 33
0.0
  0
MTEXT
  5
37C
330
372
100
AcDbEntity
  8
0
 62
     1
440
 16777216
100
AcDbMText
 10
140660.636595534
 20
-165015.578110366
 30
0.0
 40
35.0
 41
0.0
 71
     5
 72
     1
  1
\A1;18
  7
010018$0$DIM
 73
     1
 44
1.0
  0
POINT
  5
37D
330
372
100
AcDbEntity
  8
Defpoints
 62
     0
440
 16777216
100
AcDbPoint
 10
140756.762524483
 20
-164983.078110366
 30
0.0
  0
POINT
  5
37E
330
372
100
AcDbEntity
  8
Defpoints
 62
     0
440
 16777216
100
AcDbPoint
 10
140756.762524483
 20
-164965.078110366
 30
0.0
  0
POINT
  5
37F
330
372
100
AcDbEntity
  8
Defpoints
 62
     0
440
 16777216
100
AcDbPoint
 10
140695.0265531944
 20
-164965.078110366
 30
0.0
  0
ENDBLK
  5
380
330
372
100
AcDbEntity
  8
0
100
AcDbBlockEnd
  0
BLOCK
  5
393
330
392
100
AcDbEntity
  8
0
100
AcDbBlockBegin
  2
*D46
 70
     1
 10
0.0
 20
0.0
 30
0.0
  3
*D46
  1

  0
LINE
  5
394
330
392
100
AcDbEntity
  8
0
 62
    55
440
 16777216
370
    -2
100
AcDbLine
 10
139410.5914221827
 20
-168291.4566799582
 30
0.0
 11
139410.5914221827
 21
-168226.1329359151
 31
0.0
  0
LINE
  5
395
330
392
100
AcDbEntity
  8
0
 62
    55
440
 16777216
370
    -2
100
AcDbLine
 10
139370.5914221826
 20
-168291.4566799582
 30
0.0
 11
139370.5914221826
 21
-168226.1329359151
 31
0.0
  0
LINE
  5
396
330
392
100
AcDbEntity
  8
0
 62
    55
440
 16777216
370
    -2
100
AcDbLine
 10
139440.5914221827
 20
-168236.1329359151
 30
0.0
 11
139470.5914221827
 21
-168236.1329359151
 31
0.0
  0
LINE
  5
397
330
392
100
AcDbEntity
  8
0
 62
    55
440
 16777216
370
    -2
100
AcDbLine
 10
139340.5914221826
 20
-168236.1329359151
 30
0.0
 11
139310.5914221826
 21
-168236.1329359151
 31
0.0
  0
LINE
  5
398
330
392
100
AcDbEntity
  8
0
 62
    55
440
 16777216
370
    -2
100
AcDbLine
 10
139410.5914221827
 20
-168236.1329359151
 30
0.0
 11
139370.5914221826
 21
-168236.1329359151
 31
0.0
  0
SOLID
  5
399
330
392
100
AcDbEntity
  8
0
 62
    55
440
 16777216
100
AcDbTrace
 10
139440.5914221827
 20
-168231.1329359151
 30
0.0
 11
139440.5914221827
 21
-168241.1329359151
 31
0.0
 12
139410.5914221827
 22
-168236.1329359151
 32
0.0
 13
139410.5914221827
 23
-168236.1329359151
 33
0.0
  0
SOLID
  5
39A
330
392
100
AcDbEntity
  8
0
 62
    55
440
 16777216
100
AcDbTrace
 10
139340.5914221826
 20
-168231.1329359151
 30
0.0
 11
139340.5914221826
 21
-168241.1329359151
 31
0.0
 12
139370.5914221826
 22
-168236.1329359151
 32
0.0
 13
139370.5914221826
 23
-168236.1329359151
 33
0.0
  0
MTEXT
  5
39B
330
392
100
AcDbEntity
  8
0
 62
     1
440
 16777216
100
AcDbMText
 10
139390.5914221827
 20
-168208.6329359151
 30
0.0
 40
35.0
 41
0.0
 71
     5
 72
     1
  1
\A1;40
  7
010018$0$DIM
 73
     1
 44
1.0
  0
POINT
  5
39C
330
392
100
AcDbEntity
  8
Defpoints
 62
     0
440
 16777216
100
AcDbPoint
 10
139410.5914221827
 20
-168311.4566799582
 30
0.0
  0
POINT
  5
39D
330
392
100
AcDbEntity
  8
Defpoints
 62
     0
440
 16777216
100
AcDbPoint
 10
139370.5914221826
 20
-168311.4566799582
 30
0.0
  0
POINT
  5
39E
330
392
100
AcDbEntity
  8
Defpoints
 62
     0
440
 16777216
100
AcDbPoint
 10
139370.5914221826
 20
-168236.1329359151
 30
0.0
  0
ENDBLK
  5
39F
330
392
100
AcDbEntity
  8
0
100
AcDbBlockEnd
  0
BLOCK
  5
3A2
330
3A1
100
AcDbEntity
  8
0
100
AcDbBlockBegin
  2
*D47
 70
     1
 10
0.0
 20
0.0
 30
0.0
  3
*D47
  1

  0
LINE
  5
3A3
330
3A1
100
AcDbEntity
  8
0
 62
    55
440
 16777216
370
    -2
100
AcDbLine
 10
139350.5914221827
 20
-168311.4566799583
 30
0.0
 11
139317.7135060069
 21
-168311.4566799583
 31
0.0
  0
LINE
  5
3A4
330
3A1
100
AcDbEntity
  8
0
 62
    55
440
 16777216
370
    -2
100
AcDbLine
 10
139350.5914221827
 20
-168351.4566799583
 30
0.0
 11
139317.7135060069
 21
-168351.4566799583
 31
0.0
  0
LINE
  5
3A5
330
3A1
100
AcDbEntity
  8
0
 62
    55
440
 16777216
370
    -2
100
AcDbLine
 10
139327.7135060069
 20
-168281.4566799583
 30
0.0
 11
139327.7135060069
 21
-168251.4566799583
 31
0.0
  0
LINE
  5
3A6
330
3A1
100
AcDbEntity
  8
0
 62
    55
440
 16777216
370
    -2
100
AcDbLine
 10
139327.7135060069
 20
-168381.4566799583
 30
0.0
 11
139327.7135060069
 21
-168411.4566799583
 31
0.0
  0
LINE
  5
3A7
330
3A1
100
AcDbEntity
  8
0
 62
    55
440
 16777216
370
    -2
100
AcDbLine
 10
139327.7135060069
 20
-168411.4566799583
 30
0.0
 11
139258.247686133
 21
-168411.4566799583
 31
0.0
  0
LINE
  5
3A8
330
3A1
100
AcDbEntity
  8
0
 62
    55
440
 16777216
370
    -2
100
AcDbLine
 10
139327.7135060069
 20
-168311.4566799583
 30
0.0
 11
139327.7135060069
 21
-168351.4566799583
 31
0.0
  0
SOLID
  5
3A9
330
3A1
100
AcDbEntity
  8
0
 62
    55
440
 16777216
100
AcDbTrace
 10
139322.7135060069
 20
-168281.4566799583
 30
0.0
 11
139332.7135060069
 21
-168281.4566799583
 31
0.0
 12
139327.7135060069
 22
-168311.4566799583
 32
0.0
 13
139327.7135060069
 23
-168311.4566799583
 33
0.0
  0
SOLID
  5
3AA
330
3A1
100
AcDbEntity
  8
0
 62
    55
440
 16777216
100
AcDbTrace
 10
139322.7135060069
 20
-168381.4566799583
 30
0.0
 11
139332.7135060069
 21
-168381.4566799583
 31
0.0
 12
139327.7135060069
 22
-168351.4566799583
 32
0.0
 13
139327.7135060069
 23
-168351.4566799583
 33
0.0
  0
MTEXT
  5
3AB
330
3A1
100
AcDbEntity
  8
0
 62
     1
440
 16777216
100
AcDbMText
 10
139287.9805960699
 20
-168383.9566799583
 30
0.0
 40
35.0
 41
0.0
 71
     5
 72
     1
  1
\A1;40
  7
010018$0$DIM
 73
     1
 44
1.0
  0
POINT
  5
3AC
330
3A1
100
AcDbEntity
  8
Defpoints
 62
     0
440
 16777216
100
AcDbPoint
 10
139370.5914221827
 20
-168311.4566799583
 30
0.0
  0
POINT
  5
3AD
330
3A1
100
AcDbEntity
  8
Defpoints
 62
     0
440
 16777216
100
AcDbPoint
 10
139370.5914221827
 20
-168351.4566799583
 30
0.0
  0
POINT
  5
3AE
330
3A1
100
AcDbEntity
  8
Defpoints
 62
     0
440
 16777216
100
AcDbPoint
 10
139327.7135060069
 20
-168351.4566799583
 30
0.0
  0
ENDBLK
  5
3AF
330
3A1
100
AcDbEntity
  8
0
100
AcDbBlockEnd
  0
BLOCK
  5
3B9
330
3B8
100
AcDbEntity
  8
0
100
AcDbBlockBegin
  2
*D48
 70
     1
 10
0.0
 20
0.0
 30
0.0
  3
*D48
  1

  0
LINE
  5
3BA
330
3B8
100
AcDbEntity
  8
0
 62
    55
440
 16777216
370
    -2
100
AcDbLine
 10
139430.5914221827
 20
-168311.4566799583
 30
0.0
 11
139504.4410747625
 21
-168311.4566799583
 31
0.0
  0
LINE
  5
3BB
330
3B8
100
AcDbEntity
  8
0
 62
    55
440
 16777216
370
    -2
100
AcDbLine
 10
139428.5914221827
 20
-168366.4566799583
 30
0.0
 11
139504.4410747625
 21
-168366.4566799583
 31
0.0
  0
LINE
  5
3BC
330
3B8
100
AcDbEntity
  8
0
 62
    55
440
 16777216
370
    -2
100
AcDbLine
 10
139494.4410747625
 20
-168281.4566799583
 30
0.0
 11
139494.4410747625
 21
-168251.4566799583
 31
0.0
  0
LINE
  5
3BD
330
3B8
100
AcDbEntity
  8
0
 62
    55
440
 16777216
370
    -2
100
AcDbLine
 10
139494.4410747625
 20
-168396.4566799583
 30
0.0
 11
139494.4410747625
 21
-168426.4566799583
 31
0.0
  0
LINE
  5
3BE
330
3B8
100
AcDbEntity
  8
0
 62
    55
440
 16777216
370
    -2
100
AcDbLine
 10
139494.4410747625
 20
-168311.4566799583
 30
0.0
 11
139494.4410747625
 21
-168366.4566799583
 31
0.0
  0
SOLID
  5
3BF
330
3B8
100
AcDbEntity
  8
0
 62
    55
440
 16777216
100
AcDbTrace
 10
139489.4410747625
 20
-168281.4566799583
 30
0.0
 11
139499.4410747625
 21
-168281.4566799583
 31
0.0
 12
139494.4410747625
 22
-168311.4566799583
 32
0.0
 13
139494.4410747625
 23
-168311.4566799583
 33
0.0
  0
SOLID
  5
3C0
330
3B8
100
AcDbEntity
  8
0
 62
    55
440
 16777216
100
AcDbTrace
 10
139489.4410747625
 20
-168396.4566799583
 30
0.0
 11
139499.4410747625
 21
-168396.4566799583
 31
0.0
 12
139494.4410747625
 22
-168366.4566799583
 32
0.0
 13
139494.4410747625
 23
-168366.4566799583
 33
0.0
  0
MTEXT
  5
3C1
330
3B8
100
AcDbEntity
  8
0
 62
     1
440
 16777216
100
AcDbMText
 10
139466.9410747624
 20
-168338.9566799583
 30
0.0
 40
35.0
 41
0.0
 71
     5
 72
     1
  1
\A1;55
  7
010018$0$DIM
 11
6.123233995736766E-17
 21
1.0
 31
0.0
 73
     1
 44
1.0
  0
POINT
  5
3C2
330
3B8
100
AcDbEntity
  8
Defpoints
 62
     0
440
 16777216
100
AcDbPoint
 10
139410.5914221827
 20
-168311.4566799583
 30
0.0
  0
POINT
  5
3C3
330
3B8
100
AcDbEntity
  8
Defpoints
 62
     0
440
 16777216
100
AcDbPoint
 10
139408.5914221827
 20
-168366.4566799583
 30
0.0
  0
POINT
  5
3C4
330
3B8
100
AcDbEntity
  8
Defpoints
 62
     0
440
 16777216
100
AcDbPoint
 10
139494.4410747625
 20
-168366.4566799583
 30
0.0
  0
ENDBLK
  5
3C5
330
3B8
100
AcDbEntity
  8
0
100
AcDbBlockEnd
  0
BLOCK
  5
3C9
330
3C8
100
AcDbEntity
  8
0
100
AcDbBlockBegin
  2
*D49
 70
     1
 10
0.0
 20
0.0
 30
0.0
  3
*D49
  1

  0
LINE
  5
3CA
330
3C8
100
AcDbEntity
  8
0
 62
    55
440
 16777216
370
    -2
100
AcDbLine
 10
139285.5914221829
 20
-164991.5781103651
 30
0.0
 11
139285.5914221829
 21
-164709.6730589808
 31
0.0
  0
LINE
  5
3CB
330
3C8
100
AcDbEntity
  8
0
 62
    55
440
 16777216
370
    -2
100
AcDbLine
 10
140407.591422183
 20
-164961.0781103658
 30
0.0
 11
140407.591422183
 21
-164709.6730589808
 31
0.0
  0
LINE
  5
3CC
330
3C8
100
AcDbEntity
  8
0
 62
    55
440
 16777216
370
    -2
100
AcDbLine
 10
139315.5914221829
 20
-164719.6730589808
 30
0.0
 11
140377.591422183
 21
-164719.6730589808
 31
0.0
  0
SOLID
  5
3CD
330
3C8
100
AcDbEntity
  8
0
 62
    55
440
 16777216
100
AcDbTrace
 10
139315.5914221829
 20
-164714.6730589808
 30
0.0
 11
139315.5914221829
 21
-164724.6730589808
 31
0.0
 12
139285.5914221829
 22
-164719.6730589808
 32
0.0
 13
139285.5914221829
 23
-164719.6730589808
 33
0.0
  0
SOLID
  5
3CE
330
3C8
100
AcDbEntity
  8
0
 62
    55
440
 16777216
100
AcDbTrace
 10
140377.591422183
 20
-164714.6730589808
 30
0.0
 11
140377.591422183
 21
-164724.6730589808
 31
0.0
 12
140407.591422183
 22
-164719.6730589808
 32
0.0
 13
140407.591422183
 23
-164719.6730589808
 33
0.0
  0
MTEXT
  5
3CF
330
3C8
100
AcDbEntity
  8
0
 62
     1
440
 16777216
100
AcDbMText
 10
139846.591422183
 20
-164679.6730589808
 30
0.0
 40
40.0
 41
0.0
 71
     5
 72
     1
  1
\A1;1122
  7
010018$0$DIM
 73
     1
 44
1.0
  0
LINE
  5
3D0
330
3C8
100
AcDbEntity
  8
0
 62
    55
440
 16777216
370
    -2
100
AcDbLine
 10
139774.6866602782
 20
-164709.6730589808
 30
0.0
 11
139918.4961840877
 21
-164709.6730589808
 31
0.0
  0
LINE
  5
3D1
330
3C8
100
AcDbEntity
  8
0
 62
    55
440
 16777216
370
    -2
100
AcDbLine
 10
139918.4961840877
 20
-164709.6730589808
 30
0.0
 11
139918.4961840877
 21
-164649.6730589808
 31
0.0
  0
LINE
  5
3D2
330
3C8
100
AcDbEntity
  8
0
 62
    55
440
 16777216
370
    -2
100
AcDbLine
 10
139918.4961840877
 20
-164649.6730589808
 30
0.0
 11
139774.6866602782
 21
-164649.6730589808
 31
0.0
  0
LINE
  5
3D3
330
3C8
100
AcDbEntity
  8
0
 62
    55
440
 16777216
370
    -2
100
AcDbLine
 10
139774.6866602782
 20
-164649.6730589808
 30
0.0
 11
139774.6866602782
 21
-164709.6730589808
 31
0.0
  0
POINT
  5
3D4
330
3C8
100
AcDbEntity
  8
Defpoints
 62
     0
440
 16777216
100
AcDbPoint
 10
139285.5914221829
 20
-165011.5781103651
 30
0.0
  0
POINT
  5
3D5
330
3C8
100
AcDbEntity
  8
Defpoints
 62
     0
440
 16777216
100
AcDbPoint
 10
140407.591422183
 20
-164981.0781103658
 30
0.0
  0
POINT
  5
3D6
330
3C8
100
AcDbEntity
  8
Defpoints
 62
     0
440
 16777216
100
AcDbPoint
 10
140407.591422183
 20
-164719.6730589808
 30
0.0
  0
ENDBLK
  5
3D7
330
3C8
100
AcDbEntity
  8
0
100
AcDbBlockEnd
  0
BLOCK
  5
3DA
330
3D9
100
AcDbEntity
  8
0
100
AcDbBlockBegin
  2
*D50
 70
     1
 10
0.0
 20
0.0
 30
0.0
  3
*D50
  1

  0
LINE
  5
3DB
330
3D9
100
AcDbEntity
  8
0
 62
    55
440
 16777216
370
    -2
100
AcDbLine
 10
139388.5914235781
 20
-164922.0781103658
 30
0.0
 11
139061.4383647516
 21
-164922.0781103658
 31
0.0
  0
LINE
  5
3DC
330
3D9
100
AcDbEntity
  8
0
 62
    55
440
 16777216
370
    -2
100
AcDbLine
 10
139388.5914221832
 20
-167902.0781103667
 30
0.0
 11
139061.4383647516
 21
-167902.0781103667
 31
0.0
  0
LINE
  5
3DD
330
3D9
100
AcDbEntity
  8
0
 62
    55
440
 16777216
370
    -2
100
AcDbLine
 10
139071.4383647516
 20
-164952.0781103658
 30
0.0
 11
139071.4383647516
 21
-167872.0781103667
 31
0.0
  0
SOLID
  5
3DE
330
3D9
100
AcDbEntity
  8
0
 62
    55
440
 16777216
100
AcDbTrace
 10
139066.4383647516
 20
-164952.0781103658
 30
0.0
 11
139076.4383647516
 21
-164952.0781103658
 31
0.0
 12
139071.4383647516
 22
-164922.0781103658
 32
0.0
 13
139071.4383647516
 23
-164922.0781103658
 33
0.0
  0
SOLID
  5
3DF
330
3D9
100
AcDbEntity
  8
0
 62
    55
440
 16777216
100
AcDbTrace
 10
139066.4383647516
 20
-167872.0781103667
 30
0.0
 11
139076.4383647516
 21
-167872.0781103667
 31
0.0
 12
139071.4383647516
 22
-167902.0781103667
 32
0.0
 13
139071.4383647516
 23
-167902.0781103667
 33
0.0
  0
MTEXT
  5
3E0
330
3D9
100
AcDbEntity
  8
0
 62
     1
440
 16777216
100
AcDbMText
 10
139031.4383647515
 20
-166412.0781103662
 30
0.0
 40
40.0
 41
0.0
 71
     5
 72
     1
  1
\A1;2980
  7
010018$0$DIM
 11
6.123233995736766E-17
 21
1.0
 31
0.0
 73
     1
 44
1.0
  0
LINE
  5
3E1
330
3D9
100
AcDbEntity
  8
0
 62
    55
440
 16777216
370
    -2
100
AcDbLine
 10
139061.4383647516
 20
-166495.9401449104
 30
0.0
 11
139061.4383647516
 21
-166328.2160758221
 31
0.0
  0
LINE
  5
3E2
330
3D9
100
AcDbEntity
  8
0
 62
    55
440
 16777216
370
    -2
100
AcDbLine
 10
139061.4383647516
 20
-166328.2160758221
 30
0.0
 11
139001.4383647516
 21
-166328.2160758221
 31
0.0
  0
LINE
  5
3E3
330
3D9
100
AcDbEntity
  8
0
 62
    55
440
 16777216
370
    -2
100
AcDbLine
 10
139001.4383647516
 20
-166328.2160758221
 30
0.0
 11
139001.4383647516
 21
-166495.9401449104
 31
0.0
  0
LINE
  5
3E4
330
3D9
100
AcDbEntity
  8
0
 62
    55
440
 16777216
370
    -2
100
AcDbLine
 10
139001.4383647516
 20
-166495.9401449104
 30
0.0
 11
139061.4383647516
 21
-166495.9401449104
 31
0.0
  0
POINT
  5
3E5
330
3D9
100
AcDbEntity
  8
Defpoints
 62
     0
440
 16777216
100
AcDbPoint
 10
139408.5914235781
 20
-164922.0781103658
 30
0.0
  0
POINT
  5
3E6
330
3D9
100
AcDbEntity
  8
Defpoints
 62
     0
440
 16777216
100
AcDbPoint
 10
139408.5914221832
 20
-167902.0781103667
 30
0.0
  0
POINT
  5
3E7
330
3D9
100
AcDbEntity
  8
Defpoints
 62
     0
440
 16777216
100
AcDbPoint
 10
139071.4383647516
 20
-167902.0781103667
 30
0.0
  0
ENDBLK
  5
3E8
330
3D9
100
AcDbEntity
  8
0
100
AcDbBlockEnd
  0
BLOCK
  5
3ED
330
3EC
100
AcDbEntity
  8
0
100
AcDbBlockBegin
  2
*D51
 70
     1
 10
0.0
 20
0.0
 30
0.0
  3
*D51
  1

  0
LINE
  5
3EE
330
3EC
100
AcDbEntity
  8
Dim WidthForAreaNetto
440
 16777216
370
    -2
100
AcDbLine
 10
140354.5914221827
 20
-168386.4566799582
 30
0.0
 11
140354.5914221827
 21
-168632.5467381811
 31
0.0
  0
LINE
  5
3EF
330
3EC
100
AcDbEntity
  8
Dim WidthForAreaNetto
440
 16777216
370
    -2
100
AcDbLine
 10
139398.5914221827
 20
-168386.4566799582
 30
0.0
 11
139398.5914221827
 21
-168632.5467381811
 31
0.0
  0
LINE
  5
3F0
330
3EC
100
AcDbEntity
  8
Dim WidthForAreaNetto
440
 16777216
370
    -2
100
AcDbLine
 10
140324.5914221827
 20
-168622.5467381811
 30
0.0
 11
139428.5914221827
 21
-168622.5467381811
 31
0.0
  0
SOLID
  5
3F1
330
3EC
100
AcDbEntity
  8
Dim WidthForAreaNetto
440
 16777216
100
AcDbTrace
 10
140324.5914221827
 20
-168617.5467381811
 30
0.0
 11
140324.5914221827
 21
-168627.5467381811
 31
0.0
 12
140354.5914221827
 22
-168622.5467381811
 32
0.0
 13
140354.5914221827
 23
-168622.5467381811
 33
0.0
  0
SOLID
  5
3F2
330
3EC
100
AcDbEntity
  8
Dim WidthForAreaNetto
440
 16777216
100
AcDbTrace
 10
139428.5914221827
 20
-168617.5467381811
 30
0.0
 11
139428.5914221827
 21
-168627.5467381811
 31
0.0
 12
139398.5914221827
 22
-168622.5467381811
 32
0.0
 13
139398.5914221827
 23
-168622.5467381811
 33
0.0
  0
MTEXT
  5
3F3
330
3EC
100
AcDbEntity
  8
Dim WidthForAreaNetto
440
 16777216
100
AcDbMText
 10
139876.5914221827
 20
-168595.0467381811
 30
0.0
 40
35.0
 41
0.0
 71
     5
 72
     1
  1
\A1;956
  7
010018$0$DIM
 73
     1
 44
1.0
  0
POINT
  5
3F4
330
3EC
100
AcDbEntity
  8
Defpoints
 62
     0
440
 16777216
100
AcDbPoint
 10
140354.5914221827
 20
-168366.4566799582
 30
0.0
  0
POINT
  5
3F5
330
3EC
100
AcDbEntity
  8
Defpoints
 62
     0
440
 16777216
100
AcDbPoint
 10
139398.5914221827
 20
-168366.4566799582
 30
0.0
  0
POINT
  5
3F6
330
3EC
100
AcDbEntity
  8
Defpoints
 62
     0
440
 16777216
100
AcDbPoint
 10
139398.5914221827
 20
-168622.5467381811
 30
0.0
  0
ENDBLK
  5
3F7
330
3EC
100
AcDbEntity
  8
0
100
AcDbBlockEnd
  0
BLOCK
  5
40B
330
40A
100
AcDbEntity
  8
0
100
AcDbBlockBegin
  2
*D52
 70
     1
 10
0.0
 20
0.0
 30
0.0
  3
*D52
  1

  0
LINE
  5
40C
330
40A
100
AcDbEntity
  8
0
 62
    55
440
 16777216
370
    -2
100
AcDbLine
 10
140057.266598554
 20
-164983.0781103659
 30
0.0
 11
140067.2665985539
 21
-164983.0781103659
 31
0.0
  0
LINE
  5
40D
330
40A
100
AcDbEntity
  8
0
 62
    55
440
 16777216
370
    -2
100
AcDbLine
 10
140057.266598554
 20
-164938.0781103659
 30
0.0
 11
140067.2665985539
 21
-164938.0781103659
 31
0.0
  0
LINE
  5
40E
330
40A
100
AcDbEntity
  8
0
 62
    55
440
 16777216
370
    -2
100
AcDbLine
 10
140077.2665985539
 20
-164908.0781103659
 30
0.0
 11
140077.2665985539
 21
-164878.0781103659
 31
0.0
  0
LINE
  5
40F
330
40A
100
AcDbEntity
  8
0
 62
    55
440
 16777216
370
    -2
100
AcDbLine
 10
140077.2665985539
 20
-165013.0781103659
 30
0.0
 11
140077.2665985539
 21
-165054.5491059263
 31
0.0
  0
LINE
  5
410
330
40A
100
AcDbEntity
  8
0
 62
    55
440
 16777216
370
    -2
100
AcDbLine
 10
140077.2665985539
 20
-165054.5491059263
 30
0.0
 11
140007.6811173972
 21
-165054.5491059263
 31
0.0
  0
LINE
  5
411
330
40A
100
AcDbEntity
  8
0
 62
    55
440
 16777216
370
    -2
100
AcDbLine
 10
140077.2665985539
 20
-164938.0781103659
 30
0.0
 11
140077.2665985539
 21
-164983.0781103659
 31
0.0
  0
SOLID
  5
412
330
40A
100
AcDbEntity
  8
0
 62
    55
440
 16777216
100
AcDbTrace
 10
140072.2665985539
 20
-164908.0781103659
 30
0.0
 11
140082.2665985539
 21
-164908.0781103659
 31
0.0
 12
140077.2665985539
 22
-164938.0781103659
 32
0.0
 13
140077.2665985539
 23
-164938.0781103659
 33
0.0
  0
SOLID
  5
413
330
40A
100
AcDbEntity
  8
0
 62
    55
440
 16777216
100
AcDbTrace
 10
140072.2665985539
 20
-165013.0781103659
 30
0.0
 11
140082.2665985539
 21
-165013.0781103659
 31
0.0
 12
140077.2665985539
 22
-164983.0781103659
 32
0.0
 13
140077.2665985539
 23
-164983.0781103659
 33
0.0
  0
MTEXT
  5
414
330
40A
100
AcDbEntity
  8
0
 62
     1
440
 16777216
100
AcDbMText
 10
140037.4738579755
 20
-165027.0491059263
 30
0.0
 40
35.0
 41
0.0
 71
     5
 72
     1
  1
\A1;45
  7
010018$0$DIM
 73
     1
 44
1.0
  0
POINT
  5
415
330
40A
100
AcDbEntity
  8
Defpoints
 62
     0
440
 16777216
100
AcDbPoint
 10
140077.266598554
 20
-164983.0781103659
 30
0.0
  0
POINT
  5
416
330
40A
100
AcDbEntity
  8
Defpoints
 62
     0
440
 16777216
100
AcDbPoint
 10
140077.266598554
 20
-164938.0781103659
 30
0.0
  0
POINT
  5
417
330
40A
100
AcDbEntity
  8
Defpoints
 62
     0
440
 16777216
100
AcDbPoint
 10
140077.2665985539
 20
-164938.0781103659
 30
0.0
  0
ENDBLK
  5
418
330
40A
100
AcDbEntity
  8
0
100
AcDbBlockEnd
  0
BLOCK
  5
41B
330
41A
100
AcDbEntity
  8
0
100
AcDbBlockBegin
  2
*D53
 70
     1
 10
0.0
 20
0.0
 30
0.0
  3
*D53
  1

  0
LINE
  5
41C
330
41A
100
AcDbEntity
  8
0
 62
    55
440
 16777216
370
    -2
100
AcDbLine
 10
139571.4104011904
 20
-164983.0781103661
 30
0.0
 11
139561.4104011905
 21
-164983.0781103661
 31
0.0
  0
LINE
  5
41D
330
41A
100
AcDbEntity
  8
0
 62
    55
440
 16777216
370
    -2
100
AcDbLine
 10
139571.4104011904
 20
-167839.078110366
 30
0.0
 11
139561.4104011905
 21
-167839.078110366
 31
0.0
  0
LINE
  5
41E
330
41A
100
AcDbEntity
  8
0
 62
    55
440
 16777216
370
    -2
100
AcDbLine
 10
139551.4104011905
 20
-165013.0781103661
 30
0.0
 11
139551.4104011905
 21
-167809.078110366
 31
0.0
  0
SOLID
  5
41F
330
41A
100
AcDbEntity
  8
0
 62
    55
440
 16777216
100
AcDbTrace
 10
139546.4104011905
 20
-165013.0781103661
 30
0.0
 11
139556.4104011905
 21
-165013.0781103661
 31
0.0
 12
139551.4104011905
 22
-164983.0781103661
 32
0.0
 13
139551.4104011905
 23
-164983.0781103661
 33
0.0
  0
SOLID
  5
420
330
41A
100
AcDbEntity
  8
0
 62
    55
440
 16777216
100
AcDbTrace
 10
139546.4104011905
 20
-167809.078110366
 30
0.0
 11
139556.4104011905
 21
-167809.078110366
 31
0.0
 12
139551.4104011905
 22
-167839.078110366
 32
0.0
 13
139551.4104011905
 23
-167839.078110366
 33
0.0
  0
MTEXT
  5
421
330
41A
100
AcDbEntity
  8
0
 62
     1
440
 16777216
100
AcDbMText
 10
139523.9104011905
 20
-166546.2416914267
 30
0.0
 40
35.0
 41
0.0
 71
     5
 72
     1
  1
\A1;2856
  7
010018$0$DIM
 11
6.123233995736766E-17
 21
1.0
 31
0.0
 73
     1
 44
1.0
  0
POINT
  5
422
330
41A
100
AcDbEntity
  8
Defpoints
 62
     0
440
 16777216
100
AcDbPoint
 10
139551.4104011904
 20
-164983.0781103661
 30
0.0
  0
POINT
  5
423
330
41A
100
AcDbEntity
  8
Defpoints
 62
     0
440
 16777216
100
AcDbPoint
 10
139551.4104011904
 20
-167839.078110366
 30
0.0
  0
POINT
  5
424
330
41A
100
AcDbEntity
  8
Defpoints
 62
     0
440
 16777216
100
AcDbPoint
 10
139551.4104011905
 20
-167839.078110366
 30
0.0
  0
ENDBLK
  5
425
330
41A
100
AcDbEntity
  8
0
100
AcDbBlockEnd
  0
BLOCK
  5
431
330
430
100
AcDbEntity
  8
0
100
AcDbBlockBegin
  2
*D54
 70
     1
 10
0.0
 20
0.0
 30
0.0
  3
*D54
  1

  0
LINE
  5
432
330
430
100
AcDbEntity
  8
0
 62
    55
440
 16777216
370
    -2
100
AcDbLine
 10
139932.3781966502
 20
-164938.0781103673
 30
0.0
 11
139938.8874678155
 21
-164938.0781103673
 31
0.0
  0
LINE
  5
433
330
430
100
AcDbEntity
  8
0
 62
    55
440
 16777216
370
    -2
100
AcDbLine
 10
139928.8874678156
 20
-164922.0781103658
 30
0.0
 11
139938.8874678155
 21
-164922.0781103658
 31
0.0
  0
LINE
  5
434
330
430
100
AcDbEntity
  8
0
 62
    55
440
 16777216
370
    -2
100
AcDbLine
 10
139948.8874678155
 20
-164892.0781103658
 30
0.0
 11
139948.8874678155
 21
-164862.0781103658
 31
0.0
  0
LINE
  5
435
330
430
100
AcDbEntity
  8
0
 62
    55
440
 16777216
370
    -2
100
AcDbLine
 10
139948.8874678155
 20
-164968.0781103673
 30
0.0
 11
139948.8874678155
 21
-165036.1962110697
 31
0.0
  0
LINE
  5
436
330
430
100
AcDbEntity
  8
0
 62
    55
440
 16777216
370
    -2
100
AcDbLine
 10
139948.8874678155
 20
-165036.1962110697
 30
0.0
 11
139891.7742191615
 21
-165036.1962110697
 31
0.0
  0
LINE
  5
437
330
430
100
AcDbEntity
  8
0
 62
    55
440
 16777216
370
    -2
100
AcDbLine
 10
139948.8874678155
 20
-164922.0781103658
 30
0.0
 11
139948.8874678155
 21
-164938.0781103673
 31
0.0
  0
SOLID
  5
438
330
430
100
AcDbEntity
  8
0
 62
    55
440
 16777216
100
AcDbTrace
 10
139943.8874678155
 20
-164892.0781103658
 30
0.0
 11
139953.8874678155
 21
-164892.0781103658
 31
0.0
 12
139948.8874678155
 22
-164922.0781103658
 32
0.0
 13
139948.8874678155
 23
-164922.0781103658
 33
0.0
  0
SOLID
  5
439
330
430
100
AcDbEntity
  8
0
 62
    55
440
 16777216
100
AcDbTrace
 10
139943.8874678155
 20
-164968.0781103673
 30
0.0
 11
139953.8874678155
 21
-164968.0781103673
 31
0.0
 12
139948.8874678155
 22
-164938.0781103673
 32
0.0
 13
139948.8874678155
 23
-164938.0781103673
 33
0.0
  0
MTEXT
  5
43A
330
430
100
AcDbEntity
  8
0
 62
     1
440
 16777216
100
AcDbMText
 10
139915.3308434885
 20
-165008.6962110697
 30
0.0
 40
35.0
 41
0.0
 71
     5
 72
     1
  1
\A1;16
  7
010018$0$DIM
 73
     1
 44
1.0
  0
POINT
  5
43B
330
430
100
AcDbEntity
  8
Defpoints
 62
     0
440
 16777216
100
AcDbPoint
 10
139952.3781966502
 20
-164938.0781103673
 30
0.0
  0
POINT
  5
43C
330
430
100
AcDbEntity
  8
Defpoints
 62
     0
440
 16777216
100
AcDbPoint
 10
139948.8874678156
 20
-164922.0781103658
 30
0.0
  0
POINT
  5
43D
330
430
100
AcDbEntity
  8
Defpoints
 62
     0
440
 16777216
100
AcDbPoint
 10
139948.8874678155
 20
-164922.0781103658
 30
0.0
  0
ENDBLK
  5
43E
330
430
100
AcDbEntity
  8
0
100
AcDbBlockEnd
  0
BLOCK
  5
28C
330
28B
100
AcDbEntity
  8
0
100
AcDbBlockBegin
  2
*D55
 70
     1
 10
0.0
 20
0.0
 30
0.0
  3
*D55
  1

  0
LINE
  5
28D
330
28B
100
AcDbEntity
  8
0
 62
    55
440
 16777216
370
    -2
100
AcDbLine
 10
140360.5914221827
 20
-168293.4566799582
 30
0.0
 11
140360.5914221827
 21
-168247.568949727
 31
0.0
  0
LINE
  5
28E
330
28B
100
AcDbEntity
  8
0
 62
    55
440
 16777216
370
    -2
100
AcDbLine
 10
140342.5914221827
 20
-168293.4566799582
 30
0.0
 11
140342.5914221827
 21
-168247.568949727
 31
0.0
  0
LINE
  5
28F
330
28B
100
AcDbEntity
  8
0
 62
    55
440
 16777216
370
    -2
100
AcDbLine
 10
140390.5914221827
 20
-168257.568949727
 30
0.0
 11
140420.5914221827
 21
-168257.568949727
 31
0.0
  0
LINE
  5
290
330
28B
100
AcDbEntity
  8
0
 62
    55
440
 16777216
370
    -2
100
AcDbLine
 10
140312.5914221827
 20
-168257.568949727
 30
0.0
 11
140213.811506862
 21
-168257.568949727
 31
0.0
  0
LINE
  5
291
330
28B
100
AcDbEntity
  8
0
 62
    55
440
 16777216
370
    -2
100
AcDbLine
 10
140360.5914221827
 20
-168257.568949727
 30
0.0
 11
140342.5914221827
 21
-168257.568949727
 31
0.0
  0
SOLID
  5
292
330
28B
100
AcDbEntity
  8
0
 62
    55
440
 16777216
100
AcDbTrace
 10
140390.5914221827
 20
-168252.568949727
 30
0.0
 11
140390.5914221827
 21
-168262.568949727
 31
0.0
 12
140360.5914221827
 22
-168257.568949727
 32
0.0
 13
140360.5914221827
 23
-168257.568949727
 33
0.0
  0
SOLID
  5
293
330
28B
100
AcDbEntity
  8
0
 62
    55
440
 16777216
100
AcDbTrace
 10
140312.5914221827
 20
-168252.568949727
 30
0.0
 11
140312.5914221827
 21
-168262.568949727
 31
0.0
 12
140342.5914221827
 22
-168257.568949727
 32
0.0
 13
140342.5914221827
 23
-168257.568949727
 33
0.0
  0
MTEXT
  5
294
330
28B
100
AcDbEntity
  8
0
 62
     1
440
 16777216
100
AcDbMText
 10
140248.2014645223
 20
-168230.068949727
 30
0.0
 40
35.0
 41
0.0
 71
     5
 72
     1
  1
\A1;18
  7
010018$0$DIM
 73
     1
 44
1.0
  0
POINT
  5
295
330
28B
100
AcDbEntity
  8
Defpoints
 62
     0
440
 16777216
100
AcDbPoint
 10
140360.5914221827
 20
-168313.4566799582
 30
0.0
  0
POINT
  5
296
330
28B
100
AcDbEntity
  8
Defpoints
 62
     0
440
 16777216
100
AcDbPoint
 10
140342.5914221827
 20
-168313.4566799582
 30
0.0
  0
POINT
  5
297
330
28B
100
AcDbEntity
  8
Defpoints
 62
     0
440
 16777216
100
AcDbPoint
 10
140342.5914221827
 20
-168257.568949727
 30
0.0
  0
ENDBLK
  5
298
330
28B
100
AcDbEntity
  8
0
100
AcDbBlockEnd
  0
BLOCK
  5
2E4
330
2E3
100
AcDbEntity
  8
0
100
AcDbBlockBegin
  2
*D56
 70
     1
 10
0.0
 20
0.0
 30
0.0
  3
*D56
  1

  0
LINE
  5
2E5
330
2E3
100
AcDbEntity
  8
0
 62
    55
440
 16777216
370
    -2
100
AcDbLine
 10
140734.762524483
 20
-167839.078110366
 30
0.0
 11
140690.0155789109
 21
-167839.078110366
 31
0.0
  0
LINE
  5
2E6
330
2E3
100
AcDbEntity
  8
0
 62
    55
440
 16777216
370
    -2
100
AcDbLine
 10
140734.762524483
 20
-167857.078110366
 30
0.0
 11
140690.0155789109
 21
-167857.078110366
 31
0.0
  0
LINE
  5
2E7
330
2E3
100
AcDbEntity
  8
0
 62
    55
440
 16777216
370
    -2
100
AcDbLine
 10
140700.0155789109
 20
-167809.078110366
 30
0.0
 11
140700.0155789109
 21
-167779.078110366
 31
0.0
  0
LINE
  5
2E8
330
2E3
100
AcDbEntity
  8
0
 62
    55
440
 16777216
370
    -2
100
AcDbLine
 10
140700.0155789109
 20
-167887.078110366
 30
0.0
 11
140700.0155789109
 21
-167917.0781103661
 31
0.0
  0
LINE
  5
2E9
330
2E3
100
AcDbEntity
  8
0
 62
    55
440
 16777216
370
    -2
100
AcDbLine
 10
140700.0155789109
 20
-167917.0781103661
 30
0.0
 11
140641.2356635901
 21
-167917.0781103661
 31
0.0
  0
LINE
  5
2EA
330
2E3
100
AcDbEntity
  8
0
 62
    55
440
 16777216
370
    -2
100
AcDbLine
 10
140700.0155789109
 20
-167839.078110366
 30
0.0
 11
140700.0155789109
 21
-167857.078110366
 31
0.0
  0
SOLID
  5
2EB
330
2E3
100
AcDbEntity
  8
0
 62
    55
440
 16777216
100
AcDbTrace
 10
140695.0155789109
 20
-167809.078110366
 30
0.0
 11
140705.0155789109
 21
-167809.078110366
 31
0.0
 12
140700.0155789109
 22
-167839.078110366
 32
0.0
 13
140700.0155789109
 23
-167839.078110366
 33
0.0
  0
SOLID
  5
2EC
330
2E3
100
AcDbEntity
  8
0
 62
    55
440
 16777216
100
AcDbTrace
 10
140695.0155789109
 20
-167887.078110366
 30
0.0
 11
140705.0155789109
 21
-167887.078110366
 31
0.0
 12
140700.0155789109
 22
-167857.078110366
 32
0.0
 13
140700.0155789109
 23
-167857.078110366
 33
0.0
  0
MTEXT
  5
2ED
330
2E3
100
AcDbEntity
  8
0
 62
     1
440
 16777216
100
AcDbMText
 10
140665.6256212504
 20
-167889.5781103661
 30
0.0
 40
35.0
 41
0.0
 71
     5
 72
     1
  1
\A1;18
  7
010018$0$DIM
 73
     1
 44
1.0
  0
POINT
  5
2EE
330
2E3
100
AcDbEntity
  8
Defpoints
 62
     0
440
 16777216
100
AcDbPoint
 10
140754.762524483
 20
-167839.078110366
 30
0.0
  0
POINT
  5
2EF
330
2E3
100
AcDbEntity
  8
Defpoints
 62
     0
440
 16777216
100
AcDbPoint
 10
140754.762524483
 20
-167857.078110366
 30
0.0
  0
POINT
  5
2F0
330
2E3
100
AcDbEntity
  8
Defpoints
 62
     0
440
 16777216
100
AcDbPoint
 10
140700.0155789109
 20
-167857.078110366
 30
0.0
  0
ENDBLK
  5
2F1
330
2E3
100
AcDbEntity
  8
0
100
AcDbBlockEnd
  0
BLOCK
  5
2F4
330
2F3
100
AcDbEntity
  8
0
100
AcDbBlockBegin
  2
*D57
 70
     1
 10
0.0
 20
0.0
 30
0.0
  3
*D57
  1

  0
LINE
  5
2F5
330
2F3
100
AcDbEntity
  8
0
 62
    55
440
 16777216
370
    -2
100
AcDbLine
 10
140805.762524483
 20
-167861.0781103659
 30
0.0
 11
140805.762524483
 21
-167962.6832997194
 31
0.0
  0
LINE
  5
2F6
330
2F3
100
AcDbEntity
  8
0
 62
    55
440
 16777216
370
    -2
100
AcDbLine
 10
140754.762524483
 20
-167877.0781103659
 30
0.0
 11
140754.762524483
 21
-167962.6832997194
 31
0.0
  0
LINE
  5
2F7
330
2F3
100
AcDbEntity
  8
0
 62
    55
440
 16777216
370
    -2
100
AcDbLine
 10
140835.762524483
 20
-167952.6832997194
 30
0.0
 11
140865.762524483
 21
-167952.6832997194
 31
0.0
  0
LINE
  5
2F8
330
2F3
100
AcDbEntity
  8
0
 62
    55
440
 16777216
370
    -2
100
AcDbLine
 10
140724.762524483
 20
-167952.6832997194
 30
0.0
 11
140694.762524483
 21
-167952.6832997194
 31
0.0
  0
LINE
  5
2F9
330
2F3
100
AcDbEntity
  8
0
 62
    55
440
 16777216
370
    -2
100
AcDbLine
 10
140805.762524483
 20
-167952.6832997194
 30
0.0
 11
140754.762524483
 21
-167952.6832997194
 31
0.0
  0
SOLID
  5
2FA
330
2F3
100
AcDbEntity
  8
0
 62
    55
440
 16777216
100
AcDbTrace
 10
140835.762524483
 20
-167947.6832997194
 30
0.0
 11
140835.762524483
 21
-167957.6832997194
 31
0.0
 12
140805.762524483
 22
-167952.6832997194
 32
0.0
 13
140805.762524483
 23
-167952.6832997194
 33
0.0
  0
SOLID
  5
2FB
330
2F3
100
AcDbEntity
  8
0
 62
    55
440
 16777216
100
AcDbTrace
 10
140724.762524483
 20
-167947.6832997194
 30
0.0
 11
140724.762524483
 21
-167957.6832997194
 31
0.0
 12
140754.762524483
 22
-167952.6832997194
 32
0.0
 13
140754.762524483
 23
-167952.6832997194
 33
0.0
  0
MTEXT
  5
2FC
330
2F3
100
AcDbEntity
  8
0
 62
     1
440
 16777216
100
AcDbMText
 10
140780.262524483
 20
-167925.1832997194
 30
0.0
 40
35.0
 41
0.0
 71
     5
 72
     1
  1
\A1;51
  7
010018$0$DIM
 73
     1
 44
1.0
  0
POINT
  5
2FD
330
2F3
100
AcDbEntity
  8
Defpoints
 62
     0
440
 16777216
100
AcDbPoint
 10
140805.762524483
 20
-167841.0781103659
 30
0.0
  0
POINT
  5
2FE
330
2F3
100
AcDbEntity
  8
Defpoints
 62
     0
440
 16777216
100
AcDbPoint
 10
140754.762524483
 20
-167857.0781103659
 30
0.0
  0
POINT
  5
2FF
330
2F3
100
AcDbEntity
  8
Defpoints
 62
     0
440
 16777216
100
AcDbPoint
 10
140754.762524483
 20
-167952.6832997194
 30
0.0
  0
ENDBLK
  5
300
330
2F3
100
AcDbEntity
  8
0
100
AcDbBlockEnd
  0
BLOCK
  5
3FC
330
3FB
100
AcDbEntity
  8
0
100
AcDbBlockBegin
  2
*D58
 70
     1
 10
0.0
 20
0.0
 30
0.0
  3
*D58
  1

  0
LINE
  5
3FD
330
3FB
100
AcDbEntity
  8
0
 62
    55
440
 16777216
370
    -2
100
AcDbLine
 10
139408.5914221827
 20
-168386.4566799582
 30
0.0
 11
139408.5914221827
 21
-168551.6370660501
 31
0.0
  0
LINE
  5
3FE
330
3FB
100
AcDbEntity
  8
0
 62
    55
440
 16777216
370
    -2
100
AcDbLine
 10
140344.5914221827
 20
-168386.4566799582
 30
0.0
 11
140344.5914221827
 21
-168551.6370660501
 31
0.0
  0
LINE
  5
3FF
330
3FB
100
AcDbEntity
  8
0
 62
    55
440
 16777216
370
    -2
100
AcDbLine
 10
139438.5914221827
 20
-168541.6370660501
 30
0.0
 11
140314.5914221827
 21
-168541.6370660501
 31
0.0
  0
SOLID
  5
400
330
3FB
100
AcDbEntity
  8
0
 62
    55
440
 16777216
100
AcDbTrace
 10
139438.5914221827
 20
-168536.6370660501
 30
0.0
 11
139438.5914221827
 21
-168546.6370660501
 31
0.0
 12
139408.5914221827
 22
-168541.6370660501
 32
0.0
 13
139408.5914221827
 23
-168541.6370660501
 33
0.0
  0
SOLID
  5
401
330
3FB
100
AcDbEntity
  8
0
 62
    55
440
 16777216
100
AcDbTrace
 10
140314.5914221827
 20
-168536.6370660501
 30
0.0
 11
140314.5914221827
 21
-168546.6370660501
 31
0.0
 12
140344.5914221827
 22
-168541.6370660501
 32
0.0
 13
140344.5914221827
 23
-168541.6370660501
 33
0.0
  0
MTEXT
  5
402
330
3FB
100
AcDbEntity
  8
0
 62
     1
440
 16777216
100
AcDbMText
 10
139876.5914221827
 20
-168514.1370660501
 30
0.0
 40
35.0
 41
0.0
 71
     5
 72
     1
  1
\A1;936
  7
010018$0$DIM
 73
     1
 44
1.0
  0
POINT
  5
403
330
3FB
100
AcDbEntity
  8
Defpoints
 62
     0
440
 16777216
100
AcDbPoint
 10
139408.5914221827
 20
-168366.4566799582
 30
0.0
  0
POINT
  5
404
330
3FB
100
AcDbEntity
  8
Defpoints
 62
     0
440
 16777216
100
AcDbPoint
 10
140344.5914221827
 20
-168366.4566799582
 30
0.0
  0
POINT
  5
405
330
3FB
100
AcDbEntity
  8
Defpoints
 62
     0
440
 16777216
100
AcDbPoint
 10
140344.5914221827
 20
-168541.6370660501
 30
0.0
  0
ENDBLK
  5
406
330
3FB
100
AcDbEntity
  8
0
100
AcDbBlockEnd
  0
ENDSEC
  0
SECTION
  2
ENTITIES
  0
INSERT
  5
72
330
2
100
AcDbEntity
  8
0
100
AcDbBlockReference
  2
TitleProfilesTable
 10
141563.8147306966
 20
-168920.2034217007
 30
0.0
 41
0.6377952755905513
 42
0.6377952755905513
1001
PSPanelO
1002
{
1000
6051408574101
1000
6051408574101
1000
0
1000
6
1000
ללא צבע
1000
Omega-25_40_50
1005
0
1011
141563.8147306966
1021
-168920.2034217007
1031
0.0
1002
}
  0
INSERT
  5
90
330
2
100
AcDbEntity
  8
0
100
AcDbBlockReference
 66
     1
  2
Omega-25_40_50
 10
140479.5627621927
 20
-169059.9443665826
 30
0.0
 41
0.6377952755905513
 42
0.6377952755905513
1001
PSPanelO
1002
{
1000
6051408574101
1000
6051408574101
1000
0
1000
6
1000
ללא צבע
1000
Omega-25_40_50
1011
141563.8147306966
1021
-168830.1467287874
1031
0.0
1000
3
1002
}
  0
ATTRIB
  5
E8
330
90
100
AcDbEntity
  8
A-STRS-1
100
AcDbText
 10
140475.543920041
 20
-169087.4792744901
 30
0.0
 40
22.3228346456693
  1
OMEGA-5
 51
350.0
  7
HEBTXT
 72
     2
 11
140624.3628176788
 21
-169076.3178571673
 31
0.0
100
AcDbAttribute
  2
OMEGA-25*40*50
 70
     1
 74
     2
1001
AcDbAttr
1070
     0
1070
     1
  0
SEQEND
  5
E9
330
90
100
AcDbEntity
  8
0
  0
INSERT
  5
EA
330
2
100
AcDbEntity
  8
0
100
AcDbBlockReference
 66
     1
  2
LineProfilesTable
 10
141563.8147306966
 20
-169059.9443665826
 30
0.0
 41
0.6377952755905513
 42
0.6377952755905513
1001
PSPanelO
1002
{
1000
6051408574101
1000
6051408574101
1000
0
1000
6
1000
ללא צבע
1000
Omega-25_40_50
1005
0
1011
141563.8147306966
1021
-169059.9443665826
1031
0.0
1000
3
1002
}
  0
ATTRIB
  5
10C
330
EA
100
AcDbEntity
  8
A-STRS-1
100
AcDbText
 10
140317.2771166319
 20
-169095.1580701552
 30
-43097.28430684599
 40
22.96062992125984
  1
OMEGA-409
 41
0.8
 51
350.0
  7
HEBTXT
 72
     2
 11
140473.8467454283
 21
-169083.6777551945
 31
-43097.28430684599
100
AcDbAttribute
  2
סוג
 70
     0
 74
     2
1001
AcDbAttr
1070
     0
1070
     1
  0
ATTRIB
  5
10D
330
EA
100
AcDbEntity
  8
A-STRS-1
100
AcDbText
 10
140546.5340509208
 20
-169183.9851387205
 30
-43097.28430684599
 40
36.99212598425198
  1
’– €
 41
0.8
 51
350.0
  7
HEBTXT
 72
     4
 11
140641.5910623828
 21
-169163.1770678544
 31
-43097.28430684599
100
AcDbAttribute
  2
צבע
 70
     0
1001
AcadAnnotative
1000
AnnotativeData
1002
{
1070
     1
1070
     0
1002
}
1001
AcDbAttr
1070
     0
1070
     1
  0
ATTRIB
  5
10E
330
EA
100
AcDbEntity
  8
A-STRS-1
100
AcDbText
 10
140862.2201973153
 20
-169181.4334137954
 30
-43097.28430684599
 40
36.99212598425198
  1
926
 41
0.8
 51
350.0
 72
     4
 11
140896.709172619
 21
-169163.1770678544
 31
-43097.28430684599
100
AcDbAttribute
  2
אורך
 70
     0
1001
AcadAnnotative
1000
AnnotativeData
1002
{
1070
     1
1070
     0
1002
}
1001
AcDbAttr
1070
     0
1070
     1
  0
ATTRIB
  5
10F
330
EA
100
AcDbEntity
  8
A-STRS-1
100
AcDbText
 10
141076.551430195
 20
-169181.4334137954
 30
-43097.28430684599
 40
36.99212598425198
  1
0
 41
0.8
 51
350.0
 72
     4
 11
141088.0477552962
 21
-169163.1770678544
 31
-43097.28430684599
100
AcDbAttribute
  2
חיתוך_במעלות
 70
     0
1001
AcadAnnotative
1000
AnnotativeData
1002
{
1070
     1
1070
     0
1002
}
1001
AcDbAttr
1070
     0
1070
     1
  0
ATTRIB
  5
110
330
EA
100
AcDbEntity
  8
A-STRS-1
100
AcDbText
 10
141291.9364437892
 20
-169181.6731308465
 30
-43097.28430684599
 40
36.99212598425197
  1
0
 51
10.0
  7
TEXTHEB
 71
     2
 72
     4
 11
141279.6057351278
 21
-169163.1770678544
 31
-43097.28430684599
100
AcDbAttribute
  2
צד_חיתוך
 70
     0
1001
AcDbAttr
1070
     0
1070
     1
  0
ATTRIB
  5
111
330
EA
100
AcDbEntity
  8
A-STRS-1
100
AcDbText
 10
141459.2285955493
 20
-169181.4207971085
 30
-43097.28430684599
 40
36.99212598425198
  1
3
 41
0.8
 51
350.0
 72
     4
 11
141470.7249206505
 21
-169163.1770678544
 31
-43097.28430684599
100
AcDbAttribute
  2
כמות_יחידות
 70
     0
1001
AcadAnnotative
1000
AnnotativeData
1002
{
1070
     1
1070
     0
1002
}
1001
AcDbAttr
1070
     0
1070
     1
  0
SEQEND
  5
112
330
EA
100
AcDbEntity
  8
0
  0
DIMENSION
  5
113
330
2
100
AcDbEntity
  8
0
100
AcDbDimension
  2
*D9
 10
140142.5914221831
 20
-167839.0781103667
 30
0.0
 11
140115.0914221831
 21
-167489.0781103669
 31
0.0
 71
     5
 42
699.9999999995925
  3
PANELIM
100
AcDbAlignedDimension
 13
140142.5914221827
 23
-167139.078110367
 33
0.0
 14
140142.5914221827
 24
-167839.0781103666
 34
0.0
 50
90.0
100
AcDbRotatedDimension
1001
PSPanelO
1002
{
1000
6051408574101
1000
6051408574101
1002
}
  0
DIMENSION
  5
120
330
2
100
AcDbEntity
  8
0
100
AcDbDimension
  2
*D10
 10
140142.5914221831
 20
-167089.0781103671
 30
0.0
 11
140115.0914221831
 21
-166762.5781103669
 31
0.0
 71
     5
 42
653.0000000004075
  3
PANELIM
100
AcDbAlignedDimension
 13
140142.5914221827
 23
-166436.0781103666
 33
0.0
 14
140142.5914221827
 24
-167089.078110367
 34
0.0
 50
90.0
100
AcDbRotatedDimension
1001
PSPanelO
1002
{
1000
6051408574101
1000
6051408574101
1002
}
  0
TEXT
  5
12D
330
2
100
AcDbEntity
  8
Omega_Text
100
AcDbText
 10
139609.4485650399
 20
-167229.078110367
 30
0.0
 40
60.0
  1
OMEGA-409
  7
ORON1
 72
     4
 11
139876.5914221828
 21
-167199.078110367
 31
0.0
100
AcDbText
1001
PSPanelO
1002
{
1000
6051408574101
1000
6051408574101
1000
932
1002
}
  0
LINE
  5
130
330
2
100
AcDbEntity
  8
Omega_Lines
  6
DASHEDX2
 48
2.0
100
AcDbLine
 10
140342.5914221828
 20
-167139.078110367
 30
0.0
 11
139410.5914221828
 21
-167139.078110367
 31
0.0
1001
PSPanelO
1002
{
1000
6051408574101
1000
6051408574101
1002
}
  0
LINE
  5
134
330
2
100
AcDbEntity
  8
Omega_Lines
  6
DASHEDX2
 48
2.0
100
AcDbLine
 10
140342.5914221828
 20
-167089.078110367
 30
0.0
 11
139410.5914221828
 21
-167089.078110367
 31
0.0
1001
PSPanelO
1002
{
1000
6051408574101
1000
6051408574101
1002
}
  0
DIMENSION
  5
135
330
2
100
AcDbEntity
  8
0
100
AcDbDimension
  2
*D11
 10
140142.5914221831
 20
-166386.0781103667
 30
0.0
 11
140115.0914221831
 21
-166059.5781103664
 31
0.0
 71
     5
 42
653.0000000004075
  3
PANELIM
100
AcDbAlignedDimension
 13
140142.5914221827
 23
-165733.0781103662
 33
0.0
 14
140142.5914221827
 24
-166386.0781103666
 34
0.0
 50
90.0
100
AcDbRotatedDimension
1001
PSPanelO
1002
{
1000
6051408574101
1000
6051408574101
1002
}
  0
TEXT
  5
142
330
2
100
AcDbEntity
  8
Omega_Text
100
AcDbText
 10
139609.44856504
 20
-166526.0781103666
 30
0.0
 40
60.0
  1
OMEGA-409
  7
ORON1
 72
     4
 11
139876.5914221829
 21
-166496.0781103666
 31
0.0
100
AcDbText
1001
PSPanelO
1002
{
1000
6051408574101
1000
6051408574101
1000
932
1002
}
  0
LINE
  5
143
330
2
100
AcDbEntity
  8
Omega_Lines
  6
DASHEDX2
 48
2.0
100
AcDbLine
 10
140342.5914221829
 20
-166436.0781103666
 30
0.0
 11
139410.5914221829
 21
-166436.0781103666
 31
0.0
1001
PSPanelO
1002
{
1000
6051408574101
1000
6051408574101
1002
}
  0
LINE
  5
144
330
2
100
AcDbEntity
  8
Omega_Lines
  6
DASHEDX2
 48
2.0
100
AcDbLine
 10
140342.5914221829
 20
-166386.0781103666
 30
0.0
 11
139410.5914221829
 21
-166386.0781103666
 31
0.0
1001
PSPanelO
1002
{
1000
6051408574101
1000
6051408574101
1002
}
  0
DIMENSION
  5
145
330
2
100
AcDbEntity
  8
0
100
AcDbDimension
  2
*D12
 10
139410.5914221829
 20
-165623.0781103662
 30
0.0
 11
139876.5914221829
 21
-165595.5781103662
 31
0.0
 71
     5
 42
932.0
  3
PANELIM
100
AcDbAlignedDimension
 13
140342.5914221829
 23
-165623.0781103662
 33
0.0
 14
139410.5914221829
 24
-165623.0781103662
 34
0.0
100
AcDbRotatedDimension
1001
PSPanelO
1002
{
1000
6051408574101
1000
6051408574101
1002
}
  0
DIMENSION
  5
152
330
2
100
AcDbEntity
  8
0
100
AcDbDimension
  2
*D13
 10
140142.5914221831
 20
-165683.0781103662
 30
0.0
 11
140115.0914221831
 21
-165333.0781103662
 31
0.0
 71
     5
 42
700.0
  3
PANELIM
100
AcDbAlignedDimension
 13
140142.5914221827
 23
-164983.0781103662
 33
0.0
 14
140142.5914221827
 24
-165683.0781103662
 34
0.0
 50
90.0
100
AcDbRotatedDimension
1001
PSPanelO
1002
{
1000
6051408574101
1000
6051408574101
1002
}
  0
TEXT
  5
15F
330
2
100
AcDbEntity
  8
Omega_Text
100
AcDbText
 10
139609.4485650401
 20
-165823.0781103662
 30
0.0
 40
60.0
  1
OMEGA-409
  7
ORON1
 72
     4
 11
139876.5914221829
 21
-165793.0781103662
 31
0.0
100
AcDbText
1001
PSPanelO
1002
{
1000
6051408574101
1000
6051408574101
1000
932
1002
}
  0
LINE
  5
160
330
2
100
AcDbEntity
  8
Omega_Lines
  6
DASHEDX2
 48
2.0
100
AcDbLine
 10
140342.5914221829
 20
-165733.0781103662
 30
0.0
 11
139410.5914221829
 21
-165733.0781103662
 31
0.0
1001
PSPanelO
1002
{
1000
6051408574101
1000
6051408574101
1002
}
  0
LINE
  5
161
330
2
100
AcDbEntity
  8
Omega_Lines
  6
DASHEDX2
 48
2.0
100
AcDbLine
 10
140342.5914221829
 20
-165683.0781103662
 30
0.0
 11
139410.5914221829
 21
-165683.0781103662
 31
0.0
1001
PSPanelO
1002
{
1000
6051408574101
1000
6051408574101
1002
}
  0
DIMENSION
  5
162
330
2
100
AcDbEntity
  8
0
100
AcDbDimension
  2
*D14
 10
139408.591423578
 20
-164818.0781103657
 30
0.0
 11
139308.18864066
 21
-164790.5781103657
 31
0.0
 71
     5
 42
50.0000000000291
  3
PANELIM
100
AcDbAlignedDimension
 13
139458.5914235781
 23
-164928.5781103657
 33
0.0
 14
139408.591423578
 24
-164938.0781103657
 34
0.0
 50
179.9999999999951
100
AcDbRotatedDimension
1001
PSPanelH
1002
{
1000
6051408574082
1000
6051408574082
1002
}
  0
DIMENSION
  5
172
330
2
100
AcDbEntity
  8
0
100
AcDbDimension
  2
*D15
 10
139458.5914235781
 20
-164818.0781103657
 30
0.0
 11
139597.9247564464
 21
-164790.5781103657
 31
0.0
 71
     5
 42
278.666665736615
  3
PANELIM
100
AcDbAlignedDimension
 13
139737.2580893147
 23
-164928.5781103658
 33
0.0
 14
139458.5914235781
 24
-164928.5781103657
 34
0.0
 50
179.9999999999951
100
AcDbRotatedDimension
1001
PSPanelH
1002
{
1000
6051408574082
1000
6051408574082
1002
}
1001
ACAD
1000
DSTYLE
1002
{
1070
   271
1070
     1
1002
}
  0
LWPOLYLINE
  5
17F
330
2
100
AcDbEntity
  8
CONTOR
100
AcDbPolyline
 90
        4
 70
     1
 43
0.0
 10
139464.5914235781
 20
-164930.0781103657
 10
139452.5914235781
 20
-164930.0781103657
 10
139452.5914235781
 20
-164927.0781103657
 10
139464.5914235781
 20
-164927.0781103657
1001
PSPanelH
1002
{
1000
6051408574082
1000
6051408574082
1002
}
  0
DIMENSION
  5
182
330
2
100
AcDbEntity
  8
0
100
AcDbDimension
  2
*D16
 10
139737.2580893147
 20
-164818.0781103658
 30
0.0
 11
139876.591422183
 21
-164790.5781103658
 31
0.0
 71
     5
 42
278.666665736615
  3
PANELIM
100
AcDbAlignedDimension
 13
140015.9247550513
 23
-164928.5781103658
 33
0.0
 14
139737.2580893147
 24
-164928.5781103658
 34
0.0
 50
179.9999999999951
100
AcDbRotatedDimension
1001
PSPanelH
1002
{
1000
6051408574082
1000
6051408574082
1002
}
1001
ACAD
1000
DSTYLE
1002
{
1070
   271
1070
     1
1002
}
  0
LWPOLYLINE
  5
18F
330
2
100
AcDbEntity
  8
CONTOR
100
AcDbPolyline
 90
        4
 70
     1
 43
0.0
 10
139743.2580893147
 20
-164930.0781103658
 10
139731.2580893147
 20
-164930.0781103658
 10
139731.2580893147
 20
-164927.0781103658
 10
139743.2580893147
 20
-164927.0781103658
1001
PSPanelH
1002
{
1000
6051408574082
1000
6051408574082
1002
}
  0
DIMENSION
  5
190
330
2
100
AcDbEntity
  8
0
100
AcDbDimension
  2
*D17
 10
140015.9247550513
 20
-164818.0781103658
 30
0.0
 11
140155.2580879196
 21
-164790.5781103658
 31
0.0
 71
     5
 42
278.666665736615
  3
PANELIM
100
AcDbAlignedDimension
 13
140294.5914207879
 23
-164928.5781103658
 33
0.0
 14
140015.9247550513
 24
-164928.5781103658
 34
0.0
 50
179.9999999999951
100
AcDbRotatedDimension
1001
PSPanelH
1002
{
1000
6051408574082
1000
6051408574082
1002
}
1001
ACAD
1000
DSTYLE
1002
{
1070
   271
1070
     1
1002
}
  0
LWPOLYLINE
  5
19D
330
2
100
AcDbEntity
  8
CONTOR
100
AcDbPolyline
 90
        4
 70
     1
 43
0.0
 10
140021.9247550513
 20
-164930.0781103658
 10
140009.9247550513
 20
-164930.0781103658
 10
140009.9247550513
 20
-164927.0781103658
 10
140021.9247550513
 20
-164927.0781103658
1001
PSPanelH
1002
{
1000
6051408574082
1000
6051408574082
1002
}
  0
DIMENSION
  5
19E
330
2
100
AcDbEntity
  8
0
100
AcDbDimension
  2
*D18
 10
140294.5914207879
 20
-164818.0781103658
 30
0.0
 11
140444.9942037059
 21
-164818.0781103658
 31
0.0
 70
   128
 71
     5
 42
50.0
  3
PANELIM
100
AcDbAlignedDimension
 13
140344.5914207879
 23
-164938.0781103658
 33
0.0
 14
140294.5914207879
 24
-164928.5781103658
 34
0.0
 50
179.9999999999951
100
AcDbRotatedDimension
1001
PSPanelH
1002
{
1000
6051408574082
1000
6051408574082
1002
}
  0
LWPOLYLINE
  5
1AD
330
2
100
AcDbEntity
  8
CONTOR
100
AcDbPolyline
 90
        4
 70
     1
 43
0.0
 10
140300.5914207879
 20
-164930.0781103658
 10
140288.5914207879
 20
-164930.0781103658
 10
140288.5914207879
 20
-164927.0781103658
 10
140300.5914207879
 20
-164927.0781103658
1001
PSPanelH
1002
{
1000
6051408574082
1000
6051408574082
1002
}
  0
DIMENSION
  5
1AE
330
2
100
AcDbEntity
  8
0
100
AcDbDimension
  2
*D19
 10
140511.5914221838
 20
-167820.0781103668
 30
0.0
 11
140511.5914221837
 21
-167795.0781103668
 31
0.0
 70
   128
 71
     5
 42
50.0
  3
PANELIM
100
AcDbAlignedDimension
 13
140401.0914221827
 23
-167770.0781103667
 33
0.0
 14
140391.5914221827
 24
-167820.0781103667
 34
0.0
 50
269.9999999999682
100
AcDbRotatedDimension
1001
PSPanelH
1002
{
1000
6051408574081
1000
6051408574081
1002
}
  0
DIMENSION
  5
1BD
330
2
100
AcDbEntity
  8
0
100
AcDbDimension
  2
*D20
 10
140511.591422184
 20
-167770.0781103668
 30
0.0
 11
140484.0914221839
 21
-167574.6495389381
 31
0.0
 71
     5
 42
390.8571428572759
  3
PANELIM
100
AcDbAlignedDimension
 13
140401.0914221829
 23
-167379.2209675094
 33
0.0
 14
140401.0914221827
 24
-167770.0781103667
 34
0.0
 50
269.9999999999682
100
AcDbRotatedDimension
1001
PSPanelH
1002
{
1000
6051408574081
1000
6051408574081
1002
}
1001
ACAD
1000
DSTYLE
1002
{
1070
   271
1070
     1
1002
}
  0
LWPOLYLINE
  5
1CA
330
2
100
AcDbEntity
  8
CONTOR
100
AcDbPolyline
 90
        4
 70
     1
 43
0.0
 10
140402.5914221827
 20
-167764.0781103667
 10
140402.5914221827
 20
-167776.0781103667
 10
140399.5914221827
 20
-167776.0781103667
 10
140399.5914221827
 20
-167764.0781103667
1001
PSPanelH
1002
{
1000
6051408574081
1000
6051408574081
1002
}
  0
DIMENSION
  5
1CB
330
2
100
AcDbEntity
  8
0
100
AcDbDimension
  2
*D21
 10
140511.591422184
 20
-167379.2209675095
 30
0.0
 11
140484.0914221839
 21
-167183.7923960809
 31
0.0
 71
     5
 42
390.8571428572759
  3
PANELIM
100
AcDbAlignedDimension
 13
140401.0914221831
 23
-166988.3638246522
 33
0.0
 14
140401.0914221829
 24
-167379.2209675094
 34
0.0
 50
269.9999999999682
100
AcDbRotatedDimension
1001
PSPanelH
1002
{
1000
6051408574081
1000
6051408574081
1002
}
1001
ACAD
1000
DSTYLE
1002
{
1070
   271
1070
     1
1002
}
  0
LWPOLYLINE
  5
1D8
330
2
100
AcDbEntity
  8
CONTOR
100
AcDbPolyline
 90
        4
 70
     1
 43
0.0
 10
140402.5914221829
 20
-167373.2209675094
 10
140402.5914221829
 20
-167385.2209675094
 10
140399.5914221829
 20
-167385.2209675094
 10
140399.5914221829
 20
-167373.2209675094
1001
PSPanelH
1002
{
1000
6051408574081
1000
6051408574081
1002
}
  0
DIMENSION
  5
1D9
330
2
100
AcDbEntity
  8
0
100
AcDbDimension
  2
*D22
 10
140511.591422184
 20
-166988.3638246522
 30
0.0
 11
140484.0914221839
 21
-166792.9352532236
 31
0.0
 71
     5
 42
390.8571428572759
  3
PANELIM
100
AcDbAlignedDimension
 13
140401.0914221834
 23
-166597.5066817949
 33
0.0
 14
140401.0914221831
 24
-166988.3638246522
 34
0.0
 50
269.9999999999682
100
AcDbRotatedDimension
1001
PSPanelH
1002
{
1000
6051408574081
1000
6051408574081
1002
}
1001
ACAD
1000
DSTYLE
1002
{
1070
   271
1070
     1
1002
}
  0
LWPOLYLINE
  5
1E6
330
2
100
AcDbEntity
  8
CONTOR
100
AcDbPolyline
 90
        4
 70
     1
 43
0.0
 10
140402.5914221831
 20
-166982.3638246522
 10
140402.5914221831
 20
-166994.3638246522
 10
140399.5914221831
 20
-166994.3638246522
 10
140399.5914221831
 20
-166982.3638246522
1001
PSPanelH
1002
{
1000
6051408574081
1000
6051408574081
1002
}
  0
DIMENSION
  5
1E7
330
2
100
AcDbEntity
  8
0
100
AcDbDimension
  2
*D23
 10
140511.591422184
 20
-166597.5066817949
 30
0.0
 11
140484.0914221839
 21
-166402.0781103663
 31
0.0
 71
     5
 42
390.8571428572759
  3
PANELIM
100
AcDbAlignedDimension
 13
140401.0914221836
 23
-166206.6495389376
 33
0.0
 14
140401.0914221834
 24
-166597.5066817949
 34
0.0
 50
269.9999999999682
100
AcDbRotatedDimension
1001
PSPanelH
1002
{
1000
6051408574081
1000
6051408574081
1002
}
1001
ACAD
1000
DSTYLE
1002
{
1070
   271
1070
     1
1002
}
  0
LWPOLYLINE
  5
1F4
330
2
100
AcDbEntity
  8
CONTOR
100
AcDbPolyline
 90
        4
 70
     1
 43
0.0
 10
140402.5914221834
 20
-166591.5066817949
 10
140402.5914221834
 20
-166603.5066817949
 10
140399.5914221834
 20
-166603.5066817949
 10
140399.5914221834
 20
-166591.5066817949
1001
PSPanelH
1002
{
1000
6051408574081
1000
6051408574081
1002
}
  0
DIMENSION
  5
1F5
330
2
100
AcDbEntity
  8
0
100
AcDbDimension
  2
*D24
 10
140511.591422184
 20
-166206.6495389377
 30
0.0
 11
140484.0914221839
 21
-166011.220967509
 31
0.0
 71
     5
 42
390.8571428572759
  3
PANELIM
100
AcDbAlignedDimension
 13
140401.0914221838
 23
-165815.7923960803
 33
0.0
 14
140401.0914221836
 24
-166206.6495389376
 34
0.0
 50
269.9999999999682
100
AcDbRotatedDimension
1001
PSPanelH
1002
{
1000
6051408574081
1000
6051408574081
1002
}
1001
ACAD
1000
DSTYLE
1002
{
1070
   271
1070
     1
1002
}
  0
LWPOLYLINE
  5
202
330
2
100
AcDbEntity
  8
CONTOR
100
AcDbPolyline
 90
        4
 70
     1
 43
0.0
 10
140402.5914221836
 20
-166200.6495389376
 10
140402.5914221836
 20
-166212.6495389376
 10
140399.5914221836
 20
-166212.6495389376
 10
140399.5914221836
 20
-166200.6495389376
1001
PSPanelH
1002
{
1000
6051408574081
1000
6051408574081
1002
}
  0
DIMENSION
  5
203
330
2
100
AcDbEntity
  8
0
100
AcDbDimension
  2
*D25
 10
140511.591422184
 20
-165815.7923960804
 30
0.0
 11
140484.0914221839
 21
-165620.3638246518
 31
0.0
 71
     5
 42
390.8571428572759
  3
PANELIM
100
AcDbAlignedDimension
 13
140401.091422184
 23
-165424.9352532231
 33
0.0
 14
140401.0914221838
 24
-165815.7923960803
 34
0.0
 50
269.9999999999682
100
AcDbRotatedDimension
1001
PSPanelH
1002
{
1000
6051408574081
1000
6051408574081
1002
}
1001
ACAD
1000
DSTYLE
1002
{
1070
   271
1070
     1
1002
}
  0
LWPOLYLINE
  5
210
330
2
100
AcDbEntity
  8
CONTOR
100
AcDbPolyline
 90
        4
 70
     1
 43
0.0
 10
140402.5914221838
 20
-165809.7923960803
 10
140402.5914221838
 20
-165821.7923960803
 10
140399.5914221838
 20
-165821.7923960803
 10
140399.5914221838
 20
-165809.7923960803
1001
PSPanelH
1002
{
1000
6051408574081
1000
6051408574081
1002
}
  0
DIMENSION
  5
211
330
2
100
AcDbEntity
  8
0
100
AcDbDimension
  2
*D26
 10
140511.591422184
 20
-165424.9352532231
 30
0.0
 11
140484.0914221839
 21
-165229.5066817945
 31
0.0
 71
     5
 42
390.8571428572759
  3
PANELIM
100
AcDbAlignedDimension
 13
140401.0914221842
 23
-165034.0781103658
 33
0.0
 14
140401.091422184
 24
-165424.9352532231
 34
0.0
 50
269.9999999999682
100
AcDbRotatedDimension
1001
PSPanelH
1002
{
1000
6051408574081
1000
6051408574081
1002
}
1001
ACAD
1000
DSTYLE
1002
{
1070
   271
1070
     1
1002
}
  0
LWPOLYLINE
  5
21E
330
2
100
AcDbEntity
  8
CONTOR
100
AcDbPolyline
 90
        4
 70
     1
 43
0.0
 10
140402.591422184
 20
-165418.9352532231
 10
140402.591422184
 20
-165430.9352532231
 10
140399.591422184
 20
-165430.9352532231
 10
140399.591422184
 20
-165418.9352532231
1001
PSPanelH
1002
{
1000
6051408574081
1000
6051408574081
1002
}
  0
DIMENSION
  5
21F
330
2
100
AcDbEntity
  8
0
100
AcDbDimension
  2
*D27
 10
140511.5914221838
 20
-165034.0781103658
 30
0.0
 11
140511.5914221837
 21
-165009.0781103658
 31
0.0
 70
   128
 71
     5
 42
50.0
  3
PANELIM
100
AcDbAlignedDimension
 13
140391.5914221843
 23
-164984.0781103658
 33
0.0
 14
140401.0914221842
 24
-165034.0781103658
 34
0.0
 50
269.9999999999682
100
AcDbRotatedDimension
1001
PSPanelH
1002
{
1000
6051408574081
1000
6051408574081
1002
}
  0
LWPOLYLINE
  5
22E
330
2
100
AcDbEntity
  8
CONTOR
100
AcDbPolyline
 90
        4
 70
     1
 43
0.0
 10
140402.5914221842
 20
-165028.0781103658
 10
140402.5914221842
 20
-165040.0781103658
 10
140399.5914221842
 20
-165040.0781103658
 10
140399.5914221842
 20
-165028.0781103658
1001
PSPanelH
1002
{
1000
6051408574081
1000
6051408574081
1002
}
  0
DIMENSION
  5
22F
330
2
100
AcDbEntity
  8
0
100
AcDbDimension
  2
*D28
 10
139408.5914221831
 20
-168006.0781103666
 30
0.0
 11
139308.1886392651
 21
-167978.5781103666
 31
0.0
 71
     5
 42
50.0
  3
PANELIM
100
AcDbAlignedDimension
 13
139458.5914221831
 23
-167895.5781103666
 33
0.0
 14
139408.5914221831
 24
-167886.0781103666
 34
0.0
 50
180.0
100
AcDbRotatedDimension
1001
PSPanelH
1002
{
1000
6051408565880
1000
6051408565880
1002
}
  0
DIMENSION
  5
23E
330
2
100
AcDbEntity
  8
0
100
AcDbDimension
  2
*D29
 10
139458.5914221831
 20
-168006.0781103666
 30
0.0
 11
139597.9247555165
 21
-167978.5781103666
 31
0.0
 71
     5
 42
278.6666666666279
  3
PANELIM
100
AcDbAlignedDimension
 13
139737.2580888498
 23
-167895.5781103666
 33
0.0
 14
139458.5914221831
 24
-167895.5781103666
 34
0.0
 50
180.0
100
AcDbRotatedDimension
1001
PSPanelH
1002
{
1000
6051408565880
1000
6051408565880
1002
}
1001
ACAD
1000
DSTYLE
1002
{
1070
   271
1070
     1
1002
}
  0
LWPOLYLINE
  5
24B
330
2
100
AcDbEntity
  8
CONTOR
100
AcDbPolyline
 90
        4
 70
     1
 43
0.0
 10
139464.5914221831
 20
-167897.0781103666
 10
139452.5914221831
 20
-167897.0781103666
 10
139452.5914221831
 20
-167894.0781103666
 10
139464.5914221831
 20
-167894.0781103666
1001
PSPanelH
1002
{
1000
6051408565880
1000
6051408565880
1002
}
  0
DIMENSION
  5
24C
330
2
100
AcDbEntity
  8
0
100
AcDbDimension
  2
*D30
 10
139737.2580888498
 20
-168006.0781103666
 30
0.0
 11
139876.5914221831
 21
-167978.5781103666
 31
0.0
 71
     5
 42
278.6666666666279
  3
PANELIM
100
AcDbAlignedDimension
 13
140015.9247555164
 23
-167895.5781103666
 33
0.0
 14
139737.2580888498
 24
-167895.5781103666
 34
0.0
 50
180.0
100
AcDbRotatedDimension
1001
PSPanelH
1002
{
1000
6051408565880
1000
6051408565880
1002
}
1001
ACAD
1000
DSTYLE
1002
{
1070
   271
1070
     1
1002
}
  0
LWPOLYLINE
  5
259
330
2
100
AcDbEntity
  8
CONTOR
100
AcDbPolyline
 90
        4
 70
     1
 43
0.0
 10
139743.2580888498
 20
-167897.0781103666
 10
139731.2580888498
 20
-167897.0781103666
 10
139731.2580888498
 20
-167894.0781103666
 10
139743.2580888498
 20
-167894.0781103666
1001
PSPanelH
1002
{
1000
6051408565880
1000
6051408565880
1002
}
  0
DIMENSION
  5
25A
330
2
100
AcDbEntity
  8
0
100
AcDbDimension
  2
*D31
 10
140015.9247555164
 20
-168006.0781103666
 30
0.0
 11
140155.2580888497
 21
-167978.5781103666
 31
0.0
 71
     5
 42
278.6666666666279
  3
PANELIM
100
AcDbAlignedDimension
 13
140294.591422183
 23
-167895.5781103666
 33
0.0
 14
140015.9247555164
 24
-167895.5781103666
 34
0.0
 50
180.0
100
AcDbRotatedDimension
1001
PSPanelH
1002
{
1000
6051408565880
1000
6051408565880
1002
}
1001
ACAD
1000
DSTYLE
1002
{
1070
   271
1070
     1
1002
}
  0
LWPOLYLINE
  5
267
330
2
100
AcDbEntity
  8
CONTOR
100
AcDbPolyline
 90
        4
 70
     1
 43
0.0
 10
140021.9247555164
 20
-167897.0781103666
 10
140009.9247555164
 20
-167897.0781103666
 10
140009.9247555164
 20
-167894.0781103666
 10
140021.9247555164
 20
-167894.0781103666
1001
PSPanelH
1002
{
1000
6051408565880
1000
6051408565880
1002
}
  0
DIMENSION
  5
268
330
2
100
AcDbEntity
  8
0
100
AcDbDimension
  2
*D32
 10
140294.591422183
 20
-168006.0781103666
 30
0.0
 11
140444.994205101
 21
-168006.0781103666
 31
0.0
 70
   128
 71
     5
 42
50.0
  3
PANELIM
100
AcDbAlignedDimension
 13
140344.591422183
 23
-167886.0781103666
 33
0.0
 14
140294.591422183
 24
-167895.5781103666
 34
0.0
 50
180.0
100
AcDbRotatedDimension
1001
PSPanelH
1002
{
1000
6051408565880
1000
6051408565880
1002
}
  0
LWPOLYLINE
  5
277
330
2
100
AcDbEntity
  8
CONTOR
100
AcDbPolyline
 90
        4
 70
     1
 43
0.0
 10
140300.591422183
 20
-167897.0781103666
 10
140288.591422183
 20
-167897.0781103666
 10
140288.591422183
 20
-167894.0781103666
 10
140300.591422183
 20
-167894.0781103666
1001
PSPanelH
1002
{
1000
6051408565880
1000
6051408565880
1002
}
  0
DIMENSION
  5
278
330
2
100
AcDbEntity
  8
0
100
AcDbDimension
  2
*D33
 10
140391.5914221833
 20
-166774.2157052401
 30
0.0
 11
140298.0347978563
 21
-166746.7157052401
 31
0.0
 71
     5
 42
15.99999999895226
  3
PANELIM
100
AcDbAlignedDimension
 13
140407.5914221822
 23
-166769.5051652305
 33
0.0
 14
140391.5914221833
 24
-166769.5051652304
 34
0.0
100
AcDbRotatedDimension
  0
LINE
  5
287
330
2
100
AcDbEntity
  8
KIFOF
 48
2.0
100
AcDbLine
 10
140391.5914221843
 20
-164984.0781103658
 30
0.0
 11
140391.5914221827
 21
-167820.0781103667
 31
0.0
1001
PSPanelH
1002
{
1000
6051408574081
1000
6051408574081
1000
9.5
1000
50
1000
50
1000
8
1000
PSHoleRectangle12x3
1000
+
1000
405
1000
100
1000
120
1000
+
1000
1
1000
0
1000
1
1002
}
  0
DIMENSION
  5
28A
330
2
100
AcDbEntity
  8
0
100
AcDbDimension
  2
*D55
 10
140342.5914221827
 20
-168257.568949727
 30
0.0
 11
140248.2014645223
 21
-168230.068949727
 31
0.0
 71
     5
 42
18.0
  3
PANELIM
100
AcDbAlignedDimension
 13
140360.5914221827
 23
-168313.4566799582
 33
0.0
 14
140342.5914221827
 24
-168313.4566799582
 34
0.0
100
AcDbRotatedDimension
1001
PSPanelLink
1002
{
1000
6051314470235-1
1000
1
1002
}
  0
LINE
  5
29A
330
2
100
AcDbEntity
  8
HAT
 62
     5
100
AcDbLine
 10
140360.5914221827
 20
-168313.4566799582
 30
0.0
 11
140360.5914221827
 21
-168315.4566799582
 31
0.0
  0
LINE
  5
29D
330
2
100
AcDbEntity
  8
HAT
 62
     5
100
AcDbLine
 10
140360.5914221827
 20
-168315.4566799582
 30
0.0
 11
140344.5914221827
 21
-168315.4566799582
 31
0.0
  0
LINE
  5
29E
330
2
100
AcDbEntity
  8
HAT
 62
     5
100
AcDbLine
 10
140360.5914221827
 20
-168313.4566799582
 30
0.0
 11
140342.5914221827
 21
-168313.4566799582
 31
0.0
  0
DIMENSION
  5
29F
330
2
100
AcDbEntity
  8
0
100
AcDbDimension
  2
*D34
 10
140442.1738728608
 20
-168366.4566799583
 30
0.0
 11
140442.1738728607
 21
-168339.9566799583
 31
0.0
 70
   128
 71
     5
 42
53.0
  3
PANELIM
100
AcDbAlignedDimension
 13
140360.5914221827
 23
-168313.4566799582
 33
0.0
 14
140344.5914221827
 24
-168366.4566799582
 34
0.0
 50
90.0
100
AcDbRotatedDimension
1001
ACAD
1000
DSTYLE
1002
{
1070
   271
1070
     0
1002
}
1001
PSPanelLink
1002
{
1000
6051314470235-1
1000
1
1002
}
  0
LINE
  5
2AE
330
2
100
AcDbEntity
  8
HAT
 62
     5
100
AcDbLine
 10
140344.5914221827
 20
-168366.4566799582
 30
0.0
 11
140344.5914221827
 21
-168315.4566799582
 31
0.0
  0
LINE
  5
2AF
330
2
100
AcDbEntity
  8
HAT
 62
     5
100
AcDbLine
 10
140342.5914221827
 20
-168364.4566799582
 30
0.0
 11
140342.5914221827
 21
-168313.4566799582
 31
0.0
  0
DIMENSION
  5
2B0
330
2
100
AcDbEntity
  8
0
100
AcDbDimension
  2
*D35
 10
139182.347086415
 20
-164940.0781103652
 30
0.0
 11
139154.847086415
 21
-166380.078110366
 31
0.0
 71
     5
 42
2880.000000001455
  3
PANELIM
100
AcDbAlignedDimension
 13
139323.5914221831
 23
-167820.0781103666
 33
0.0
 14
139323.591422183
 24
-164940.0781103652
 34
0.0
 50
90.0
100
AcDbRotatedDimension
  0
DIMENSION
  5
2BD
330
2
100
AcDbEntity
  8
0
100
AcDbDimension
  2
*D36
 10
139945.6529007961
 20
-167902.0781103667
 30
0.0
 11
139979.2095251231
 21
-167809.4080839539
 31
0.0
 70
   128
 71
     5
 42
16.0
  3
PANELIM
100
AcDbAlignedDimension
 13
139940.7046822508
 23
-167886.0781103666
 33
0.0
 14
139945.6529007962
 24
-167902.0781103666
 34
0.0
 50
90.0
100
AcDbRotatedDimension
  0
DIMENSION
  5
2CD
330
2
100
AcDbEntity
  8
0
100
AcDbDimension
  2
*D37
 10
139853.4561874552
 20
-167839.0781103664
 30
0.0
 11
139894.9155947002
 21
-167779.0781103663
 31
0.0
 70
   128
 71
     5
 42
47.00000000029104
  3
PANELIM
100
AcDbAlignedDimension
 13
139896.3604453052
 23
-167886.0781103666
 33
0.0
 14
139892.9641897829
 24
-167839.0781103663
 34
0.0
 50
90.0
100
AcDbRotatedDimension
  0
CIRCLE
  5
2DD
330
2
100
AcDbEntity
  8
CONTOR
100
AcDbCircle
 10
139409.091422183
 20
-167839.0781103666
 30
0.0
 40
1.5
  0
CIRCLE
  5
2DE
330
2
100
AcDbEntity
  8
CONTOR
100
AcDbCircle
 10
139410.591422183
 20
-167839.0781103666
 30
0.0
 40
1.5
  0
CIRCLE
  5
2DF
330
2
100
AcDbEntity
  8
CONTOR
100
AcDbCircle
 10
140344.091422183
 20
-167839.0781103666
 30
0.0
 40
1.5
  0
CIRCLE
  5
2E0
330
2
100
AcDbEntity
  8
CONTOR
100
AcDbCircle
 10
140342.591422183
 20
-167839.0781103666
 30
0.0
 40
1.5
  0
LINE
  5
2E1
330
2
100
AcDbEntity
  8
KIFOF
 48
2.0
100
AcDbLine
 10
140344.591422183
 20
-167886.0781103666
 30
0.0
 11
139408.5914221831
 21
-167886.0781103666
 31
0.0
1001
PSPanelH
1002
{
1000
6051408565880
1000
6051408565880
1000
9.5
1000
50
1000
50
1000
4
1000
PSHoleRectangle12x3
1000
+
1000
405
1000
100
1000
120
1000
+
1000
1
1000
0
1000
1
1002
}
  0
DIMENSION
  5
2E2
330
2
100
AcDbEntity
  8
0
100
AcDbDimension
  2
*D56
 10
140700.0155789109
 20
-167857.078110366
 30
0.0
 11
140665.6256212504
 21
-167917.0781103661
 31
0.0
 70
   128
 71
     5
 42
18.0
  3
PANELIM
100
AcDbAlignedDimension
 13
140754.762524483
 23
-167839.0781103659
 33
0.0
 14
140754.762524483
 24
-167857.0781103659
 34
0.0
 50
90.0
100
AcDbRotatedDimension
1001
ACAD
1000
DSTYLE
1002
{
1070
   271
1070
     0
1002
}
1001
PSPanelLink
1002
{
1000
6051314485836-1
1000
1
1002
}
  0
DIMENSION
  5
2F2
330
2
100
AcDbEntity
  8
0
100
AcDbDimension
  2
*D57
 10
140754.762524483
 20
-167952.6832997194
 30
0.0
 11
140780.262524483
 21
-167952.6832997194
 31
0.0
 70
   128
 71
     5
 42
51.0
  3
PANELIM
100
AcDbAlignedDimension
 13
140805.762524483
 23
-167841.0781103659
 33
0.0
 14
140754.762524483
 24
-167857.0781103659
 34
0.0
 50
180.0
100
AcDbRotatedDimension
1001
ACAD
1000
DSTYLE
1002
{
1070
   271
1070
     0
1002
}
1001
PSPanelLink
1002
{
1000
6051314485836-1
1000
1
1002
}
  0
LINE
  5
301
330
2
100
AcDbEntity
  8
HAT
 62
     5
100
AcDbLine
 10
140756.762524483
 20
-167841.0781103659
 30
0.0
 11
140805.762524483
 21
-167841.0781103659
 31
0.0
  0
LINE
  5
302
330
2
100
AcDbEntity
  8
HAT
 62
     5
100
AcDbLine
 10
140756.762524483
 20
-167857.0781103659
 30
0.0
 11
140756.762524483
 21
-167841.0781103659
 31
0.0
  0
LINE
  5
303
330
2
100
AcDbEntity
  8
HAT
 62
     5
100
AcDbLine
 10
140754.762524483
 20
-167857.0781103659
 30
0.0
 11
140756.762524483
 21
-167857.0781103659
 31
0.0
  0
LINE
  5
304
330
2
100
AcDbEntity
  8
HAT
 62
     5
100
AcDbLine
 10
140754.762524483
 20
-167839.0781103659
 30
0.0
 11
140754.762524483
 21
-167857.0781103659
 31
0.0
  0
LINE
  5
305
330
2
100
AcDbEntity
  8
HAT
 62
     5
100
AcDbLine
 10
140803.762524483
 20
-167839.0781103659
 30
0.0
 11
140754.762524483
 21
-167839.0781103659
 31
0.0
  0
DIMENSION
  5
306
330
2
100
AcDbEntity
  8
0
100
AcDbDimension
  2
*D38
 10
140756.762524483
 20
-164900.6896340428
 30
0.0
 11
140781.262524483
 21
-164900.6896340428
 31
0.0
 70
   128
 71
     5
 42
49.0
  3
PANELIM
100
AcDbAlignedDimension
 13
140805.762524483
 23
-164981.0781103659
 33
0.0
 14
140756.762524483
 24
-164965.0781103659
 34
0.0
 50
180.0
100
AcDbRotatedDimension
1001
PSPanelLink
1002
{
1000
6051314485836-1
1000
1
1002
}
1001
ACAD
1000
DSTYLE
1002
{
1070
   271
1070
     1
1002
}
  0
DIMENSION
  5
315
330
2
100
AcDbEntity
  8
0
100
AcDbDimension
  2
*D39
 10
139323.591422182
 20
-166068.657188779
 30
0.0
 11
139473.2013953456
 21
-166068.657188779
 31
0.0
 70
   128
 71
     5
 42
36.00000000069849
  3
PANELIM
100
AcDbAlignedDimension
 13
139359.5914221827
 23
-166034.5270081895
 33
0.0
 14
139323.591422182
 24
-166034.5270081895
 34
0.0
100
AcDbRotatedDimension
  0
DIMENSION
  5
324
330
2
100
AcDbEntity
  8
0
100
AcDbDimension
  2
*D40
 10
139285.5914221822
 20
-166185.0119237246
 30
0.0
 11
139453.8902037322
 21
-166185.0119237246
 31
0.0
 70
   128
 71
     5
 42
37.99999999953434
  3
PANELIM
100
AcDbAlignedDimension
 13
139323.5914221818
 23
-166185.0119237246
 33
0.0
 14
139285.5914221822
 24
-166185.0119237246
 34
0.0
100
AcDbRotatedDimension
  0
DIMENSION
  5
333
330
2
100
AcDbEntity
  8
0
100
AcDbDimension
  2
*D41
 10
139410.5914221829
 20
-165973.0236224819
 30
0.0
 11
139505.220702409
 21
-165945.5236224819
 31
0.0
 71
     5
 42
51.0
  3
PANELIM
100
AcDbAlignedDimension
 13
139359.5914221829
 23
-165957.9629040165
 33
0.0
 14
139410.5914221829
 24
-165967.9629040165
 34
0.0
 50
180.0
100
AcDbRotatedDimension
  0
LINE
  5
342
330
2
100
AcDbEntity
  8
KIFOF
 48
2.0
100
AcDbLine
 10
139359.591422183
 20
-164984.1567259085
 30
0.0
 11
139359.5914221824
 21
-167820.0781103666
 31
0.0
  0
LINE
  5
343
330
2
100
AcDbEntity
  8
KIFOF
 48
2.0
100
AcDbLine
 10
139323.591422183
 20
-165011.5781103663
 30
0.0
 11
139323.5914221813
 21
-167781.0781103665
 31
0.0
  0
LINE
  5
344
330
2
100
AcDbEntity
  8
KIFOF
 48
2.0
100
AcDbLine
 10
140342.591422183
 20
-167839.0781103666
 30
0.0
 11
139410.591422183
 21
-167839.078110367
 31
0.0
  0
DIMENSION
  5
345
330
2
100
AcDbEntity
  8
0
100
AcDbDimension
  2
*D42
 10
140342.5914221831
 20
-166685.102210869
 30
0.0
 11
140243.4685545859
 21
-166657.602210869
 31
0.0
 71
     5
 42
49.0
  3
PANELIM
100
AcDbAlignedDimension
 13
140391.5914221831
 23
-166670.0414924036
 33
0.0
 14
140342.5914221831
 24
-166680.0414924036
 34
0.0
100
AcDbRotatedDimension
  0
DIMENSION
  5
354
330
2
100
AcDbEntity
  8
Dim LengthForAreaNetto
100
AcDbDimension
  2
*D43
 10
140978.0662098175
 20
-167851.078110366
 30
0.0
 11
140950.5662098174
 21
-166411.078110366
 31
0.0
 71
     5
 42
2880.0
  3
PANELIM
100
AcDbAlignedDimension
 13
140805.762524483
 23
-164971.0781103659
 33
0.0
 14
140805.762524483
 24
-167851.0781103659
 34
0.0
 50
90.0
100
AcDbRotatedDimension
1001
ACAD
1000
DSTYLE
1002
{
1070
   178
1070
   256
1070
   177
1070
   256
1070
   176
1070
   256
1002
}
  0
LINE
  5
362
330
2
100
AcDbEntity
  8
HAT
 62
     5
100
AcDbLine
 10
140803.762524483
 20
-167839.0781103659
 30
0.0
 11
140803.762524483
 21
-164983.0781103659
 31
0.0
  0
LINE
  5
363
330
2
100
AcDbEntity
  8
HAT
 62
     5
100
AcDbLine
 10
140805.762524483
 20
-167841.0781103659
 30
0.0
 11
140805.762524483
 21
-164981.0781103659
 31
0.0
  0
DIMENSION
  5
364
330
2
100
AcDbEntity
  8
0
100
AcDbDimension
  2
*D44
 10
140910.2238661817
 20
-164981.078110366
 30
0.0
 11
140882.7238661816
 21
-166411.078110366
 31
0.0
 71
     5
 42
2860.0
  3
PANELIM
100
AcDbAlignedDimension
 13
140805.762524483
 23
-167841.0781103659
 33
0.0
 14
140805.762524483
 24
-164981.0781103659
 34
0.0
 50
270.0
100
AcDbRotatedDimension
1001
ACAD
1000
DSTYLE
1002
{
1070
   271
1070
     1
1002
}
1001
PSPanelLink
1002
{
1000
6051314485836-1
1000
1
1002
}
  0
DIMENSION
  5
371
330
2
100
AcDbEntity
  8
0
100
AcDbDimension
  2
*D45
 10
140695.0265531944
 20
-164965.078110366
 30
0.0
 11
140660.636595534
 21
-165043.078110366
 31
0.0
 70
   128
 71
     5
 42
18.0
  3
PANELIM
100
AcDbAlignedDimension
 13
140756.762524483
 23
-164983.0781103659
 33
0.0
 14
140756.762524483
 24
-164965.0781103659
 34
0.0
 50
90.0
100
AcDbRotatedDimension
1001
ACAD
1000
DSTYLE
1002
{
1070
   271
1070
     1
1002
}
1001
PSPanelLink
1002
{
1000
6051314485836-1
1000
1
1002
}
  0
LINE
  5
381
330
2
100
AcDbEntity
  8
HAT
 62
     5
100
AcDbLine
 10
140756.762524483
 20
-164983.0781103659
 30
0.0
 11
140756.762524483
 21
-164965.0781103659
 31
0.0
  0
LINE
  5
382
330
2
100
AcDbEntity
  8
HAT
 62
     5
100
AcDbLine
 10
140758.762524483
 20
-164981.0781103659
 30
0.0
 11
140758.762524483
 21
-164965.0781103659
 31
0.0
  0
LINE
  5
383
330
2
100
AcDbEntity
  8
HAT
 62
     5
100
AcDbLine
 10
140756.762524483
 20
-164965.0781103659
 30
0.0
 11
140758.762524483
 21
-164965.0781103659
 31
0.0
  0
LINE
  5
384
330
2
100
AcDbEntity
  8
HAT
 62
     5
100
AcDbLine
 10
140805.762524483
 20
-164981.0781103659
 30
0.0
 11
140758.762524483
 21
-164981.0781103659
 31
0.0
  0
LINE
  5
385
330
2
100
AcDbEntity
  8
HAT
 62
     5
100
AcDbLine
 10
140803.762524483
 20
-164983.0781103659
 30
0.0
 11
140756.762524483
 21
-164983.0781103659
 31
0.0
  0
INSERT
  5
386
330
2
100
AcDbEntity
  8
0
  6
Continuous
100
AcDbBlockReference
  2
Zeva
 10
140805.762524483
 20
-166144.0279417124
 30
0.0
 41
1.62
 42
1.62
 43
1.62
 50
89.99999999999999
  0
DIMENSION
  5
391
330
2
100
AcDbEntity
  8
0
100
AcDbDimension
  2
*D46
 10
139370.5914221826
 20
-168236.1329359151
 30
0.0
 11
139390.5914221827
 21
-168236.1329359151
 31
0.0
 70
   128
 71
     5
 42
40.00000000005821
  3
PANELIM
100
AcDbAlignedDimension
 13
139410.5914221827
 23
-168311.4566799582
 33
0.0
 14
139370.5914221826
 24
-168311.4566799582
 34
0.0
100
AcDbRotatedDimension
1001
ACAD
1000
DSTYLE
1002
{
1070
   271
1070
     1
1002
}
1001
PSPanelLink
1002
{
1000
6051314470235-1
1000
1
1002
}
  0
DIMENSION
  5
3A0
330
2
100
AcDbEntity
  8
0
100
AcDbDimension
  2
*D47
 10
139327.7135060069
 20
-168351.4566799583
 30
0.0
 11
139287.9805960699
 21
-168411.4566799583
 31
0.0
 70
   128
 71
     5
 42
39.9999999999709
  3
PANELIM
100
AcDbAlignedDimension
 13
139370.5914221827
 23
-168311.4566799582
 33
0.0
 14
139370.5914221827
 24
-168351.4566799582
 34
0.0
 50
270.0
100
AcDbRotatedDimension
1001
ACAD
1000
DSTYLE
1002
{
1070
   271
1070
     1
1002
}
1001
PSPanelLink
1002
{
1000
6051314470235-1
1000
1
1002
}
  0
LINE
  5
3B0
330
2
100
AcDbEntity
  8
HAT
 62
     5
100
AcDbLine
 10
139410.5914221827
 20
-168364.4566799582
 30
0.0
 11
139410.5914221827
 21
-168311.4566799582
 31
0.0
  0
LINE
  5
3B1
330
2
100
AcDbEntity
  8
HAT
 62
     5
100
AcDbLine
 10
139408.5914221827
 20
-168366.4566799582
 30
0.0
 11
139408.5914221827
 21
-168313.4566799582
 31
0.0
  0
LINE
  5
3B2
330
2
100
AcDbEntity
  8
HAT
 62
     5
100
AcDbLine
 10
139370.5914221827
 20
-168311.4566799582
 30
0.0
 11
139370.5914221827
 21
-168351.4566799582
 31
0.0
  0
LINE
  5
3B3
330
2
100
AcDbEntity
  8
HAT
 62
     5
100
AcDbLine
 10
139372.5914221827
 20
-168313.4566799582
 30
0.0
 11
139372.5914221827
 21
-168351.4566799582
 31
0.0
  0
LINE
  5
3B4
330
2
100
AcDbEntity
  8
HAT
 62
     5
100
AcDbLine
 10
139370.5914221827
 20
-168351.4566799582
 30
0.0
 11
139372.5914221827
 21
-168351.4566799582
 31
0.0
  0
LINE
  5
3B5
330
2
100
AcDbEntity
  8
HAT
 62
     5
100
AcDbLine
 10
139410.5914221827
 20
-168311.4566799582
 30
0.0
 11
139370.5914221827
 21
-168311.4566799582
 31
0.0
  0
LINE
  5
3B6
330
2
100
AcDbEntity
  8
HAT
 62
     5
100
AcDbLine
 10
139408.5914221827
 20
-168313.4566799582
 30
0.0
 11
139372.5914221827
 21
-168313.4566799582
 31
0.0
  0
DIMENSION
  5
3B7
330
2
100
AcDbEntity
  8
0
100
AcDbDimension
  2
*D48
 10
139494.4410747625
 20
-168366.4566799583
 30
0.0
 11
139494.4410747624
 21
-168338.9566799583
 31
0.0
 70
   128
 71
     5
 42
55.0
  3
PANELIM
100
AcDbAlignedDimension
 13
139410.5914221827
 23
-168311.4566799582
 33
0.0
 14
139408.5914221827
 24
-168366.4566799582
 34
0.0
 50
90.0
100
AcDbRotatedDimension
1001
ACAD
1000
DSTYLE
1002
{
1070
   271
1070
     1
1002
}
1001
PSPanelLink
1002
{
1000
6051314470235-1
1000
1
1002
}
  0
INSERT
  5
3C6
330
2
100
AcDbEntity
  8
0
  6
Continuous
100
AcDbBlockReference
  2
Zeva
 10
139876.5914221827
 20
-168366.4566799582
 30
0.0
 41
2.0
 42
2.0
 43
2.0
  0
DIMENSION
  5
3C7
330
2
100
AcDbEntity
  8
0
100
AcDbDimension
  2
*D49
 10
140407.591422183
 20
-164719.6730589808
 30
0.0
 11
139846.591422183
 21
-164679.6730589808
 31
0.0
 71
     5
 42
1122.000000000116
  3
PANELIM
100
AcDbAlignedDimension
 13
139285.5914221829
 23
-165011.5781103651
 33
0.0
 14
140407.591422183
 24
-164981.0781103658
 34
0.0
100
AcDbRotatedDimension
1001
PSPanelLink
1002
{
1000
6051314470235-2
1000
1
1000
-
1000
20
1002
}
1002
{
1000
3102219400717-1
1000
2
1002
}
1001
ACAD
1000
DSTYLE
1002
{
1070
   140
1040
40.0
1070
   147
1040
-10.0
1070
   271
1070
     1
1002
}
  0
DIMENSION
  5
3D8
330
2
100
AcDbEntity
  8
0
100
AcDbDimension
  2
*D50
 10
139071.4383647516
 20
-167902.0781103667
 30
0.0
 11
139031.4383647515
 21
-166412.0781103662
 31
0.0
 71
     5
 42
2980.000000000902
  3
PANELIM
100
AcDbAlignedDimension
 13
139408.591423578
 23
-164922.0781103658
 33
0.0
 14
139408.5914221831
 24
-167902.0781103667
 34
0.0
 50
90.0
100
AcDbRotatedDimension
1001
ACAD
1000
DSTYLE
1002
{
1070
   140
1040
40.0
1070
   147
1040
-10.0
1070
   271
1070
     1
1002
}
1001
PSPanelLink
1002
{
1000
6051314485836-2
1000
1
1000
-
1000
16
1002
}
1002
{
1000
3102219400316-1
1000
2
1002
}
  0
CIRCLE
  5
3E9
330
2
100
AcDbEntity
  8
CONTOR
100
AcDbCircle
 10
140344.091422183
 20
-164983.0781103661
 30
0.0
 40
1.5
  0
DIMENSION
  5
3EA
330
2
100
AcDbEntity
  8
Dim WidthForAreaNetto
100
AcDbDimension
  2
*D51
 10
139398.5914221827
 20
-168622.5467381811
 30
0.0
 11
139876.5914221827
 21
-168595.0467381811
 31
0.0
 71
     5
 42
956.0
  3
PANELIM
100
AcDbAlignedDimension
 13
140354.5914221827
 23
-168366.4566799582
 33
0.0
 14
139398.5914221827
 24
-168366.4566799582
 34
0.0
 50
180.0
100
AcDbRotatedDimension
1001
ACAD
1000
DSTYLE
1002
{
1070
   178
1070
   256
1070
   177
1070
   256
1070
   176
1070
   256
1002
}
  0
LWPOLYLINE
  5
3F8
330
2
100
AcDbEntity
  8
צבע
100
AcDbPolyline
 90
        3
 70
     0
 10
139834.0197327642
 20
-165143.5160012778
 40
0.0
 41
117.6
 10
139834.0197327642
 20
-165246.3433280994
 40
44.1
 41
44.1
 10
139834.0197327642
 20
-165391.6178616167
 40
44.1
 41
44.1
  0
CIRCLE
  5
3F9
330
2
100
AcDbEntity
  8
CONTOR
100
AcDbCircle
 10
140342.591422183
 20
-164983.0781103658
 30
0.0
 40
1.5
  0
DIMENSION
  5
3FA
330
2
100
AcDbEntity
  8
0
100
AcDbDimension
  2
*D58
 10
140344.5914221827
 20
-168541.6370660501
 30
0.0
 11
139876.5914221827
 21
-168514.1370660501
 31
0.0
 71
     5
 42
936.0
  3
PANELIM
100
AcDbAlignedDimension
 13
139408.5914221827
 23
-168366.4566799582
 33
0.0
 14
140344.5914221827
 24
-168366.4566799582
 34
0.0
 50
180.0
100
AcDbRotatedDimension
1001
PSPanelLink
1002
{
1000
6051314470235-1
1000
1
1002
}
  0
LINE
  5
407
330
2
100
AcDbEntity
  8
HAT
 62
     5
100
AcDbLine
 10
140342.5914221827
 20
-168364.4566799582
 30
0.0
 11
139410.5914221827
 21
-168364.4566799582
 31
0.0
  0
LINE
  5
408
330
2
100
AcDbEntity
  8
HAT
 62
     5
100
AcDbLine
 10
140344.5914221827
 20
-168366.4566799582
 30
0.0
 11
139408.5914221827
 21
-168366.4566799582
 31
0.0
  0
DIMENSION
  5
409
330
2
100
AcDbEntity
  8
0
100
AcDbDimension
  2
*D52
 10
140077.2665985539
 20
-164938.0781103659
 30
0.0
 11
140037.4738579755
 21
-165054.5491059263
 31
0.0
 70
   128
 71
     5
 42
45.0
  3
PANELIM
100
AcDbAlignedDimension
 13
140077.2665985539
 23
-164983.0781103659
 33
0.0
 14
140077.2665985539
 24
-164938.0781103659
 34
0.0
 50
90.0
100
AcDbRotatedDimension
  0
DIMENSION
  5
419
330
2
100
AcDbEntity
  8
0
100
AcDbDimension
  2
*D53
 10
139551.4104011905
 20
-167839.078110366
 30
0.0
 11
139551.4104011905
 21
-166546.2416914267
 31
0.0
 70
   128
 71
     5
 42
2855.999999999942
  3
PANELIM
100
AcDbAlignedDimension
 13
139551.4104011903
 23
-164983.078110366
 33
0.0
 14
139551.4104011903
 24
-167839.078110366
 34
0.0
 50
270.0
100
AcDbRotatedDimension
  0
LWPOLYLINE
  5
426
330
2
100
AcDbEntity
  8
צבע
100
AcDbPolyline
 90
        3
 70
     0
 10
139834.0197327642
 20
-167349.5874951873
 40
0.0
 41
117.6
 10
139834.0197327642
 20
-167451.414822009
 40
44.1
 41
44.1
 10
139834.0197327642
 20
-167596.6893555262
 40
44.1
 41
44.1
  0
CIRCLE
  5
427
330
2
100
AcDbEntity
  8
CONTOR
100
AcDbCircle
 10
139409.091422183
 20
-164983.0781103659
 30
0.0
 40
1.5
  0
CIRCLE
  5
428
330
2
100
AcDbEntity
  8
CONTOR
100
AcDbCircle
 10
139410.591422183
 20
-164983.0781103658
 30
0.0
 40
1.5
  0
LINE
  5
429
330
2
100
AcDbEntity
  8
KIFOF
 48
2.0
100
AcDbLine
 10
140342.591422183
 20
-164983.0781103662
 30
0.0
 11
140342.5914221827
 21
-167839.0781103666
 31
0.0
1001
PSPanelO
1002
{
1000
6051408574101
1000
6051408574101
1000
700
1000
3
1000
7
1000
1000
1000
450
1000
200
1000
OMEGA-
1000
24
1000
15
1000
1
1000
1
1005
0
1000
1
1011
140342.591422183
1021
-164983.0781103662
1031
0.0
1011
140342.5914221827
1021
-167839.0781103666
1031
0.0
1005
0
1000
6
1000
0
1000
0
1000
1
1000
700
1000
1
1002
}
  0
LINE
  5
42A
330
2
100
AcDbEntity
  8
KIFOF
 48
2.0
100
AcDbLine
 10
139410.591422183
 20
-164983.0781103658
 30
0.0
 11
139410.5914221827
 21
-167839.0781103662
 31
0.0
1001
PSPanelO2
1002
{
1000
6051408574101
1000
6051408574101
1000
700
1000
3
1000
7
1000
1000
1000
450
1000
200
1000
OMEGA-
1000
24
1000
15
1000
1
1000
1
1005
0
1000
2
1011
139410.591422183
1021
-164983.0781103658
1031
0.0
1011
139410.5914221827
1021
-167839.0781103662
1031
0.0
1005
0
1000
6
1000
0
1000
0
1000
1
1000
700
1000
1
1002
}
1002
{
1000
6051314413701
1000
6051314413701
1000
700
1000
3
1000
7
1000
1000
1000
450
1000
180
1000
OMEGA-
1000
24
1000
15
1000
1
1000
1
1005
0
1000
2
1011
139410.591422183
1021
-164983.0781103657
1031
0.0
1011
139410.5914221827
1021
-167839.0781103662
1031
0.0
1005
0
1000
6
1000
0
1000
0
1000
1
1000
700
1000
1
1002
}
  0
LWPOLYLINE
  5
42C
330
2
100
AcDbEntity
  8
CONTOR
100
AcDbPolyline
 90
       37
 70
     1
 43
0.0
 10
139285.5914221831
 20
-167184.078110367
 10
139323.5914221826
 20
-167184.0781103669
 10
139323.5914221826
 20
-167044.0781103669
 10
139285.5914221831
 20
-167044.078110367
 10
139285.5914221831
 20
-166481.0781103666
 10
139323.5914221826
 20
-166481.0781103665
 10
139323.5914221826
 20
-166341.0781103665
 10
139285.5914221831
 20
-166341.0781103666
 10
139285.5914221831
 20
-165778.0781103662
 10
139323.5914221826
 20
-165778.0781103661
 10
139323.5914221826
 20
-165638.0781103661
 10
139285.5914221831
 20
-165638.0781103662
 10
139285.591422183
 20
-165011.5781103651
 10
139323.5914221829
 20
-165011.5781103652
 10
139323.591422183
 20
-164940.0781103652
 10
139358.5914221831
 20
-164940.0781103652
 10
139358.5914221829
 20
-164984.0781103658
 10
139408.591423578
 20
-164984.0781103658
 10
139408.591423578
 20
-164922.0781103658
 10
140344.5914207879
 20
-164922.0781103658
 10
140344.5914207879
 20
-164984.0781103658
 10
140391.591422183
 20
-164984.0781103658
 10
140391.591422183
 20
-164981.0781103658
 10
140407.591422183
 20
-164981.0781103658
 10
140407.5914221818
 20
-167820.0781103667
 10
140388.5914221827
 20
-167820.0781103667
 10
140388.5914221827
 20
-167838.0781103667
 10
140344.591422183
 20
-167838.0781103668
 10
140344.591422183
 20
-167902.0781103666
 10
139408.5914221831
 20
-167902.0781103666
 10
139408.5914221831
 20
-167838.0781103668
 10
139362.5914221827
 20
-167838.0781103667
 10
139362.5914221827
 20
-167820.0781103666
 10
139323.5914221831
 20
-167820.0781103666
 10
139323.591422183
 20
-167781.0781103665
 10
139285.5914221831
 20
-167781.0781103665
 10
139285.5914221831
 20
-167184.078110367
  0
LINE
  5
42D
330
2
100
AcDbEntity
  8
KIFOF
 48
2.0
100
AcDbLine
 10
140344.5914207879
 20
-164938.0781103658
 30
0.0
 11
139408.591423578
 21
-164938.0781103657
 31
0.0
1001
PSPanelH
1002
{
1000
6051408574082
1000
6051408574082
1000
9.5
1000
50
1000
50
1000
4
1000
PSHoleRectangle12x3
1000
-
1000
405
1000
100
1000
120
1000
-
1000
1
1000
0
1000
1
1002
}
  0
LINE
  5
42E
330
2
100
AcDbEntity
  8
KIFOF
 48
2.0
100
AcDbLine
 10
140342.591422183
 20
-164983.0781103662
 30
0.0
 11
139410.591422183
 21
-164983.0781103658
 31
0.0
  0
DIMENSION
  5
42F
330
2
100
AcDbEntity
  8
0
100
AcDbDimension
  2
*D54
 10
139948.8874678155
 20
-164922.0781103658
 30
0.0
 11
139915.3308434885
 21
-165036.1962110697
 31
0.0
 70
   128
 71
     5
 42
16.00000000145519
  3
PANELIM
100
AcDbAlignedDimension
 13
139952.3781966501
 23
-164938.0781103672
 33
0.0
 14
139948.8874678155
 24
-164922.0781103658
 34
0.0
 50
90.0
100
AcDbRotatedDimension
1001
ACAD
1000
DSTYLE
1002
{
1070
   271
1070
     1
1002
}
  0
ENDSEC
  0
SECTION
  2
OBJECTS
  0
DICTIONARY
  5
A
330
0
100
AcDbDictionary
281
     1
  3
ACAD_COLOR
350
3E
  3
ACAD_DETAILVIEWSTYLE
350
444
  3
ACAD_FIELDLIST
350
442
  3
ACAD_GROUP
350
35
  3
ACAD_LAST_SAVED_VERSION_INFO
350
443
  3
ACAD_LAYOUT
350
17
  3
ACAD_MATERIAL
350
C
  3
ACAD_MLEADERSTYLE
350
41
  3
ACAD_MLINESTYLE
350
36
  3
ACAD_PLOTSETTINGS
350
37
  3
ACAD_PLOTSTYLENAME
350
9
  3
ACAD_SCALELIST
350
3F
  3
ACAD_SECTIONVIEWSTYLE
350
445
  3
ACAD_TABLESTYLE
350
40
  3
ACAD_VISUALSTYLE
350
2C
  3
ACDB_RECOMPOSE_DATA
350
49A
  3
ACDBVARIABLEDICTIONARY
350
42
  3
AcDsDecomposeData
350
49B
  0
DICTIONARY
  5
45C
330
29
100
AcDbDictionary
280
     1
281
     1
  3
ACAD_XREC_ROUNDTRIP
360
45D
  0
DICTIONARY
  5
1F
330
1E
100
AcDbDictionary
280
     1
281
     1
  3
ACAD_LAYERSTATES
360
20
  0
DICTIONARY
  5
3
330
2
100
AcDbDictionary
280
     1
281
     1
  3
ACAD_SORTENTS
360
441
  0
DICTIONARY
  5
EC
330
EB
100
AcDbDictionary
280
     1
281
     1
  3
ACAD_SORTENTS
360
43F
  0
DICTIONARY
  5
92
330
91
100
AcDbDictionary
280
     1
281
     1
  3
ACAD_SORTENTS
360
440
  0
DICTIONARY
  5
FA
330
F9
100
AcDbDictionary
280
     1
281
     1
  3
AcDbContextDataManager
360
FB
  0
DICTIONARY
  5
FF
330
FE
100
AcDbDictionary
280
     1
281
     1
  3
AcDbContextDataManager
360
100
  0
DICTIONARY
  5
103
330
102
100
AcDbDictionary
280
     1
281
     1
  3
AcDbContextDataManager
360
104
  0
DICTIONARY
  5
108
330
107
100
AcDbDictionary
280
     1
281
     1
  3
AcDbContextDataManager
360
109
  0
DICTIONARY
  5
3E
102
{ACAD_REACTORS
330
A
102
}
330
A
100
AcDbDictionary
281
     1
  0
DICTIONARY
  5
444
102
{ACAD_REACTORS
330
A
102
}
330
A
100
AcDbDictionary
281
     1
  0
FIELDLIST
  5
442
102
{ACAD_REACTORS
330
A
102
}
330
A
100
AcDbIdSet
 90
        0
100
AcDbFieldList
  0
DICTIONARY
  5
35
102
{ACAD_REACTORS
330
A
102
}
330
A
100
AcDbDictionary
281
     1
  0
XRECORD
  5
443
102
{ACAD_REACTORS
330
A
102
}
330
A
100
AcDbXrecord
280
     1
300
{9204F84F-7C09-F741-B32B-B6ACE3BCFEDA}
301
{9F08E760-BFE4-0F49-BDF2-16D77B7910FD}
302
{9204F84F-7C09-F741-B32B-B6ACE3BCFEDA}
303
\\10.0.0.5\Dropbox\lior autocad files\ענק\גרנד נתניה\Panelim\2026\DWG\DWG 904\PN_PL_1648.dwg
  0
DICTIONARY
  5
17
102
{ACAD_REACTORS
330
A
102
}
330
A
100
AcDbDictionary
281
     1
  3
Layout1
350
1D
  3
Model
350
16
  0
DICTIONARY
  5
C
102
{ACAD_REACTORS
330
A
102
}
330
A
100
AcDbDictionary
281
     1
  3
ByBlock
350
3B
  3
ByLayer
350
38
  3
Global
350
B
  0
DICTIONARY
  5
41
102
{ACAD_REACTORS
330
A
102
}
330
A
100
AcDbDictionary
281
     1
  3
Standard
350
45A
  0
DICTIONARY
  5
36
102
{ACAD_REACTORS
330
A
102
}
330
A
100
AcDbDictionary
281
     1
  3
Standard
350
5B
  0
DICTIONARY
  5
37
102
{ACAD_REACTORS
330
A
102
}
330
A
100
AcDbDictionary
281
     1
  0
ACDBDICTIONARYWDFLT
  5
9
102
{ACAD_REACTORS
330
A
102
}
330
A
100
AcDbDictionary
281
     1
  3
Normal
350
8
100
AcDbDictionaryWithDefault
340
8
  0
DICTIONARY
  5
3F
102
{ACAD_REACTORS
330
A
102
}
330
A
100
AcDbDictionary
281
     1
  3
*A1
350
60
  3
A0
350
61
  3
A1
350
62
  3
A2
350
63
  3
A3
350
64
  3
A4
350
65
  3
A5
350
66
  3
A6
350
67
  3
A7
350
68
  3
A8
350
69
  3
A9
350
6A
  3
B0
350
6B
  3
B1
350
6C
  3
B2
350
6D
  3
B3
350
6E
  3
B4
350
6F
  3
B5
350
70
  3
B6
350
71
  0
DICTIONARY
  5
445
102
{ACAD_REACTORS
330
A
102
}
330
A
100
AcDbDictionary
281
     1
  0
DICTIONARY
  5
40
102
{ACAD_REACTORS
330
A
102
}
330
A
100
AcDbDictionary
281
     1
  3
Standard
350
5C
  0
DICTIONARY
  5
2C
102
{ACAD_REACTORS
330
A
102
}
330
A
100
AcDbDictionary
281
     1
  3
2dWireframe
350
2B
  3
Basic
350
44B
  3
Brighten
350
44E
  3
ColorChange
350
452
  3
Conceptual
350
44C
  3
Dim
350
44D
  3
EdgeColorOff
350
9F
  3
Facepattern
350
451
  3
Flat
350
446
  3
FlatWithEdges
350
447
  3
Gouraud
350
448
  3
GouraudWithEdges
350
449
  3
Hidden
350
44A
  3
JitterOff
350
453
  3
Linepattern
350
450
  3
OverhangOff
350
454
  3
Realistic
350
5E
  3
Shaded
350
459
  3
Shaded with edges
350
458
  3
Shades of Gray
350
455
  3
Sketchy
350
456
  3
Thicken
350
44F
  3
Wireframe
350
5F
  3
X-Ray
350
457
  0
XRECORD
  5
49A
102
{ACAD_REACTORS
330
A
102
}
330
A
100
AcDbXrecord
280
     1
 90
        1
330
5C
  0
DICTIONARY
  5
42
102
{ACAD_REACTORS
330
A
102
}
330
A
100
AcDbDictionary
281
     2
  3
#REVCLOUDAPPROXARCLEN
350
43
  3
ANNOALLVISIBLE
350
44
  3
CANNOSCALE
350
45
  3
CMLEADERSTYLE
350
4A4
  3
CTABLESTYLE
350
47
  3
DIMADEC
350
4A
  3
DIMASSOC
350
4B
  3
DIMLAYER
350
4C
  3
EXPORTPAPERSPACE
350
4D
  3
HPCOLOR
350
4E
  3
HPINHERIT
350
4F
  3
HPTRANSPARENCY
350
50
  3
INDEXCTL
350
51
  3
LAYEREVAL
350
52
  3
LAYERNOTIFY
350
53
  3
LIGHTINGUNITS
350
54
  3
MLEADERSCALE
350
55
  3
MSLTSCALE
350
56
  3
OLEFRAME
350
57
  3
PDFFRAME
350
58
  3
SOLIDHIST
350
59
  3
SORTENTS
350
5A
  3
XCLIPFRAME
350
45E
  0
DICTIONARY
  5
49B
102
{ACAD_REACTORS
330
A
102
}
330
A
100
AcDbDictionary
281
     1
  3
AcDsRecords
350
49C
  3
AcDsSchemas
350
49D
1001
ACAD
1070
     2
  0
XRECORD
  5
45D
102
{ACAD_REACTORS
330
45C
102
}
330
45C
100
AcDbXrecord
280
     1
102
VTR_0.000_0.000_1.000_1.000_VISUALSTYLE
340
2B
102
VTR_0.000_0.000_1.000_1.000_GRIDDISPLAY
 70
     3
102
VTR_0.000_0.000_1.000_1.000_GRIDMAJOR
 70
     5
102
VTR_0.000_0.000_1.000_1.000_DEFAULTLIGHTING
280
     1
102
VTR_0.000_0.000_1.000_1.000_DEFAULTLIGHTINGTYPE
 70
     1
102
VTR_0.000_0.000_1.000_1.000_BRIGHTNESS
141
0.0
102
VTR_0.000_0.000_1.000_1.000_CONTRAST
142
0.0
  0
DICTIONARY
  5
20
102
{ACAD_REACTORS
330
1F
102
}
330
1F
100
AcDbDictionary
281
     1
  0
SORTENTSTABLE
  5
441
102
{ACAD_REACTORS
330
3
102
}
330
3
100
AcDbSortentsTable
330
2
  0
SORTENTSTABLE
  5
43F
102
{ACAD_REACTORS
330
EC
102
}
330
EC
100
AcDbSortentsTable
330
EB
331
F8
  5
107
331
F9
  5
106
331
FE
  5
102
331
102
  5
FE
331
106
  5
F9
331
107
  5
F8
  0
SORTENTSTABLE
  5
440
102
{ACAD_REACTORS
330
92
102
}
330
92
100
AcDbSortentsTable
330
91
  0
DICTIONARY
  5
FB
102
{ACAD_REACTORS
330
FA
102
}
330
FA
100
AcDbDictionary
281
     1
  3
ACDB_ANNOTATIONSCALES
350
FC
  0
DICTIONARY
  5
100
102
{ACAD_REACTORS
330
FF
102
}
330
FF
100
AcDbDictionary
281
     1
  3
ACDB_ANNOTATIONSCALES
350
101
  0
DICTIONARY
  5
104
102
{ACAD_REACTORS
330
103
102
}
330
103
100
AcDbDictionary
281
     1
  3
ACDB_ANNOTATIONSCALES
350
105
  0
DICTIONARY
  5
109
102
{ACAD_REACTORS
330
108
102
}
330
108
100
AcDbDictionary
281
     1
  3
ACDB_ANNOTATIONSCALES
350
10A
  0
LAYOUT
  5
1D
102
{ACAD_REACTORS
330
17
102
}
330
17
100
AcDbPlotSettings
  1

  2
C:\Documents and Settings\basas\Application Data\Autodesk\AutoCAD 2005\R16.1\enu\plotters\Default Windows System Printer.pc3
  4

  6

 40
0.0
 41
0.0
 42
0.0
 43
0.0
 44
0.0
 45
0.0
 46
0.0
 47
0.0
 48
0.0
 49
0.0
140
0.0
141
0.0
142
1.0
143
1.0
 70
   688
 72
     0
 73
     0
 74
     5
  7

 75
    16
 76
     0
 77
     2
 78
   300
147
1.0
148
0.0
149
0.0
100
AcDbLayout
  1
Layout1
 70
     0
 71
     1
 10
0.0
 20
0.0
 11
12.0
 21
9.0
 12
0.0
 22
0.0
 32
0.0
 14
0.0
 24
0.0
 34
0.0
 15
0.0
 25
0.0
 35
0.0
146
0.0
 13
0.0
 23
0.0
 33
0.0
 16
1.0
 26
0.0
 36
0.0
 17
0.0
 27
1.0
 37
0.0
 76
     0
330
1A
  0
LAYOUT
  5
16
102
{ACAD_REACTORS
330
17
102
}
102
{ACAD_XDICTIONARY
360
45F
102
}
330
17
100
AcDbPlotSettings
  1

  2
DWG To PDF.pc3
  4
ISO_full_bleed_A4_(210.00_x_297.00_MM)
  6

 40
0.0
 41
0.0
 42
0.0
 43
0.0
 44
210.0
 45
297.0
 46
0.0
 47
1.770961350206221
 48
138422.6814395501
 49
-169324.3781053877
140
141997.0643191159
141
-164329.4660702928
142
1.0
143
17.02087085507519
 70
 11956
 72
     1
 73
     0
 74
     4
  7
PANELIM.ctb
 75
     0
 76
     1
 77
     2
 78
   300
147
0.058751400472663
148
-138422.6814395501
149
169324.3781053877
100
AcDbLayout
  1
Model
 70
     1
 71
     0
 10
0.0
 20
0.0
 11
12.0
 21
9.0
 12
0.0
 22
0.0
 32
0.0
 14
0.0
 24
0.0
 34
0.0
 15
0.0
 25
0.0
 35
0.0
146
0.0
 13
0.0
 23
0.0
 33
0.0
 16
1.0
 26
0.0
 36
0.0
 17
0.0
 27
1.0
 37
0.0
 76
     0
330
2
331
2A
1001
ACAD_PSEXT
1000
DWG To PDF.pc3
1000
DWG To PDF
1000
File
1000

1070
     0
  0
MATERIAL
  5
3B
102
{ACAD_REACTORS
330
C
102
}
102
{ACAD_XDICTIONARY
360
3C
102
}
330
C
100
AcDbMaterial
  1
ByBlock
 73
     2
 78
     2
172
     2
176
     2
270
     2
274
     2
  0
MATERIAL
  5
38
102
{ACAD_REACTORS
330
C
102
}
102
{ACAD_XDICTIONARY
360
39
102
}
330
C
100
AcDbMaterial
  1
ByLayer
 73
     2
 78
     2
172
     2
176
     2
270
     2
274
     2
  0
MATERIAL
  5
B
102
{ACAD_REACTORS
330
C
102
}
102
{ACAD_XDICTIONARY
360
D
102
}
330
C
100
AcDbMaterial
  1
Global
 73
     2
 43
0.0007999999797903
 43
0.0
 43
0.0
 43
0.0
 43
0.0
 43
0.0007999999797903
 43
0.0
 43
0.0
 43
0.0
 43
0.0
 43
1.0
 43
0.0
 43
0.0
 43
0.0
 43
0.0
 43
1.0
 78
     2
172
     2
 49
0.0007999999797903
 49
0.0
 49
0.0
 49
0.0
 49
0.0
 49
0.0007999999797903
 49
0.0
 49
0.0
 49
0.0
 49
0.0
 49
1.0
 49
0.0
 49
0.0
 49
0.0
 49
0.0
 49
1.0
176
     2
142
0.0007999999797903
142
0.0
142
0.0
142
0.0
142
0.0
142
0.0007999999797903
142
0.0
142
0.0
142
0.0
142
0.0
142
1.0
142
0.0
142
0.0
142
0.0
142
0.0
142
1.0
270
     2
144
0.0007999999797903
144
0.0
144
0.0
144
0.0
144
0.0
144
0.0007999999797903
144
0.0
144
0.0
144
0.0
144
0.0
144
1.0
144
0.0
144
0.0
144
0.0
144
0.0
144
1.0
274
     2
1001
ACAD
1070
    -1
1070
     3
1070
     0
1000

1071
        0
1070
     0
  0
MLEADERSTYLE
  5
45A
102
{ACAD_REACTORS
330
41
102
}
102
{ACAD_XDICTIONARY
360
465
102
}
330
41
100
AcDbMLeaderStyle
170
     2
171
     1
172
     0
 90
        2
 40
0.0
 41
0.0
173
     1
 91
-1056964608
340
25
 92
       -2
290
     1
 42
2.0
291
     1
 43
8.0
  3
Standard
341
0
 44
4.0
300

342
22
174
     1
178
     6
175
     1
176
     0
 93
-1056964608
 45
4.0
292
     0
297
     0
 46
4.0
343
0
 94
-1056964608
 47
1.0
 49
1.0
140
1.0
293
     1
141
0.0
294
     1
177
     0
142
1.0
295
     0
296
     0
143
3.75
1001
ACAD_MLEADERVER
1070
     2
  0
MLINESTYLE
  5
5B
102
{ACAD_REACTORS
330
36
102
}
330
36
100
AcDbMlineStyle
  2
STANDARD
 70
     0
  3

 62
   256
 51
90.0
 52
90.0
 71
     2
 49
0.5
 62
   256
  6
BYLAYER
 49
-0.5
 62
   256
  6
BYLAYER
  0
ACDBPLACEHOLDER
  5
8
102
{ACAD_REACTORS
330
9
102
}
330
9
  0
SCALE
  5
60
102
{ACAD_REACTORS
330
3F
102
}
330
3F
100
AcDbScale
 70
     0
300
1:75
140
1.0
141
75.0
290
     0
  0
SCALE
  5
61
102
{ACAD_REACTORS
330
3F
102
}
330
3F
100
AcDbScale
 70
     0
300
1:1
140
1.0
141
1.0
290
     1
  0
SCALE
  5
62
102
{ACAD_REACTORS
330
3F
102
}
330
3F
100
AcDbScale
 70
     0
300
1:2
140
1.0
141
2.0
290
     0
  0
SCALE
  5
63
102
{ACAD_REACTORS
330
3F
102
}
330
3F
100
AcDbScale
 70
     0
300
1:4
140
1.0
141
4.0
290
     0
  0
SCALE
  5
64
102
{ACAD_REACTORS
330
3F
102
}
330
3F
100
AcDbScale
 70
     0
300
1:5
140
1.0
141
5.0
290
     0
  0
SCALE
  5
65
102
{ACAD_REACTORS
330
3F
102
}
330
3F
100
AcDbScale
 70
     0
300
1:8
140
1.0
141
8.0
290
     0
  0
SCALE
  5
66
102
{ACAD_REACTORS
330
3F
102
}
330
3F
100
AcDbScale
 70
     0
300
1:10
140
1.0
141
10.0
290
     0
  0
SCALE
  5
67
102
{ACAD_REACTORS
330
3F
102
}
330
3F
100
AcDbScale
 70
     0
300
1:16
140
1.0
141
16.0
290
     0
  0
SCALE
  5
68
102
{ACAD_REACTORS
330
3F
102
}
330
3F
100
AcDbScale
 70
     0
300
1:20
140
1.0
141
20.0
290
     0
  0
SCALE
  5
69
102
{ACAD_REACTORS
330
3F
102
}
330
3F
100
AcDbScale
 70
     0
300
1:30
140
1.0
141
30.0
290
     0
  0
SCALE
  5
6A
102
{ACAD_REACTORS
330
3F
102
}
330
3F
100
AcDbScale
 70
     0
300
1:40
140
1.0
141
40.0
290
     0
  0
SCALE
  5
6B
102
{ACAD_REACTORS
330
3F
102
}
330
3F
100
AcDbScale
 70
     0
300
1:50
140
1.0
141
50.0
290
     0
  0
SCALE
  5
6C
102
{ACAD_REACTORS
330
3F
102
}
330
3F
100
AcDbScale
 70
     0
300
1:100
140
1.0
141
100.0
290
     0
  0
SCALE
  5
6D
102
{ACAD_REACTORS
330
3F
102
}
330
3F
100
AcDbScale
 70
     0
300
2:1
140
2.0
141
1.0
290
     0
  0
SCALE
  5
6E
102
{ACAD_REACTORS
330
3F
102
}
330
3F
100
AcDbScale
 70
     0
300
4:1
140
4.0
141
1.0
290
     0
  0
SCALE
  5
6F
102
{ACAD_REACTORS
330
3F
102
}
330
3F
100
AcDbScale
 70
     0
300
8:1
140
8.0
141
1.0
290
     0
  0
SCALE
  5
70
102
{ACAD_REACTORS
330
3F
102
}
330
3F
100
AcDbScale
 70
     0
300
10:1
140
10.0
141
1.0
290
     0
  0
SCALE
  5
71
102
{ACAD_REACTORS
330
3F
102
}
330
3F
100
AcDbScale
 70
     0
300
100:1
140
100.0
141
1.0
290
     0
  0
TABLESTYLE
  5
5C
102
{ACAD_REACTORS
330
40
102
}
102
{ACAD_XDICTIONARY
360
467
102
}
330
40
100
AcDbTableStyle
  3
Standard
 70
     0
 71
     0
 40
1.5
 41
1.5
280
     0
281
     0
  7
Standard
140
4.5
170
     2
 62
     0
 63
   257
283
     0
274
    -2
284
     1
 64
     0
275
    -2
285
     1
 65
     0
276
    -2
286
     1
 66
     0
277
    -2
287
     1
 67
     0
278
    -2
288
     1
 68
     0
279
    -2
289
     1
 69
     0
  7
Standard
140
6.0
170
     5
 62
     0
 63
   257
283
     0
274
    -2
284
     1
 64
     0
275
    -2
285
     1
 65
     0
276
    -2
286
     1
 66
     0
277
    -2
287
     1
 67
     0
278
    -2
288
     1
 68
     0
279
    -2
289
     1
 69
     0
  7
Standard
140
4.5
170
     5
 62
     0
 63
   257
283
     0
274
    -2
284
     1
 64
     0
275
    -2
285
     1
 65
     0
276
    -2
286
     1
 66
     0
277
    -2
287
     1
 67
     0
278
    -2
288
     1
 68
     0
279
    -2
289
     1
 69
     0
  0
VISUALSTYLE
  5
2B
102
{ACAD_REACTORS
330
2C
102
}
102
{ACAD_XDICTIONARY
360
46A
102
}
330
2C
100
AcDbVisualStyle
  2
2dWireframe
 70
     4
 71
     0
 72
     2
 73
     1
 90
        0
 40
0.6
 41
30.0
 62
     5
 63
     7
421
 16777215
 74
     1
 91
        4
 64
     7
 65
   257
 75
     1
175
     1
 42
1.0
 92
        0
 66
   257
 43
1.0
 76
     1
 77
     6
 78
     2
 67
     7
 79
     5
170
     0
171
     0
290
     0
174
     0
 93
        1
 44
0.0
173
     0
291
     0
 45
0.0
1001
ACAD
1000
AcDbSavedByObjectVersion
1070
     0
  0
VISUALSTYLE
  5
44B
102
{ACAD_REACTORS
330
2C
102
}
102
{ACAD_XDICTIONARY
360
47C
102
}
330
2C
100
AcDbVisualStyle
  2
Basic
 70
     7
 71
     1
 72
     0
 73
     1
 90
        0
 40
0.6
 41
30.0
 62
     5
 63
     7
421
 16777215
 74
     0
 91
        4
 64
     7
 65
   257
 75
     1
175
     1
 42
1.0
 92
        8
 66
     7
 43
1.0
 76
     1
 77
     6
 78
     2
 67
     7
 79
     5
170
     0
171
     0
290
     0
174
     0
 93
        1
 44
0.0
173
     0
291
     1
 45
0.0
1001
ACAD
1000
AcDbSavedByObjectVersion
1070
     0
  0
VISUALSTYLE
  5
44E
102
{ACAD_REACTORS
330
2C
102
}
102
{ACAD_XDICTIONARY
360
482
102
}
330
2C
100
AcDbVisualStyle
  2
Brighten
 70
    12
 71
     2
 72
     2
 73
     0
 90
        0
 40
0.6
 41
30.0
 62
     5
 63
     7
421
 16777215
 74
     1
 91
        4
 64
     7
 65
   257
 75
     1
175
     1
 42
1.0
 92
        8
 66
     7
 43
1.0
 76
     1
 77
     6
 78
     2
 67
     7
 79
     5
170
     0
171
     0
290
     0
174
     0
 93
        1
 44
50.0
173
     0
291
     1
 45
0.0
1001
ACAD
1000
AcDbSavedByObjectVersion
1070
     0
  0
VISUALSTYLE
  5
452
102
{ACAD_REACTORS
330
2C
102
}
102
{ACAD_XDICTIONARY
360
48A
102
}
330
2C
100
AcDbVisualStyle
  2
ColorChange
 70
    16
 71
     2
 72
     2
 73
     3
 90
        0
 40
0.6
 41
30.0
 62
     5
 63
     8
421
  8421504
 74
     1
 91
        4
 64
     7
 65
   257
 75
     1
175
     1
 42
1.0
 92
        8
 66
     8
424
  8421504
 43
1.0
 76
     1
 77
     6
 78
     2
 67
     7
 79
     5
170
     0
171
     0
290
     0
174
     0
 93
        1
 44
0.0
173
     0
291
     1
 45
0.0
1001
ACAD
1000
AcDbSavedByObjectVersion
1070
     0
  0
VISUALSTYLE
  5
44C
102
{ACAD_REACTORS
330
2C
102
}
102
{ACAD_XDICTIONARY
360
47E
102
}
330
2C
100
AcDbVisualStyle
  2
Conceptual
 70
     9
 71
     3
 72
     2
 73
     0
 90
        0
 40
0.6
 41
30.0
 62
     5
 63
     7
421
 16777215
 74
     2
 91
        2
 64
     7
 65
   257
 75
     1
175
     1
 42
179.0
 92
        8
 66
     7
 43
1.0
 76
     1
 77
     6
 78
     2
 67
     7
 79
     3
170
     0
171
     0
290
     0
174
     0
 93
        1
 44
0.0
173
     0
291
     0
 45
0.0
1001
ACAD
1000
AcDbSavedByObjectVersion
1070
     0
  0
VISUALSTYLE
  5
44D
102
{ACAD_REACTORS
330
2C
102
}
102
{ACAD_XDICTIONARY
360
480
102
}
330
2C
100
AcDbVisualStyle
  2
Dim
 70
    11
 71
     2
 72
     2
 73
     0
 90
        0
 40
0.6
 41
30.0
 62
     5
 63
     7
421
 16777215
 74
     1
 91
        4
 64
     7
 65
   257
 75
     1
175
     1
 42
1.0
 92
        8
 66
     7
 43
1.0
 76
     1
 77
     6
 78
     2
 67
     7
 79
     5
170
     0
171
     0
290
     0
174
     0
 93
        1
 44
-50.0
173
     0
291
     1
 45
0.0
1001
ACAD
1000
AcDbSavedByObjectVersion
1070
     0
  0
VISUALSTYLE
  5
9F
102
{ACAD_REACTORS
330
2C
102
}
102
{ACAD_XDICTIONARY
360
46C
102
}
330
2C
100
AcDbVisualStyle
  2
EdgeColorOff
 70
    22
 71
     2
 72
     2
 73
     0
 90
        0
 40
0.6
 41
30.0
 62
     5
 63
     7
421
 16777215
 74
     1
 91
        4
 64
     7
 65
   257
 75
     1
175
     1
 42
1.0
 92
        8
 66
     7
 43
1.0
 76
     1
 77
     6
 78
     2
 67
     7
 79
     5
170
     0
171
     0
290
     0
174
     0
 93
        1
 44
0.0
173
     0
291
     1
 45
0.0
1001
ACAD
1000
AcDbSavedByObjectVersion
1070
     0
  0
VISUALSTYLE
  5
451
102
{ACAD_REACTORS
330
2C
102
}
102
{ACAD_XDICTIONARY
360
488
102
}
330
2C
100
AcDbVisualStyle
  2
Facepattern
 70
    15
 71
     2
 72
     2
 73
     0
 90
        0
 40
0.6
 41
30.0
 62
     5
 63
     7
421
 16777215
 74
     1
 91
        4
 64
     7
 65
   257
 75
     1
175
     1
 42
1.0
 92
        8
 66
     7
 43
1.0
 76
     1
 77
     6
 78
     2
 67
     7
 79
     5
170
     0
171
     0
290
     0
174
     0
 93
        1
 44
0.0
173
     0
291
     1
 45
0.0
1001
ACAD
1000
AcDbSavedByObjectVersion
1070
     0
  0
VISUALSTYLE
  5
446
102
{ACAD_REACTORS
330
2C
102
}
102
{ACAD_XDICTIONARY
360
472
102
}
330
2C
100
AcDbVisualStyle
  2
Flat
 70
     0
 71
     2
 72
     1
 73
     1
 90
        2
 40
0.6
 41
30.0
 62
     5
 63
     7
421
 16777215
 74
     0
 91
        0
 64
     7
 65
   257
 75
     1
175
     1
 42
1.0
 92
        8
 66
     7
 43
1.0
 76
     1
 77
     6
 78
     2
 67
     7
 79
     5
170
     0
171
     0
290
     0
174
     0
 93
       13
 44
0.0
173
     0
291
     1
 45
0.0
1001
ACAD
1000
AcDbSavedByObjectVersion
1070
     0
  0
VISUALSTYLE
  5
447
102
{ACAD_REACTORS
330
2C
102
}
102
{ACAD_XDICTIONARY
360
474
102
}
330
2C
100
AcDbVisualStyle
  2
FlatWithEdges
 70
     1
 71
     2
 72
     1
 73
     1
 90
        2
 40
0.6
 41
30.0
 62
     5
 63
     7
421
 16777215
 74
     1
 91
        0
 64
     7
 65
   257
 75
     1
175
     1
 42
1.0
 92
        0
 66
   257
 43
1.0
 76
     1
 77
     6
 78
     2
 67
     7
 79
     5
170
     0
171
     0
290
     0
174
     0
 93
       13
 44
0.0
173
     0
291
     1
 45
0.0
1001
ACAD
1000
AcDbSavedByObjectVersion
1070
     0
  0
VISUALSTYLE
  5
448
102
{ACAD_REACTORS
330
2C
102
}
102
{ACAD_XDICTIONARY
360
476
102
}
330
2C
100
AcDbVisualStyle
  2
Gouraud
 70
     2
 71
     2
 72
     2
 73
     1
 90
        2
 40
0.6
 41
30.0
 62
     5
 63
     7
421
 16777215
 74
     0
 91
        0
 64
     7
 65
   257
 75
     1
175
     1
 42
1.0
 92
        0
 66
     7
 43
1.0
 76
     1
 77
     6
 78
     2
 67
     7
 79
     5
170
     0
171
     0
290
     0
174
     0
 93
       13
 44
0.0
173
     0
291
     1
 45
0.0
1001
ACAD
1000
AcDbSavedByObjectVersion
1070
     0
  0
VISUALSTYLE
  5
449
102
{ACAD_REACTORS
330
2C
102
}
102
{ACAD_XDICTIONARY
360
478
102
}
330
2C
100
AcDbVisualStyle
  2
GouraudWithEdges
 70
     3
 71
     2
 72
     2
 73
     1
 90
        2
 40
0.6
 41
30.0
 62
     5
 63
     7
421
 16777215
 74
     1
 91
        0
 64
     7
 65
   257
 75
     1
175
     1
 42
1.0
 92
        0
 66
   257
 43
1.0
 76
     1
 77
     6
 78
     2
 67
     7
 79
     5
170
     0
171
     0
290
     0
174
     0
 93
       13
 44
0.0
173
     0
291
     1
 45
0.0
1001
ACAD
1000
AcDbSavedByObjectVersion
1070
     0
  0
VISUALSTYLE
  5
44A
102
{ACAD_REACTORS
330
2C
102
}
102
{ACAD_XDICTIONARY
360
47A
102
}
330
2C
100
AcDbVisualStyle
  2
Hidden
 70
     6
 71
     1
 72
     2
 73
     2
 90
        0
 40
0.6
 41
30.0
 62
     5
 63
     7
421
 16777215
 74
     2
 91
        2
 64
     7
 65
   257
 75
     2
175
     1
 42
40.0
 92
        0
 66
   257
 43
1.0
 76
     1
 77
     6
 78
     2
 67
     7
 79
     3
170
     0
171
     0
290
     0
174
     0
 93
        1
 44
0.0
173
     0
291
     0
 45
0.0
1001
ACAD
1000
AcDbSavedByObjectVersion
1070
     0
  0
VISUALSTYLE
  5
453
102
{ACAD_REACTORS
330
2C
102
}
102
{ACAD_XDICTIONARY
360
48C
102
}
330
2C
100
AcDbVisualStyle
  2
JitterOff
 70
    20
 71
     2
 72
     2
 73
     0
 90
        0
 40
0.6
 41
30.0
 62
     5
 63
     7
421
 16777215
 74
     1
 91
        4
 64
     7
 65
   257
 75
     1
175
     1
 42
1.0
 92
       10
 66
     7
 43
1.0
 76
     1
 77
     6
 78
     2
 67
     7
 79
     5
170
     0
171
     0
290
     0
174
     0
 93
        1
 44
0.0
173
     0
291
     1
 45
0.0
1001
ACAD
1000
AcDbSavedByObjectVersion
1070
     0
  0
VISUALSTYLE
  5
450
102
{ACAD_REACTORS
330
2C
102
}
102
{ACAD_XDICTIONARY
360
486
102
}
330
2C
100
AcDbVisualStyle
  2
Linepattern
 70
    14
 71
     2
 72
     2
 73
     0
 90
        0
 40
0.6
 41
30.0
 62
     5
 63
     7
421
 16777215
 74
     1
 91
        4
 64
     7
 65
   257
 75
     7
175
     7
 42
1.0
 92
        8
 66
     7
 43
1.0
 76
     1
 77
     6
 78
     2
 67
     7
 79
     5
170
     0
171
     0
290
     0
174
     0
 93
        1
 44
0.0
173
     0
291
     1
 45
0.0
1001
ACAD
1000
AcDbSavedByObjectVersion
1070
     0
  0
VISUALSTYLE
  5
454
102
{ACAD_REACTORS
330
2C
102
}
102
{ACAD_XDICTIONARY
360
48E
102
}
330
2C
100
AcDbVisualStyle
  2
OverhangOff
 70
    21
 71
     2
 72
     2
 73
     0
 90
        0
 40
0.6
 41
30.0
 62
     5
 63
     7
421
 16777215
 74
     1
 91
        4
 64
     7
 65
   257
 75
     1
175
     1
 42
1.0
 92
        9
 66
     7
 43
1.0
 76
     1
 77
     6
 78
     2
 67
     7
 79
     5
170
     0
171
     0
290
     0
174
     0
 93
        1
 44
0.0
173
     0
291
     1
 45
0.0
1001
ACAD
1000
AcDbSavedByObjectVersion
1070
     0
  0
VISUALSTYLE
  5
5E
102
{ACAD_REACTORS
330
2C
102
}
102
{ACAD_XDICTIONARY
360
46E
102
}
330
2C
100
AcDbVisualStyle
  2
Realistic
 70
     8
 71
     2
 72
     3
 73
     0
 90
        2
 40
0.6
 41
30.0
 62
     5
 63
     7
421
 16777215
 74
     0
 91
        0
 64
     7
 65
   257
 75
     1
175
     1
 42
1.0
 92
        8
 66
   257
 43
1.0
 76
     1
 77
     6
 78
     2
 67
     7
 79
     3
170
     0
171
     0
290
     0
174
     0
 93
       13
 44
0.0
173
     0
291
     0
 45
0.0
1001
ACAD
1000
AcDbSavedByObjectVersion
1070
     0
  0
VISUALSTYLE
  5
459
102
{ACAD_REACTORS
330
2C
102
}
102
{ACAD_XDICTIONARY
360
498
102
}
330
2C
100
AcDbVisualStyle
  2
Shaded
 70
    27
 71
     2
 72
     2
 73
     1
 90
        2
 40
0.6
 41
30.0
 62
     5
 63
     7
421
 16777215
 74
     0
 91
        4
 64
     7
 65
   257
 75
     1
175
     1
 42
1.0
 92
        8
 66
   257
 43
1.0
 76
     1
 77
     6
 78
     2
 67
     8
425
  7895160
 79
     3
170
     0
171
     0
290
     0
174
     0
 93
        5
 44
0.0
173
     0
291
     0
 45
0.0
1001
ACAD
1000
AcDbSavedByObjectVersion
1070
     0
  0
VISUALSTYLE
  5
458
102
{ACAD_REACTORS
330
2C
102
}
102
{ACAD_XDICTIONARY
360
496
102
}
330
2C
100
AcDbVisualStyle
  2
Shaded with edges
 70
    26
 71
     2
 72
     2
 73
     1
 90
        2
 40
0.6
 41
30.0
 62
     5
 63
     7
421
 16777215
 74
     1
 91
       10
 64
     7
 65
   257
 75
     2
175
     1
 42
1.0
 92
        8
 66
   257
 43
1.0
 76
     1
 77
     6
 78
     2
 67
     7
 79
     3
170
     0
171
     0
290
     0
174
     0
 93
        5
 44
0.0
173
     0
291
     0
 45
0.0
1001
ACAD
1000
AcDbSavedByObjectVersion
1070
     0
  0
VISUALSTYLE
  5
455
102
{ACAD_REACTORS
330
2C
102
}
102
{ACAD_XDICTIONARY
360
490
102
}
330
2C
100
AcDbVisualStyle
  2
Shades of Gray
 70
    23
 71
     2
 72
     2
 73
     3
 90
        0
 40
0.6
 41
30.0
 62
     5
 63
     7
421
 16777215
 74
     2
 91
        2
 64
     7
 65
     7
 75
     1
175
     1
 42
40.0
 92
        8
 66
     7
 43
1.0
 76
     1
 77
     6
 78
     2
 67
     7
 79
     3
170
     0
171
     0
290
     0
174
     0
 93
        1
 44
0.0
173
     0
291
     0
 45
0.0
1001
ACAD
1000
AcDbSavedByObjectVersion
1070
     0
  0
VISUALSTYLE
  5
456
102
{ACAD_REACTORS
330
2C
102
}
102
{ACAD_XDICTIONARY
360
492
102
}
330
2C
100
AcDbVisualStyle
  2
Sketchy
 70
    24
 71
     1
 72
     2
 73
     2
 90
        0
 40
0.6
 41
30.0
 62
     5
 63
     7
421
 16777215
 74
     2
 91
        2
 64
     7
 65
     7
 75
     1
175
     1
 42
40.0
 92
       11
 66
     7
 43
1.0
 76
     1
 77
     6
 78
     2
 67
     7
 79
     6
170
     0
171
     0
290
     0
174
     0
 93
        1
 44
0.0
173
     0
291
     0
 45
0.0
1001
ACAD
1000
AcDbSavedByObjectVersion
1070
     0
  0
VISUALSTYLE
  5
44F
102
{ACAD_REACTORS
330
2C
102
}
102
{ACAD_XDICTIONARY
360
484
102
}
330
2C
100
AcDbVisualStyle
  2
Thicken
 70
    13
 71
     2
 72
     2
 73
     0
 90
        0
 40
0.6
 41
30.0
 62
     5
 63
     7
421
 16777215
 74
     1
 91
        4
 64
     7
 65
   257
 75
     1
175
     1
 42
1.0
 92
       12
 66
     7
 43
1.0
 76
     1
 77
     6
 78
     2
 67
     7
 79
     5
170
     0
171
     0
290
     0
174
     0
 93
        1
 44
0.0
173
     0
291
     1
 45
0.0
1001
ACAD
1000
AcDbSavedByObjectVersion
1070
     0
  0
VISUALSTYLE
  5
5F
102
{ACAD_REACTORS
330
2C
102
}
102
{ACAD_XDICTIONARY
360
470
102
}
330
2C
100
AcDbVisualStyle
  2
Wireframe
 70
     5
 71
     0
 72
     2
 73
     0
 90
        0
 40
0.6
 41
30.0
 62
     5
 63
     7
421
 16777215
 74
     1
 91
        4
 64
     7
 65
   257
 75
     1
175
     1
 42
1.0
 92
        0
 66
   257
 43
1.0
 76
     1
 77
     6
 78
     2
 67
     7
 79
     3
170
     0
171
     0
290
     0
174
     0
 93
        1
 44
0.0
173
     0
291
     0
 45
0.0
1001
ACAD
1000
AcDbSavedByObjectVersion
1070
     0
  0
VISUALSTYLE
  5
457
102
{ACAD_REACTORS
330
2C
102
}
102
{ACAD_XDICTIONARY
360
494
102
}
330
2C
100
AcDbVisualStyle
  2
X-Ray
 70
    25
 71
     2
 72
     2
 73
     1
 90
        1
 40
0.5
 41
30.0
 62
     5
 63
     7
421
 16777215
 74
     1
 91
        0
 64
     7
 65
   257
 75
     1
175
     1
 42
1.0
 92
        8
 66
     7
 43
1.0
 76
     1
 77
     6
 78
     2
 67
     7
 79
     3
170
     0
171
     0
290
     0
174
     0
 93
       13
 44
0.0
173
     0
291
     0
 45
0.0
1001
ACAD
1000
AcDbSavedByObjectVersion
1070
     0
  0
DICTIONARYVAR
  5
43
102
{ACAD_REACTORS
330
42
102
}
330
42
100
DictionaryVariables
280
     0
  1
200.000000
  0
DICTIONARYVAR
  5
44
102
{ACAD_REACTORS
330
42
102
}
330
42
100
DictionaryVariables
280
     0
  1
1
  0
DICTIONARYVAR
  5
45
102
{ACAD_REACTORS
330
42
102
}
330
42
100
DictionaryVariables
280
     0
  1
1:1
  0
DICTIONARYVAR
  5
4A4
102
{ACAD_REACTORS
330
42
102
}
330
42
100
DictionaryVariables
280
     0
  1
Standard
  0
DICTIONARYVAR
  5
47
102
{ACAD_REACTORS
330
42
102
}
330
42
100
DictionaryVariables
280
     0
  1
Standard
  0
DICTIONARYVAR
  5
4A
102
{ACAD_REACTORS
330
42
102
}
330
42
100
DictionaryVariables
280
     0
  1
0
  0
DICTIONARYVAR
  5
4B
102
{ACAD_REACTORS
330
42
102
}
330
42
100
DictionaryVariables
280
     0
  1
2
  0
DICTIONARYVAR
  5
4C
102
{ACAD_REACTORS
330
42
102
}
330
42
100
DictionaryVariables
280
     0
  1
0
  0
DICTIONARYVAR
  5
4D
102
{ACAD_REACTORS
330
42
102
}
330
42
100
DictionaryVariables
280
     0
  1
1
  0
DICTIONARYVAR
  5
4E
102
{ACAD_REACTORS
330
42
102
}
330
42
100
DictionaryVariables
280
     0
  1
BYBLOCK
  0
DICTIONARYVAR
  5
4F
102
{ACAD_REACTORS
330
42
102
}
330
42
100
DictionaryVariables
280
     0
  1
0
  0
DICTIONARYVAR
  5
50
102
{ACAD_REACTORS
330
42
102
}
330
42
100
DictionaryVariables
280
     0
  1
ByLayer
  0
DICTIONARYVAR
  5
51
102
{ACAD_REACTORS
330
42
102
}
330
42
100
DictionaryVariables
280
     0
  1
0
  0
DICTIONARYVAR
  5
52
102
{ACAD_REACTORS
330
42
102
}
330
42
100
DictionaryVariables
280
     0
  1
0
  0
DICTIONARYVAR
  5
53
102
{ACAD_REACTORS
330
42
102
}
330
42
100
DictionaryVariables
280
     0
  1
0
  0
DICTIONARYVAR
  5
54
102
{ACAD_REACTORS
330
42
102
}
330
42
100
DictionaryVariables
280
     0
  1
2
  0
DICTIONARYVAR
  5
55
102
{ACAD_REACTORS
330
42
102
}
330
42
100
DictionaryVariables
280
     0
  1
1.000000
  0
DICTIONARYVAR
  5
56
102
{ACAD_REACTORS
330
42
102
}
330
42
100
DictionaryVariables
280
     0
  1
1
  0
DICTIONARYVAR
  5
57
102
{ACAD_REACTORS
330
42
102
}
330
42
100
DictionaryVariables
280
     0
  1
2
  0
DICTIONARYVAR
  5
58
102
{ACAD_REACTORS
330
42
102
}
330
42
100
DictionaryVariables
280
     0
  1
1
  0
DICTIONARYVAR
  5
59
102
{ACAD_REACTORS
330
42
102
}
330
42
100
DictionaryVariables
280
     0
  1
1
  0
DICTIONARYVAR
  5
5A
102
{ACAD_REACTORS
330
42
102
}
330
42
100
DictionaryVariables
280
     0
  1
127
  0
DICTIONARYVAR
  5
45E
102
{ACAD_REACTORS
330
42
102
}
330
42
100
DictionaryVariables
280
     0
  1
2
  0
DICTIONARY
  5
49C
102
{ACAD_REACTORS
330
49B
102
}
330
49B
100
AcDbDictionary
281
     1
  0
DICTIONARY
  5
49D
102
{ACAD_REACTORS
330
49B
102
}
330
49B
100
AcDbDictionary
281
     1
  3
8796087600128
350
49E
  3
8796087600144
350
49F
  3
8796087600160
350
4A0
  3
8796087600176
350
4A1
  3
8796087600192
350
4A2
  3
8796087600208
350
4A3
  0
DICTIONARY
  5
FC
102
{ACAD_REACTORS
330
FB
102
}
330
FB
100
AcDbDictionary
281
     1
  0
DICTIONARY
  5
101
102
{ACAD_REACTORS
330
100
102
}
330
100
100
AcDbDictionary
281
     1
  0
DICTIONARY
  5
105
102
{ACAD_REACTORS
330
104
102
}
330
104
100
AcDbDictionary
281
     1
  0
DICTIONARY
  5
10A
102
{ACAD_REACTORS
330
109
102
}
330
109
100
AcDbDictionary
281
     1
  0
DICTIONARY
  5
45F
330
16
100
AcDbDictionary
280
     1
281
     1
  3
ADSK_XREC_LAYOUTTHUMBNAIL
360
460
  0
DICTIONARY
  5
3C
330
3B
100
AcDbDictionary
280
     1
281
     1
  3
ACAD_XREC_ROUNDTRIP
360
461
  3
FBXASSET
360
3D
  0
DICTIONARY
  5
39
330
38
100
AcDbDictionary
280
     1
281
     1
  3
ACAD_XREC_ROUNDTRIP
360
462
  3
FBXASSET
360
3A
  0
DICTIONARY
  5
D
330
B
100
AcDbDictionary
280
     1
281
     1
  3
ACAD_XREC_ROUNDTRIP
360
463
  3
FBXASSET
360
10
  0
DICTIONARY
  5
465
330
45A
100
AcDbDictionary
280
     1
281
     1
  3
ACAD_XREC_ROUNDTRIP
360
466
  0
DICTIONARY
  5
467
330
5C
100
AcDbDictionary
280
     1
281
     1
  3
ACAD_ROUNDTRIP_2008_TABLESTYLE_CELLSTYLEMAP
360
469
  3
ACAD_XREC_ROUNDTRIP
360
468
  0
DICTIONARY
  5
46A
330
2B
100
AcDbDictionary
280
     1
281
     1
  3
ACAD_XREC_ROUNDTRIP
360
46B
  0
DICTIONARY
  5
47C
330
44B
100
AcDbDictionary
280
     1
281
     1
  3
ACAD_XREC_ROUNDTRIP
360
47D
  0
DICTIONARY
  5
482
330
44E
100
AcDbDictionary
280
     1
281
     1
  3
ACAD_XREC_ROUNDTRIP
360
483
  0
DICTIONARY
  5
48A
330
452
100
AcDbDictionary
280
     1
281
     1
  3
ACAD_XREC_ROUNDTRIP
360
48B
  0
DICTIONARY
  5
47E
330
44C
100
AcDbDictionary
280
     1
281
     1
  3
ACAD_XREC_ROUNDTRIP
360
47F
  0
DICTIONARY
  5
480
330
44D
100
AcDbDictionary
280
     1
281
     1
  3
ACAD_XREC_ROUNDTRIP
360
481
  0
DICTIONARY
  5
46C
330
9F
100
AcDbDictionary
280
     1
281
     1
  3
ACAD_XREC_ROUNDTRIP
360
46D
  0
DICTIONARY
  5
488
330
451
100
AcDbDictionary
280
     1
281
     1
  3
ACAD_XREC_ROUNDTRIP
360
489
  0
DICTIONARY
  5
472
330
446
100
AcDbDictionary
280
     1
281
     1
  3
ACAD_XREC_ROUNDTRIP
360
473
  0
DICTIONARY
  5
474
330
447
100
AcDbDictionary
280
     1
281
     1
  3
ACAD_XREC_ROUNDTRIP
360
475
  0
DICTIONARY
  5
476
330
448
100
AcDbDictionary
280
     1
281
     1
  3
ACAD_XREC_ROUNDTRIP
360
477
  0
DICTIONARY
  5
478
330
449
100
AcDbDictionary
280
     1
281
     1
  3
ACAD_XREC_ROUNDTRIP
360
479
  0
DICTIONARY
  5
47A
330
44A
100
AcDbDictionary
280
     1
281
     1
  3
ACAD_XREC_ROUNDTRIP
360
47B
  0
DICTIONARY
  5
48C
330
453
100
AcDbDictionary
280
     1
281
     1
  3
ACAD_XREC_ROUNDTRIP
360
48D
  0
DICTIONARY
  5
486
330
450
100
AcDbDictionary
280
     1
281
     1
  3
ACAD_XREC_ROUNDTRIP
360
487
  0
DICTIONARY
  5
48E
330
454
100
AcDbDictionary
280
     1
281
     1
  3
ACAD_XREC_ROUNDTRIP
360
48F
  0
DICTIONARY
  5
46E
330
5E
100
AcDbDictionary
280
     1
281
     1
  3
ACAD_XREC_ROUNDTRIP
360
46F
  0
DICTIONARY
  5
498
330
459
100
AcDbDictionary
280
     1
281
     1
  3
ACAD_XREC_ROUNDTRIP
360
499
  0
DICTIONARY
  5
496
330
458
100
AcDbDictionary
280
     1
281
     1
  3
ACAD_XREC_ROUNDTRIP
360
497
  0
DICTIONARY
  5
490
330
455
100
AcDbDictionary
280
     1
281
     1
  3
ACAD_XREC_ROUNDTRIP
360
491
  0
DICTIONARY
  5
492
330
456
100
AcDbDictionary
280
     1
281
     1
  3
ACAD_XREC_ROUNDTRIP
360
493
  0
DICTIONARY
  5
484
330
44F
100
AcDbDictionary
280
     1
281
     1
  3
ACAD_XREC_ROUNDTRIP
360
485
  0
DICTIONARY
  5
470
330
5F
100
AcDbDictionary
280
     1
281
     1
  3
ACAD_XREC_ROUNDTRIP
360
471
  0
DICTIONARY
  5
494
330
457
100
AcDbDictionary
280
     1
281
     1
  3
ACAD_XREC_ROUNDTRIP
360
495
  0
XRECORD
  5
49E
102
{ACAD_REACTORS
330
49D
102
}
330
49D
100
AcDbXrecord
280
     1
  1
AcDb_Thumbnail_Schema
102
{ATTRRECORD
341
4A0
  2
AcDbDs::TreatedAsObjectData
280
     1
291
     1
102
ATTRRECORD}
102
{ATTRRECORD
341
4A1
  2
AcDbDs::Legacy
280
     1
291
     1
102
ATTRRECORD}
  2
AcDbDs::ID
280
    10
 91
        8
102
{ATTRRECORD
341
4A2
  2
AcDs:Indexable
280
     1
291
     1
102
ATTRRECORD}
102
{ATTRRECORD
341
4A3
  2
AcDbDs::HandleAttribute
280
     7
282
     1
102
ATTRRECORD}
  2
Thumbnail_Data
280
    15
 91
        0
  0
XRECORD
  5
49F
102
{ACAD_REACTORS
330
49D
102
}
330
49D
100
AcDbXrecord
280
     1
  1
AcDb3DSolid_ASM_Data
102
{ATTRRECORD
341
4A0
  2
AcDbDs::TreatedAsObjectData
280
     1
291
     1
102
ATTRRECORD}
102
{ATTRRECORD
341
4A1
  2
AcDbDs::Legacy
280
     1
291
     1
102
ATTRRECORD}
  2
AcDbDs::ID
280
    10
 91
        8
102
{ATTRRECORD
341
4A2
  2
AcDs:Indexable
280
     1
291
     1
102
ATTRRECORD}
102
{ATTRRECORD
341
4A3
  2
AcDbDs::HandleAttribute
280
     7
282
     1
102
ATTRRECORD}
  2
ASM_Data
280
    15
 91
        0
  0
XRECORD
  5
4A0
102
{ACAD_REACTORS
330
49D
102
}
330
49D
100
AcDbXrecord
280
     1
  1
AcDbDs::TreatedAsObjectDataSchema
  2
AcDbDs::TreatedAsObjectData
280
     1
 91
        0
  0
XRECORD
  5
4A1
102
{ACAD_REACTORS
330
49D
102
}
330
49D
100
AcDbXrecord
280
     1
  1
AcDbDs::LegacySchema
  2
AcDbDs::Legacy
280
     1
 91
        0
  0
XRECORD
  5
4A2
102
{ACAD_REACTORS
330
49D
102
}
330
49D
100
AcDbXrecord
280
     1
  1
AcDbDs::IndexedPropertySchema
  2
AcDs:Indexable
280
     1
 91
        0
  0
XRECORD
  5
4A3
102
{ACAD_REACTORS
330
49D
102
}
330
49D
100
AcDbXrecord
280
     1
  1
AcDbDs::HandleAttributeSchema
  2
AcDbDs::HandleAttribute
280
     7
 91
        1
284
     1
  0
XRECORD
  5
460
102
{ACAD_REACTORS
330
45F
102
}
330
45F
100
AcDbXrecord
280
     1
310
28000000000100006E0000000100080000000000006E00000000000000000000000000000000000000000000FFFFFF00000000000000000000000000000000000000000000000000000000000000000000000000330000006600000099000000CC000000FF00000000330000333300006633000099330000CC330000FF3300
310
0000660000336600006666000099660000CC660000FF66000000990000339900006699000099990000CC990000FF99000000CC000033CC000066CC000099CC0000CCCC0000FFCC000000FF000033FF000066FF000099FF0000CCFF0000FFFF000000003300330033006600330099003300CC003300FF003300003333003333
310
33006633330099333300CC333300FF33330000663300336633006666330099663300CC663300FF66330000993300339933006699330099993300CC993300FF99330000CC330033CC330066CC330099CC3300CCCC3300FFCC330000FF330033FF330066FF330099FF3300CCFF3300FFFF330000006600330066006600660099
310
006600CC006600FF00660000336600333366006633660099336600CC336600FF33660000666600336666006666660099666600CC666600FF66660000996600339966006699660099996600CC996600FF99660000CC660033CC660066CC660099CC6600CCCC6600FFCC660000FF660033FF660066FF660099FF6600CCFF6600
310
FFFF660000009900330099006600990099009900CC009900FF00990000339900333399006633990099339900CC339900FF33990000669900336699006666990099669900CC669900FF66990000999900339999006699990099999900CC999900FF99990000CC990033CC990066CC990099CC9900CCCC9900FFCC990000FF99
310
0033FF990066FF990099FF9900CCFF9900FFFF99000000CC003300CC006600CC009900CC00CC00CC00FF00CC000033CC003333CC006633CC009933CC00CC33CC00FF33CC000066CC003366CC006666CC009966CC00CC66CC00FF66CC000099CC003399CC006699CC009999CC00CC99CC00FF99CC0000CCCC0033CCCC0066CC
310
CC0099CCCC00CCCCCC00FFCCCC0000FFCC0033FFCC0066FFCC0099FFCC00CCFFCC00FFFFCC000000FF003300FF006600FF009900FF00CC00FF00FF00FF000033FF003333FF006633FF009933FF00CC33FF00FF33FF000066FF003366FF006666FF009966FF00CC66FF00FF66FF000099FF003399FF006699FF009999FF00CC
310
99FF00FF99FF0000CCFF0033CCFF0066CCFF0099CCFF00CCCCFF00FFCCFF0000FFFF0033FFFF0066FFFF0099FFFF00CCFFFF00FFFFFF00000000000D0D0D001A1A1A00282828003535350043434300505050005D5D5D006B6B6B00787878008686860093939300A1A1A100AEAEAE00BBBBBB00C9C9C900D6D6D600E4E4E400
310
F1F1F100FFFFFF00000000000000000000000000000000000000000000000000000000000000000000000000000000000000000000000000000000000000000000000000000000000000DC00000000000000000000000000DC0000000000000000000000000000000000000000000000000000000000000000000000000000
310
00000000000000000000000000000000000000000000000000000000000000000000000000000000000000000000000000000000DC000000000000000000000000DC0000000000000000000000000000000000000000000000000000000000000000000000000000DC0000000000000000000000000000DC00000000000000
310
00000000000000000000000000000000000000000000000000000000000000000000000000000000000000000000000000000000000000000000000000000000000000000000000000000000DC00000000000000000000000000DC000000000000000000000000000000000000000000000000000000000000000000000000
310
000000000000000000000000000000000000000000000000000000000000000000000000000000000000000000000000000000000000DC000000000000000000000000DC0000000000000000000000000000000000000000000000000000000000000000000000000000DC0000000000000000000000000000DC0000000000
310
000000000000000000000000000000000000000000000000000000000000000000000000000000000000000000000000000000000000000000000000000000000000000000000000000000000000DC00000000000000000000000000DC00000000000000000000000000000000000000000000000000000000000000000000
310
0000000000000000000000000000000000000000000000000000000000000000000000000000000000000000000000000000000000000000DC000000000000000000000000DC0000000000000000000000000000000000000000000000000000000000000000000000000000DC0000000000000000000000000000DC000000
310
0000000000000000000000000000000000000000000000000000000000000000000000000000000000000000000000000000000000000000000000000000000000000000000000000000000000000000DC00000000000000000000000000DC0000000000000000000000000000000000000000000000000000000000000000
310
00000000000000000000000000000000000000000000000000000000000000000000000000000000000000000000000000000000000000000000DC000000000000000000000000DC0000000000000000000000000000000000000000000000000000000000000000000000000000DC0000000000000000000000000000DC00
310
00000000000000000000000000000000000000000000000000000000000000000000000000000000000000000000000000000000000000000000000000000000000000000000000000000000000000000000DC00000000000000000000000000DC000000000000000000000000000000000000000000000000000000000000
310
000000000000000000000000000000000000000000000000000000000000000000000000000000000000000000000000000000000000000000000000DC000000000000000000000000DC0000000000000000000000000000000000000000000000000000000000000000000000000000DC0000000000000000000000000000
310
DC0000000000000000000000000000000000000000000000000000000000000000000000000000000000000000000000000000000000000000000000000000000000000000000000000000000000000000000000DC00000000000000000000000000DC00000000000000000000000000000000000000000000000000000000
310
0000000000000000000000000000000000000000000000000000000000000000000000000000000000000000000000000000000000000000000000000000DC000000000000000000000000DC0000000000000000000000000000000000000000000000000000000000000000000000000000DC000000000000000000000000
310
0000DC0000000000000000000000000000000000000000000000000000000000000000000000000000000000000000000000000000000000000000000000000000000000000000000000000000000000000000000000DC00000000000000000000000000DC0000000000000000000000000000000000000000000000000000
310
00000000000000000000000000000000000000000000000000000000000000000000000000000000000000000000000000000000000000000000000000000000DC000000000000000000000000DC0000000000000000000000000000000000000000000000000000000000000000000000000000DC00000000000000000000
310
00000000DC0000000000000000000000000000000000000000000000000000000000000000000000000000000000000000000000000000000000000000000000000000000000000000000000000000000000000000000000DC00000000000000000000000000DC000000000000000000000000000000000000000000000000
310
000000000000000000000000000000000000000000000000000000000000000000000000000000000000000000000000000000000000000000000000000000000000DC000000000000000000000000DC0000000000000000000000000000000000000000000000000000000000000000000000000000DC0000000000000000
310
000000000000DC0000000000000000000000000000000000000000000000000000000000000000000000000000000000000000000000000000000000000000000000000000000000000000000000000000000000000000000000DC00000000000000000000000000DC00000000000000000000000000000000000000000000
310
0000000000000000000000000000000000000000000000000000000000000000000000000000000000000000000000000000000000000000000000000000000000000000DC000000000000000000000000DC0000000000000000000000000000000000000000000000000000000000000000000000000000DC000000000000
310
0000000000000000DC0000000000000000000000000000000000000000000000000000000000000000000000000000000000000000000000000000000000000000000000000000000000000000000000000000000000000000000000DC00000000000000000000000000DC0000000000000000000000000000000000000000
310
00000000000000000000000000000000000000000000000000000000000000000000000000000000000000000000000000000000000000000000000000000000000000000000DC000000000000000000000000DC0000000000000000000000000000000000000000000000000000000000000000000000000000DC00000000
310
00000000000000000000DC0000000000000000000000000000000000000000000000000000000000000000000000000000000000000000000000000000000000000000000000000000000000000000000000000000000000000000000000DC00000000000000000000000000DC000000000000000000000000000000000000
310
000000000000000000000000000000000000000000000000000000000000000000000000000000000000000000000000000000000000000000000000000000000000000000000000DC000000000000000000000000DC0000000000000000000000000000000000000000000000000000000000000000000000000000DC0000
310
000000000000000000000000DC0000000000000000000000000000000000000000000000000000000000000000000000000000000000000000000000000000000000000000000000000000000000000000000000000000000000000000000000DC00000000000000000000000000DC00000000000000000000000000000000
310
0000000000000000000000000000000000000000000000000000000000000000000000000000000000000000000000000000000000000000000000000000000000000000000000000000DC000000000000000000000000DC0000000000000000000000000000000000000000000000000000000000000000000000000000DC
310
0000000000000000000000000000DC0000000000000000000000000000000000000000000000000000000000000000000000000000000000000000000000000000000000000000000000000000000000000000000000000000000000000000000000DC00000000000000000000000000DC0000000000000000000000000000
310
00000000000000000000000000000000000000000000000000000000000000000000000000000000000000000000000000000000000000000000000000000000000000000000000000000000DC000000000000000000000000DC00000000000000000000000000000000000000000000000000000000000000000000000000
310
00DC0000000000000000000000000000DC0000000000000000000000000000000000000000000000000000000000000000000000000000000000000000000000000000000000000000000000000000000000000000000000000000000000000000000000DC00000000000000000000000000DC000000000000000000000000
310
000000000000000000000000000000000000000000000000000000000000000000000000000000000000000000000000000000000000000000000000000000000000000000000000000000000000DC000000000000000000000000DC0000000000000000000000000000000000000000000000000000000000000000000000
310
000000DC0000000000000000000000000000DC0000000000000000000000000000000000000000000000000000000000000000000000000000000000000000000000000000000000000000000000000000000000000000000000000000000000000000000000DC00000000000000000000000000DC00000000000000000000
310
0000000000000000000000000000000000000000000000000000000000000000000000000000000000000000000000000000000000000000000000000000000000000000000000000000000000000000DC000000000000000000000000DC000000000000000000000000000000000000000000000000000000000000000000
310
0000000000DC0000000000000000000000000000DC0000000000000000000000000000000000000000000000000000000000000000000000000000000000000000000000000000000000000000000000000000000000000000000000000000000000000000000000DC00000000000000000000000000DC0000000000000000
310
00000000000000000000000000000000000000000000000000000000000000000000000000000000000000000000000000000000000000000000000000000000000000000000000000000000000000000000DC000000000000000000000000DC00000000000000000000000000000000000000000000000000000000000000
310
00000000000000DC0000000000000000000000000000DC0000000000000000000000000000000000000000000000000000000000000000000000000000000000000000000000000000000000000000000000000000000000000000000000000000000000000000000000DC00000000000000000000000000DC000000000000
310
000000000000000000000000000000000000000000000000000000000000000000000000000000000000000000000000000000000000000000000000000000000000000000000000000000000000000000000000DC000000000000000000000000DC0000000000000000000000000000000000000000000000000000000000
310
000000000000000000DC0000000000000000000000000000DC0000000000000000000000000000000000000000000000000000000000000000000000000000000000000000000000000000000000000000000000000000000000000000000000000000000000000000000000DC00000000000000000000000000DC00000000
310
0000000000000000000000000000000000000000000000000000000000000000000000000000000000000000000000000000000000000000000000000000000000000000000000000000000000000000000000000000DC000000000000000000000000DC000000000000000000000000000000000000000000000000000000
310
0000000000000000000000DC0000000000000000000000000000DC0000000000000000000000000000000000000000000000000000000000000000000000000000000000000000000000000000000000000000000000000000000000000000000000000000000000000000000000DC00000000000000000000000000DC0000
310
00000000000000000000000000000000000000000000000000000000000000000000000000000000000000000000000000000000000000000000000000000000000000000000000000000000000000000000000000000000DC000000000000000000000000DC00000000000000000000000000000000000000000000000000
310
00000000000000000000000000DC0000000000000000000000000000DC0000000000000000000000000000000000000000000000000000000000000000000000000000000000000000000000000000000000000000000000000000000000000000000000000000000000000000000000DC00000000000000000000000000DC
310
000000000000000000000000000000000000000000000000000000000000000000000000000000000000000000000000000000000000000000000000000000000000000000000000000000000000000000000000000000000000DC000000000000000000000000DC0000000000000000000000000000000000000000000000
310
000000000000000000000000000000DC0000000000000000000000000000DC0000000000000000000000000000000000000000000000000000000000000000000000000000000000000000000000000000000000000000000000000000000000000000000000000000000000000000000000DC000000000000000000000000
310
00DC000000000000000000000000000000000000000000000000000000000000000000000000000000000000000000000000000000000000000000000000000000000000000000000000000000000000000000000000000000000000DC000000000000000000000000DC000000000000000000000000000000000000000000
310
0000000000000000000000000000000000DC0000000000000000000000000000DC0000000000000000000000000000000000000000000000000000000000000000000000000000000000000000000000000000000000000000000000000000000000000000000000000000000000000000000000DC00000000000000000000
310
000000DC000000000000000000000000000000000000000000000000000000000000000000000000000000000000000000000000000000000000000000000000000000000000000000000000000000000000000000000000000000000000DC000000000000000000000000DC00000000000000000000000000000000000000
310
00000000000000000000000000000000000000DC0000000000000000000000000000DC0000000000000000000000000000000000000000000000000000000000000000000000000000000000000000000000000000000000000000000000000000000000000000000000000000000000000000000000DC0000000000000000
310
0000000000DC000000000000000000000000000000000000000000000000000000000000000000000000000000000000000000000000000000000000000000000000000000000000000000000000000000000000000000000000000000000000DC000000000000000000000000DC0000000000000000000000000000000000
310
000000000000000000000000000000000000000000DC0000000000000000000000000000DC0000000000000000000000000000000000000000000000000000000000000000000000000000000000000000000000000000000000000000000000000000000000000000000000000000000000000000000000DC000000000000
310
00000000000000DC000000000000000000000000000000000000000000000000000000000000000000000000000000000000000000000000000000000000000000000000000000000000000000000000000000000000000000000000000000000000DC000000000000000000000000DC000000000000000000000000000000
310
0000000000000000000000000000000000000000000000DC0000000000000000000000000000DC0000000000000000000000000000000000000000000000000000000000000000000000000000000000000000000000000000000000000000000000000000000000000000000000000000000000000000000000DC00000000
310
000000000000000000DC000000000000000000000000000000000000000000000000000000000000000000000000000000000000000000000000000000000000000000000000000000000000000000000000000000000000000000000000000000000000DC000000000000000000000000DC00000000000000000000000000
310
00000000000000000000000000000000000000000000000000DC0000000000000000000000000000DC0000000000000000000000000000000000000000000000000000000000000000000000000000000000000000000000000000000000000000000000000000000000000000000000000000000000000000000000DC0000
310
0000000000000000000000DC000000000000000000000000000000000000000000000000000000000000000000000000000000000000000000000000000000000000000000000000000000000000000000000000000000000000000000000000000000000000DC000000000000000000000000DC0000000000000000000000
310
000000000000000000000000000000000000000000000000000000DC0000000000000000000000000000DC0000000000000000000000000000000000000000000000000000000000000000000000000000000000000000000000000000000000000000000000000000000000000000000000000000000000000000000000DC
310
00000000000000000000000000DC000000000000000000000000000000000000000000000000000000000000000000000000000000000000000000000000000000000000000000000000000000000000000000000000000000000000000000000000000000000000DC000000000000000000000000DC000000000000000000
310
0000000000000000000000000000000000000000000000000000000000DC0000000000000000000000000000DC00000000000000000000000000000000000000000000000000000000000000000000000000000000000000000000000000000000000000000000000000000000000000000000000000000000000000000000
310
00DC00000000000000000000000000DC000000000000000000000000000000000000000000000000000000000000000000000000000000000000000000000000000000000000000000000000000000000000000000000000000000000000000000000000000000000000DC000000000000000000000000DC00000000000000
310
00000000000000000000000000000000000000000000000000000000000000DC0000000000000000000000000000DC0000000000000000000000000000000000000000000000000000000000000000000000000000000000000000000000000000000000000000000000000000000000000000000000000000000000000000
310
000000DC00000000000000000000000000DC000000000000000000000000000000000000000000000000000000000000000000000000000000000000000000000000000000000000000000000000000000000000000000000000000000000000000000000000000000000000DC000000000000000000000000DC0000000000
310
000000000000000000000000000000000000000000000000000000000000000000DC0000000000000000000000000000DC000000000000000000000000000000000000000000000000000000000000000000000000000000000000000000000000000000000000000000000000000000000000000000000000000000000000
310
0000000000DC00000000000000000000000000DC000000000000000000000000000000000000000000000000000000000000000000000000000000000000000000000000000000000000000000000000000000000000000000000000000000000000000000000000000000000000DC000000000000000000000000DC000000
310
0000000000000000000000000000000000000000000000000000000000000000000000DC0000000000000000000000000000DC00000000000000000000000000000000000000000000000000000000000000000000000000000000000000000000000000000000000000000000000000000000000000000000000000000000
310
00000000000000DC00000000000000000000000000DC000000000000000000000000000000000000000000000000000000000000000000000000000000000000000000000000000000000000000000000000000000000000000000000000000000000000000000000000000000000000DC000000000000000000000000DC00
310
00000000000000000000000000000000000000000000000000000000000000000000000000DC0000000000000000000000000000DC0000000000000000000000000000000000000000000000000000000000000000000000000000000000000000000000000000000000000000000000000000000000000000000000000000
310
000000000000000000DC00000000000000000000000000DC000000000000000000000000000000000000000000000000000000000000000000000000000000000000000000000000000000000000000000000000000000000000000000000000000000000000000000000000000000000000DC000000000000000000000000
310
DC0000000000000000000000000000000000000000000000000000000000000000000000000000DC0000000000000000000000000000DC000000000000000000000000000000000000000000000000000000000000000000000000000000000000000000000000000000000000000000000000000000000000000000000000
310
0000000000000000000000DC00000000000000000000000000DC000000000000000000000000000000000000000000000000000000000000000000000000000000000000000000000000000000000000000000000000000000000000000000000000000000000000000000000000000000000000DC00000000000000000000
310
0000DC0000000000000000000000000000000000000000000000000000000000000000000000000000DC0000000000000000000000000000DC00000000000000000000000000000000000000000000000000000000000000000000000000000000000000000000000000000000000000000000000000000000000000000000
310
00000000000000000000000000DC00000000000000000000000000DC000000000000000000000000000000000000000000000000000000000000000000000000000000000000000000000000000000000000000000000000000000000000000000000000000000000000000000000000000000000000DC0000000000000000
310
00000000DC0000000000000000000000000000000000000000000000000000000000000000000000000000DC0000000000000000000000000000DC0000000000000000000000000000000000000000000000000000000000000000000000000000000000000000000000000000000000000000000000000000000000000000
310
000000000000000000000000000000DC00000000000000000000000000DC000000000000000000000000000000000000000000000000000000000000000000000000000000000000000000000000000000000000000000000000000000000000000000000000000000000000000000000000000000000000DC000000000000
310
000000000000DC0000000000000000000000000000000000000000000000000000000000000000000000000000DC0000000000000000000000000000DC000000000000000000000000000000000000000000000000000000000000000000000000000000000000000000000000000000000000000000000000000000000000
310
0000000000000000000000000000000000DC00000000000000000000000000DC000000000000000000000000000000000000000000000000000000000000000000000000000000000000000000000000000000000000000000000000000000000000000000000000000000000000000000000000000000000000DC00000000
310
0000000000000000DC0000000000000000000000000000000000000000000000000000000000000000000000000000DC0000000000000000000000000000DC00000000000000000000000000000000000000000000000000000000000000000000000000000000000000000000000000000000000000000000000000000000
310
00000000000000000000000000000000000000DC00000000000000000000000000DC000000000000000000000000000000000000000000000000000000000000000000000000000000000000000000000000000000000000000000000000000000000000000000000000000000000000000000000000000000000000DC0000
310
00000000000000000000DC0000000000000000000000000000000000000000000000000000000000000000000000000000DC0000000000000000000000000000DC0000000000000000000000000000000000000000000000000000000000000000000000000000000000000000000000000000000000000000000000000000
310
000000000000000000000000000000000000000000DC00000000000000000000000000DC000000000000000000000000000000000000000000000000000000000000000000000000000000000000000000000000000000000000000000000000000000000000000000000000000000000000000000000000000000000000DC
310
000000000000000000000000DC0000000000000000000000000000000000000000000000000000000000000000000000000000DC0000000000000000000000000000DC000000000000000000000000000000000000000000000000000000000000000000000000000000000000000000000000000000000000000000000000
310
0000000000000000000000000000000000000000000000DC00000000000000000000000000DC0000000000000000000000000000000000000000000000000000000000000000000000000000000000000000000000000000000000000000000000000000000000000000000000000000000000000000000000000000000000
310
00DC000000000000000000000000DC0000000000000000000000000000000000000000000000000000000000000000000000000000DC0000000000000000000000000000DC00000000000000000000000000000000000000000000000000000000000000000000000000000000000000000000000000000000000000000000
310
00000000000000000000000000000000000000000000000000DC00000000000000000000000000DC000000000000000000000000000000000000000000000000000000000000000000000000000000000000000000000000000000000000000000000000000000000000000000000000000000000000000000000000000000
310
000000DC000000000000000000000000DC0000000000000000000000000000000000000000000000000000000000000000000000000000DC0000000000000000000000000000DC0000000000000000000000000000000000000000000000000000000000000000000000000000000000000000000000000000000000000000
310
000000000000000000000000000000000000000000000000000000DC00000000000000000000000000DC00000000000000000000000000000000000000000000000000000000000000000000000000000000000000000000000000000000000000000000000000000000000000000000000000000000000000000000000000
310
0000000000DC000000000000000000000000DC0000000000000000000000000000000000000000000000000000000000000000000000000000DC0000000000000000000000000000DC000000000000000000000000000000000000000000000000000000000000000000000000000000000000000000000000000000000000
310
0000000000000000000000000000000000000000000000000000000000DC00000000000000000000000000DC0000000000000000000000000000000000000000000000000000000000000000000000000000000000000000000000000000000000000000000000000000000000000000000000000000000000000000000000
310
00000000000000DC000000000000000000000000DC0000000000000000000000000000000000000000000000000000000000000000000000000000DC0000000000000000000000000000DC00000000000000000000000000000000000000000000000000000000000000000000000000000000000000000000000000000000
310
00000000000000000000000000000000000000000000000000000000000000DC00000000000000000000000000DC000000000000000000000000000000000000000000000000000000000000000000000000000000000000000000000000000000000000000000000000000000000000000000000000000000000000000000
310
000000000000000000DC000000000000000000000000DC0000000000000000000000000000000000000000000000000000000000000000000000000000DC0000000000000000000000000000DC0000000000000000000000000000000000000000000000000000000000000000000000000000000000000000000000000000
310
000000000000000000000000000000000000000000000000000000000000000000DC00000000000000000000000000DC00000000000000000000000000000000000000000000000000000000000000000000000000000000000000000000000000000000000000000000000000000000000000000000000000000000000000
310
0000000000000000000000DC000000000000000000000000DC0000000000000000000000000000000000000000000000000000000000000000000000000000DC0000000000000000000000000000DC000000000000000000000000000000000000000000000000000000000000000000000000000000000000000000000000
310
0000000000000000000000000000000000000000000000000000000000000000000000DC00000000000000000000000000DC0000000000000000000000000000000000000000000000000000000000000000000000000000000000000000000000000000000000000000000000000000000000000000000000000000000000
310
00000000000000000000000000DC000000000000000000000000DC0000000000000000000000000000000000000000000000000000000000000000000000000000DC0000000000000000000000000000DC00000000000000000000000000000000000000000000000000000000000000000000000000000000000000000000
310
00000000000000000000000000000000000000000000000000000000000000000000000000DC00000000000000000000000000DC000000000000000000000000000000000000000000000000000000000000000000000000000000000000000000000000000000000000000000000000000000000000000000000000000000
310
000000000000000000000000000000DC000000000000000000000000DC0000000000000000000000000000000000000000000000000000000000000000000000000000DC0000000000000000000000000000DC0000000000000000000000000000000000000000000000000000000000000000000000000000000000000000
310
000000000000000000000000000000000000000000000000000000000000000000000000000000DC00000000000000000000000000DC00000000000000000000000000000000000000000000000000000000000000000000000000000000000000000000000000000000000000000000000000000000000000000000000000
310
0000000000000000000000000000000000DC000000000000000000000000DC0000000000000000000000000000000000000000000000000000000000000000000000000000DC0000000000000000000000000000DC000000000000000000000000000000000000000000000000000000000000000000000000000000000000
310
0000000000000000000000000000000000000000000000000000000000000000000000000000000000DC00000000000000000000000000DC0000000000000000000000000000000000000000000000000000000000000000000000000000000000000000000000000000000000000000000000000000000000000000000000
310
00000000000000000000000000000000000000DC000000000000000000000000DC0000000000000000000000000000000000000000000000000000000000000000000000000000DC0000000000000000000000000000DC00000000000000000000000000000000000000000000000000000000000000000000000000000000
310
00000000000000000000000000000000000000000000000000000000000000000000000000000000000000DC00000000000000000000000000DC000000000000000000000000000000000000000000000000000000000000000000000000000000000000000000000000000000000000000000000000000000000000000000
310
000000000000000000000000000000000000000000DC000000000000000000000000DC0000000000000000000000000000000000000000000000000000000000000000000000000000DC0000000000000000000000000000DC0000000000000000000000000000000000000000000000000000000000000000000000000000
310
000000000000000000000000000000000000000000000000000000000000000000000000000000000000000000DC00000000000000000000000000DC00000000000000000000000000000000000000000000000000000000000000000000000000000000000000000000000000000000000000000000000000000000000000
310
0000000000000000000000000000000000000000000000DC000000000000000000000000DC0000000000000000000000000000000000000000000000000000000000000000000000000000DC0000000000000000000000000000DC000000000000000000000000000000000000000000000000000000000000000000000000
310
0000000000000000000000000000000000000000000000000000000000000000000000000000000000000000000000DC00000000000000000000000000DCF5BEBEF5BEBEBEF5BEBEBEC3BEF5F5BEBEBEC3F5F5BEF5BEF5C3C3BEF5BEBEC3000000000000000000000000000000000000000000000000000000000000000000
310
00000000000000000000000000000000000000000000000000DC000000000000000000000000DC0000000000000000000000000000000000000000000000000000000000000000000000000000DC0000000000000000000000000000DC00000000000000000000000000000000000000000000000000000000000000000000
310
00000000000000000000000000000000000000000000000000000000000000000000000000000000000000000000000000DC00000000000000000000000000DCF5C3F5F5F5F5F5F5F5F5F5F5F5C3BFC3F5F5F5F5F5C3F5F5F5F5F5F5F518F5C300000000000000000000000000000000000000000000000000000000000000
310
000000000000000000000000000000000000000000000000000000DC000000000000000000000000DC0000000000000000000000000000000000000000000000000000000000000000000000000000DC0000000000000000000000000000DC0000000000000000000000000000000000000000000000000000000000000000
310
000000000000000000000000000000000000000000000000000000000000000000000000000000000000000000000000000000DC00000000000000000000000000DCC3C3F58989F5C38989F5BE89F589C3C389C38989C3C3F589F5F589C3F5F5F5C3BEC3000000BEC300000000000000000000000000000000000000000000
310
0000000000000000000000000000000000000000000000000000000000DC000000000000000000000000DC0000000000000000000000000000000000000000000000000000000000000000000000000000DC0000000000000000000000000000DC000000000000000000000000000000000000000000000000000000000000
310
0000000000000000000000000000000000000000000000000000000000000000000000000000000000000000000000000000000000DC00000000000000000000000000DCBEC3BEC3F5F5BEBEBEF5F5BEF5BEC3F5F5F5BEC3BEBEF5BEC3BEC3F5BEC3BEF5F5BEC3BEF5F5BEF5BE892D00000000000000000000000000000000
310
00000000000000000000000000000000000000000000000000000000000000DCC3C3C3C3C300000000000000DC0000000000000000000000000000000000000000000000000000000000000000000000000000DCC3C3C3C3C3000000000000000000DC00000000000000000000000000000000000000000000000000000000
310
00000000000000000000000000000000000000000000000000000000000000000000000000000000000000000000000000000000000000DCC3C3C3C3C3C300000000000000DCF5F5F5F5BEF5F5F5F5F5F5F5F5C3C3F5F5F5F5F5F5F5F5F5F5BEF5F5F5F5F5F5F5F5F5C3F5F5F5F5C3F52D0000000000000000000000000000
310
000000000000000000000000000000000000000000000000000000000000000000DCC3C3C3C3C3C3C3C3C3C3C3C3DC0000000000000000000000000000000000000000000000000000000000000000000000000000DCC3C3C3C3C3C30000000000000000DC00000000BEBE0000000000000000000000000000000000000000
310
000000000000000000000000000000000000000000000000000000000000000000000000000000000000000000000000000000000000000000DCC3C3C3C3C3C3C3C3C3C3C3C32DF5BEF5F5C3BEC3BEC3BEC3BEBEBEF5BEC3BEF5BEBEBEBEBEF5F5BEBEC3BEC3BEF5C3BEC3BEC3BEBEC3C3BEC3BEC3F5BEC3BEBEF5F5C3BEBE
310
BEF5F50000000000000000000000000000000000000000000000000000000000000000DCC3C3C3C3C3C3C3C3C3C3C3C3DCBEC3C3C3BEBEC3BEBEF500000000000000000000000000000000000000000000000000000000DCC3C3C3C3C3C3C3C3C3C3C3C3C300BFC3BEF5C3F5F5BEC3BE000000000000000000000000000000
310
0000000000000000000000000000000000000000000000000000000000000000000000000000000000000000000000000000000000000000000000DCC3C3C3C3C3C3C3C3C3C3C3C3F5F5181818F5F5F5F52D2DBEF5F5F589F5F5F5F5F5F5F5F5F589F5F5F5BE18F589F5BEF5F5C3C318182DF5F518182DF51818182DF5F5BE
310
F5F5F5F5F50000000000000000000000000000000000000000000000000000000000000000DCC3C3C300C3C3C3C3C3C3C3C3DCBEF5F5F5BEBEF5F5F5F500000000000000000000000000000000000000000000000000000000DCC3C3C3C3C3C3C3C3C3C3C3C3C300F5C3F5F5F5F5F5F5F5F500000000000000000000000000
310
00000000000000000000000000000000000000000000000000000000000000000000000000000000000000000000000000000000000000000000000000DCDCDCDCDCDCDCDCDCDCDCDCDCDCDCDCDCDCDCDCDCDCDCDCDCDCDCDCDCDCDCDCDCDCDCDCDCDCDCDCDCDCDCDCDCDCDCDCDCDCDCDCDCDCDCDCDCDCDCDCDCDCDCDCDCDC
310
DCDCDCDCDCDCDCDCDCDCDCDCDCDCDCDCDCDCDCDCDCDCDCDCDCDCDCDCDCDCDCDCDCDCDCDCDCDCDCDCDCDCDCDCDCDCDCDCDCDCDCDCDCDCDCDCDCDCDCDCDCDCDCDCDCDCDCDCDCDCDCDCDCDCDCDCDCDCDCDCDCDCDCDCDCDCDCDCDCDCDCDCDCDCDCDCDCDCDCDCDCDCDCDCDCDCDCDCDCDCDCDCDCDCDCDCDCDCDCDCDCDCDCDCDCDCDC
310
DCDCDCDCDCDCDCDCDCDCDCDCDCDCDCDCDCDCDCDCDCDCDCDCDCDCDCDCDCDCDCDCDCDCDCDCDC0000000000000000000000000000000000000000000000000000DCC3C3C3C3C3C3C3C3C3C3C3C300DC0000000000000000BEC300000000BEBE000000000000000000000000000000000000000000000000000000000000000000
310
0000000000000000000000000000000000000000000000000000000000000000000000000000000000DC000000000000000000000000DC0000000000000000000000000000000000000000000000000000000000000000000000000000DC0000000000000000000000000000DC000000000000000000000000000000000000
310
0000000000000000000000000000000000000000000000000000000000000000000000000000000000000000000000000000000000000000000000000000000000DCC3C3C3C3C3C3C3C3C3C3C3C3C3DCF5F5C3F5C3F5F5F5F5F5F5F5BEC3C32DF5F50000000000000000000000000000000000000000000000000000000000
310
00000000000000000000000000000000000000000000000000000000000000000000000000000000000000DC000000000000000000000000DC0000000000000000000000000000000000000000000000000000000000000000000000000000DC0000000000000000000000000000DC00000000000000000000000000000000
310
00000000000000000000000000000000000000000000000000000000000000000000000000000000000000000000000000000000000000000000000000000000000000DCC3C3C3C3C3C3C3C3C3C3C3C300DC18F5F5F5F5F5F5F5F5F5F5F5F5C3F5F5F52D000000000000000000000000000000000000000000000000000000
310
000000000000000000000000000000000000000000000000000000000000000000000000000000000000000000DC000000000000000000000000DC0000000000000000000000000000000000000000000000000000000000000000000000000000DC0000000000000000000000000000DC0000000000000000000000000000
310
000000000000000000000000000000000000000000000000000000000000000000000000000000000000000000000000000000000000000000000000000000000000000000DCDCDCDCDCDCDCDCDCDCDCDCDCDCDCDCDCDCDCDCDCDCDCDCDCDCDCDCDCDCDCDCDCDCDCDCDCDCDCDCDCDCDCDCDCDCDCDCDCDCDCDCDCDCDCDCDCDC
310
DCDCDCDCDCDCDCDCDCDCDCDCDCDCDCDCDCDCDCDCDCDCDCDCDCDCDCDCDCDCDCDCDCDCDCDCDCDCDCDCDCDCDCDCDCDCDCDCDCDCDCDCDCDCDCDCDCDCDCDCDCDCDCDCDCDCDCDCDCDCDCDCDCDCDCDCDCDCDCDCDCDCDCDCDCDCDCDCDCDCDCDCDCDCDCDCDCDCDCDCDCDCDCDCDCDCDCDCDCDCDCDCDCDCDCDCDCDCDCDCDCDCDCDCDCDCDC
310
DCDCDCDCDCDCDCDCDCDCDCDCDCDCDCDCDCDCDCDCDCDCDCDCDCDCDCDCDCDCDCDCDCDCDCDCDCDCDCDCDCDCDCDCDC0000000000000000000000000000000000000000000000000000DCC3C3C3C3C3C3C3C3C3C3C3C300DCBEBEBEBEBEC3BEBEBEBEBEC3BEC3BEC3F5BEBEBEBEC3BEBEBEBEBEC300000000000000000000000000
310
00000000000000000000000000000000000000000000000000000000000000000000000000000000000000000000000000DCC3C3C3C3C3C3C3C3C3C3C3C3DCBEBE0000BEBEBE00000000000000000000000000000000000000000000000000000000000000DCC3C3C3C3C3C3C3C3C3C3C3C30000BEBEBEBEBEBEBEBEBEBEC3
310
00000000000000000000000000000000000000000000000000000000000000000000000000000000000000000000000000000000000000000000000000000000000000000000000000DCC3C3C3C3C3C3C3C3C3C3C3C3C3DCF5F5BEBEF5F5F5C3BEBEBEF5BEF5F52DC3BEF5BEF5F5F5BFBEF5F5BEBEC3BEF500000000000000
310
000000000000000000000000000000000000000000000000000000000000000000000000000000000000000000000000000000DCC3C3C3C3C3C3C3C3C3C3C3C3DCF5C3BEBEF5BEBEBEBEC300000000000000000000000000000000000000000000000000000000DCC3C3C3C3C3C3C3C3C3C3C3C3C300BFBEF5BEC3F5F5BEF5
310
F5C300000000000000000000000000000000000000000000000000000000000000000000000000000000000000000000000000000000000000000000000000000000000000000000000000DCC3C3C3C3C3C3C3C3C3C3C3C300DCF5F5F5F5F5F5F5C3F5F5F5F5BEF5F528F5BEBE28F5F5F5F5F5F5BEF5F52DF5C30000000000
310
0000000000000000000000000000000000000000000000000000000000000000000000000000000000000000000000000000000000DCC3C3C3C3C3C3C3C3C3C3C3C3DCF5F5F5BEF5F5F5F5F5F500000000000000000000000000000000000000000000000000000000DCC3C3C3C3C3C3C3C3C3C3C3C3C300F5C3F5F5F5F5F5
310
F5F5F5C300000000000000000000000000000000000000000000000000000000000000000000000000000000000000000000000000000000000000000000000000000000000000000000000000DCDCDCDCDCDCDCDCDCDCDCDCDCDCDCDCDCDCDCDCDCDCDCDCDCDCDCDCDCDCDCDCDCDCDCDCDCDCDCDCDCDCDCDCDCDCDCDCDCDC
310
DCDCDCDCDCDCDCDCDCDCDCDCDCDCDCDCDCDCDCDCDCDCDCDCDCDCDCDCDCDCDCDCDCDCDCDCDCDCDCDCDCDCDCDCDCDCDCDCDCDCDCDCDCDCDCDCDCDCDCDCDCDCDCDCDCDCDCDCDCDCDCDCDCDCDCDCDCDCDCDCDCDCDCDCDCDCDCDCDCDCDCDCDCDCDCDCDCDCDCDCDCDCDCDCDCDCDCDCDCDCDCDCDCDCDCDCDCDCDCDCDCDCDCDCDCDCDC
310
DCDCDCDCDCDCDCDCDCDCDCDCDCDCDCDCDCDCDCDCDCDCDCDCDCDCDCDCDCDCDCDCDCDCDCDCDCDCDCDCDCDCDCDCDCDCDCDCDCDCDCDCDC0000000000000000000000000000000000000000000000000000DCC3C3C3C3C3C300000000000000DCBEC3BEC3BEF5BEC3BEBEC3BEF5BEC3BEBEC3BEF5BEC3BEBEBEBEF5BEC3BEC3BEBE
310
C3BEF5C30000000000000000000000000000000000000000000000000000000000000000000000000000000000000000000000000000000000DC000000000000000000000000DC0000000000000000000000000000000000000000000000000000000000000000000000000000DC0000000000000000000000000000DC0000
310
000000000000000000000000000000000000000000000000000000000000000000000000000000000000000000000000000000000000000000000000000000000000000000000000000000000000000000DCC3C3C3C3C3C3C3C3C3C3C3C300DCBEF5BEC3BEC3C3BEC3BEC3C3C3C3BEC3BEC3BEC3C3BEC3BEC3BEC3C32DC3BE
310
C3BEC3C3C3F50000000000000000000000F5F5F5F5F5F5F5F5F5F5F5F5F5F5F5F5F5F5F5F500000000000000000000000000000000000000000000DC000000000000000000000000DC0000000000000000000000000000000000000000000000000000000000000000000000000000DC0000000000000000000000000000DC
310
0000000000000000000000000000000000000000000000000000000000000000000000000000000000000000000000000000000000000000000000000000000000000000000000000000000000000000000000DCC3C3C3C3C3C3C3C3C3C3C3C300DCBEC3BEF5C3BEC3BEC3F5C3BEC3BEF5BEF5BEF5BEF5BEF5000000000000
310
00000000000000000000000000000000000000F5BEC3BEC3F5F5F5F5F5F5F5F5F5F5BEF5BEF5F500000000000000000000000000000000000000000000DC000000000000000000000000DC0000000000000000000000000000000000000000000000000000000000000000000000000000DC00000000000000000000000000
310
00DC0000000000000000000000000000000000000000000000000000000000000000000000000000000000000000000000000000000000000000000000000000000000000000000000000000000000000000000000DCDCDCDCDCDCDCDCDCDCDCDCDCDCDCBEF5BE89BEF5BEF5BEF5BEF52DF5F5F5F5F5F5F5F5F5F5DCDCDCDC
310
DCDCDCDCDCDCDCDCDCDCDCDCDCDCDCDCDCDCDCDCDCF5F5F5F5F5F5F5F5F5F5F5F5F5F5F5F5F5F5F5F5DCDCDCDCDCDCDCDCDCDCDCDCDCDCDCDCDCDCDCDCDCDCDCDCDCDCDCDCDCDCDCDCDCDCDCDCDCDCDCDCDCDCDCDCDCDCDCDCDCDCDCDCDCDCDCDCDCDCDCDCDCDCDCDCDCDCDCDCDCDCDCDCDCDCDCDCDCDCDCDCDCDCDCDCDCDC
310
DCDCDCDCDCDCDCDCDCDCDCDCDCDCDCDCDCDCDCDCDCDCDCDCDCDCDCDCDCDCDCDCDCDCDCDCDCDCDCDCDCDCDCDCDCDCDCDCDCDCDCDCDCDCDCDCDCDCDCDCDC0000000000000000000000000000000000000000000000000000DCC3C3C3C3C3C300000000000000DC00000000000000000000000000000000000000000000000000
310
0000000000000000000000000000000000000000000000000000000000000000000000000000000000000000000000000000000000000000000000000000000000DC000000000000000000000000DC0000000000000000000000000000000000000000000000000000000000000000000000000000DC000000000000000000
310
0000000000DC0000000000000000000000000000000000000000000000000000000000000000000000000000000000000000000000000000000000000000000000000000000000000000000000000000000000000000000000DCC3C3C3C3C3C3C3C3C3C3C3C300DCBEC3F500BEC32DBEC3F500BEC3F5BEC3F500BEC3F5BEC3
310
F500BEC3F50000000000000000000000000000000000000000000000000000000000000000000000000000000000000000000000000000000000000000000000000000DC000000000000000000000000DC0000000000000000000000000000000000000000000000000000000000000000000000000000DC00000000000000
310
00000000000000DC0000000000000000000000000000000000000000000000000000000000000000000000000000000000000000000000000000000000000000000000000000000000000000000000000000000000000000000000DCC3C3C3C3C3C3C3C3C3C3C3C300DCBEC3BEF5BEF5BEF5BEBEBEBEF5BEC3BEBEBEBEF5BE
310
F5BEBEC3BEF5BEF5C3000000000000000000000000000000000000000000000000000000000000000000000000000000000000000000000000000000000000000000000000DC000000000000000000000000DC0000000000000000000000000000000000000000000000000000000000000000000000000000DC0000000000
310
000000000000000000DC0000000000000000000000000000000000000000000000000000000000000000000000000000000000000000000000000000000000000000000000000000000000000000000000000000000000000000000000DCC3C3C3C3C3C3C3C3C3C3C3C300DCBEC3BEC3C3C3C3BEC3BEC3BEC3C3BEC3BEC3BE
310
C3C3BEC3BEC3BEC3C3C3C3000000000000000000000000000000000000000000000000000000000000000000000000000000000000000000000000000000000000000000000000DC000000000000000000000000DC0000000000000000000000000000000000000000000000000000000000000000000000000000DC000000
310
0000000000000000000000DC0000000000000000000000000000000000000000000000000000000000000000000000000000000000000000000000000000000000000000000000000000000000000000000000000000000000000000000000DCDCDCDCDCDCDCDCDCDCDCDCDCDCDCDCDCDCDCDCDCDCDCDCDCDCDCDCDCDCDCDC
310
DCDCDCDCDCDCDCDCDCDCDCDCDCDCDCDCDCDCDCDCDCDCDCDCDCDCDCDCDCDCDCDCDCDCDCDCDCDCDCDCDCDCDCDCDCDCDCDCDCDCDCDCDCDCDCDCDCDCDCDCDCDCDCDCDCDCDCDCDCDCDCDCDCDCDCDCDCDCDCDCDCDCDCDCDCDCDCDCDCDCDCDCDCDCDCDCDCDCDCDCDCDCDCDCDCDCDCDCDCDCDCDCDCDCDCDCDCDCDCDCDCDCDCDCDCDCDC
310
DCDCDCDCDCDCDCDCDCDCDCDCDCDCDCDCDCDCDCDCDCDCDCDCDCDCDCDCDCDCDCDCDCDCDCDCDCDCDCDCDCDCDCDCDCDCDCDCDCDCDCDCDCDCDCDCDCDCDCDCDCDCDCDCDCDCDCDCDCDCDC0000000000000000000000000000000000000000000000000000DCC3C3C3C3C3C3C3C3C3C3C3C300DC000000000000000000000000000000
310
000000000000000000000000000000000000000000000000000000000000000000000000000000000000000000000000000000000000000000000000000000000000000000000000000000DCC3C3C3C3C3C3C3C3C3C3C3C3DC0000000000000000000000000000000000000000000000000000000000000000000000000000
310
DCC3C3C3C3C3C3C3C3C3C3C3C30000DC0000000000000000000000000000000000000000000000000000000000000000000000000000000000000000000000000000000000000000000000000000000000000000000000000000000000000000000000DCC3C3C3C3C3C3C3C3C3C3C3C300DC00000000000000000000000000
310
0000000000000000000000000000000000000000000000000000000000000000000000000000000000000000000000000000000000000000000000000000000000000000000000000000000000DCC3C3C3C3C3C3C3C3C3C3C3C3DC000000000000000000000000000000000000000000000000000000000000000000000000
310
0000DCC3C3C3C3C3C3C3C3C3C3C3C30000DC0000000000000000000000000000000000000000000000000000000000000000000000000000000000000000000000000000000000000000000000000000000000000000000000000000000000000000000000DCC3C3C3C3C3C3C3C3C3C3C3C300DCF5F5F5BE2DBE2DF5F5F52D
310
F5BEF5F5F5F5F5F5F52DF5F5F5F5F5F5F5F5F5000000000000000000000000000000000000000000000000000000000000000000000000000000000000000000000000000000000000000000000000DCC3C3C3C3C3C3C3C3C3C3C3C3DCBEBEC3BEBEC3BE2D0000000000000000000000000000000000000000000000000000
310
00000000DCC3C3C3C3C3C3C3C3C3C3C3C30000BEBEC3C3C3F52D2DF52DF5C3000000000000000000000000000000000000000000000000000000000000000000000000000000000000000000000000000000000000000000000000000000000000000000000000DCDCDCDCDCDCDCDCDCDCDCDCDCDCDCF5F5BE89F5F5F5F5F5
310
F52DF5F5F5F5F5BEF5F5F52DF5F589F5F5F5F5F5F5DCDCDCDCDCDCDCDCDCDCDCDCDCDCDCDCDCDCDCDCDCDCDCDCDCDCDCDCDCDCDCDCDCDCDCDCDCDCDCDCDCDCDCDCDCDCDCDCDCDCDCDCDCDCDCDCDCDCDCDCDCDCDCDCDCDCDCDCDCDCDCDCDCDCC3C3C3C3C3C3C32DDCDCDCDCDCDCDCDCDCDCDCDCDCDCDCDCDCDCDCDCDCDCDCDC
310
DCDCDCDCDCDCDCDCDCDCDCDCDCDCDCDCDCDCDCDCDCC3C3C3C3C3F52D2DF52DF5F5DCDCDCDCDCDCDCDCDCDCDCDCDCDCDCDCDCDCDCDCDCDCDCDCDCDCDCDCDCDCDCDCDCDCDCDCDCDCDCDCDCDCDCDCDCDC0000000000000000000000000000000000000000000000000000DCC3C3C3C3C3C300000000000000DC00000000000000
310
0000000000000000000000000000000000000000000000000000000000000000000000000000000000000000000000000000000000000000000000000000000000000000000000000000000000000000000000DC000000000000000000000000DC000000000000000000000000000000000000000000000000000000000000
310
0000000000000000DC0000000000000000000000000000DC0000000000000000000000000000000000000000000000000000000000000000000000000000000000000000000000000000000000000000000000000000000000000000000000000000000000000000000000DCC3C3C3C3C3C3C3C3C3C3C3C300DC0000000000
310
00000000000000000000000000000000000000000000000000000000000000000000000000000000000000000000000000000000000000000000000000000000000000000000000000000000000000000000000000DC000000000000000000000000DC00000000000000000000000000000000000000000000000000000000
310
00000000000000000000DC0000000000000000000000000000DC0000000000000000000000000000000000000000000000000000000000000000000000000000000000000000000000000000000000000000000000000000000000000000000000000000000000000000000000DCC3C3C3C3C3C3C3C3C3C3C3C300DCC389C3
310
C30000000000000000000000000000000000000000000000000000000000000000000000000000000000000000000000000000000000000000000000000000000000000000000000000000000000000000000000000000DC000000000000000000000000DC0000000000000000000000000000000000000000000000000000
310
000000000000000000000000DC0000000000000000000000000000DC0000000000000000000000000000000000000000000000000000000000000000000000000000000000000000000000000000000000000000000000000000000000000000000000000000000000000000000000DC00000000000000000000000000DCF5
310
F5F5F50000000000000000000000000000000000000000000000000000000000000000000000000000000000000000000000000000000000000000000000000000000000000000000000000000000000000000000000000000DC000000000000000000000000DC000000000000000000000000000000000000000000000000
310
0000000000000000000000000000DC0000000000000000000000000000DC0000000000000000000000000000000000000000000000000000000000000000000000000000000000000000000000000000000000000000000000000000000000000000000000000000000000000000000000DCDCDCDCDCDCDCDCDCDCDCDCDCDC
310
DCDCDCDCDCDCDCDCDCDCDCDCDCDCDCDCDCDCDCDCDCDCDCDCDCDCDCDCDCDCDCDCDCDCDCDCDCDCDCDCDCDCDCDCDCDCDCDCDCDCDCDCDCDCDCDCDCDCDCDCDCDCDCDCDCDCDCDCDCDCDCDCDCDCDCDCDCDCDCDCDCDCDCDCDCDCDCDCDCDCDCDCDCDCDCDCDCDCDCDCDCDCDCDCDCDCDCDCDCDCDCDCDCDCDCDCDCDCDCDCDCDCDCDCDCDCDC
310
DCDCDCDCDCDCDCDCDCDCDCDCDCDCDCDCDCDCDCDCDCDCDCDCDCDCDCDCDCDCDCDCDCDCDCDCDCDCDCDCDCDCDCDCDCDCDCDCDCDCDCDCDCDCDCDCDCDCDCDCDCDCDCDCDCDCDCDCDCDCDCDCDCDCDCDCDCDCDCDCDCDCDCDCDCDCDCDCDC0000000000000000000000000000000000000000000000000000DCC3C3C3C3C3C3C3C3C3C3C3
310
C300DC000000000000000000000000000000000000000000000000000000000000000000000000000000000000000000000000000000000000000000000000000000000000000000000000000000000000000000000000000000000000DCC3C3C3C3C3C3C3C3C3C3C3C3DCBE2DC3C3C3C3F500000000000000000000000000
310
000000000000000000000000000000000000DCC3C3C3C3C3C3C3C3C3C3C3C30000DC0000000000000000000000000000000000000000000000000000000000000000000000000000000000000000000000000000000000000000000000000000000000000000000000000000000000000000000000DCC3C3C3C3C3C3C3C3C3
310
C3C3C300DCC3BEC3C3C3C3BEC3C3BEC3BEC3C3C3BEC3C3BEC3BEC3C32DBEC3BEBEBEC3C3C3C3C3C300000000000000000000000000000000000000000000000000000000000000000000000000000000000000000000000000000000000000DCC3C3C3C3C3C3C3C3C3C3C3C3DCC3C3C3C3C3C3F5C3C300C3F52DC30000C3C3
310
C3F5C3F5C3C30000000000000000000000000000DCC3C3C3C3C3C3C3C3C3C3C3C30000BEBEBEC3C3C32DBEBEC30000000000000000000000000000000000000000000000000000000000000000000000000000000000000000000000000000000000000000000000000000000000000000000000000000DCC3C3C3C3C3C3C3
310
C3C3C3C3C300DCF5C32DF52DF5F5F5F5F5C3C32DF5F5F52DF5F52DF5F52DF52DF5F52DF52DF5F52DF5BE00000000000000000000000000000000000000000000000000000000000000000000000000000000000000000000000000000000000000DCC3C3C3C3C3C3C3C3C3C3C3C3DCF5F5F52DF5C3BEF5F5F5F52DF5F52DC3
310
F52DF5F5F5BEF5F5F500000000000000000000000000DCC3C3C3C3C3C3C3C3C3C3C3C30000C3C3C32D2DF5F5F5F5C30000000000000000000000000000000000000000000000000000000000000000000000000000000000000000000000000000000000000000000000000000000000000000000000000000DCDCDCDCDCDC
310
DCDCDCDCDCDCDCDCDCF5C32DF52DF5F589BEC3BEC32DF5C3C32DBEF5F5F5F5F5F5BEF5C3BEC32DF5F52DF5BEDCDCDCDCDCDCDCDCDCDCDCDCDCDCDCDCDCDCDCDCDCDCDCDCDCDCDCDCDCDCDCDCDCDCDCDCDCDCDCDCDCDCDCDCDCDCDCDCDCDCDCDCDCDCDCDCDCDCDCDCDCDCDCDCDCDCDCDCDCDCDCBEDCDCDCDCC3F5BEF5F5BEF5
310
C3C3F5F52DBE2DBEBEF5BEDCDCDCDCDCDCDCDCDCDCDCDCDCDCDCDCDCDCDCDCDCDCDCDCDCDCDCDCC3C3C32D2DF5F5F5F5F5DCDCDCDCDCDCDCDCDCDCDCDCDCDCDCDCDCDCDCDCDCDCDCDCDCDCDCDCDCDCDCDCDCDCDCDCDCDCDCDCDCDCDCDCDCDCDCDC0000000000000000000000000000000000000000000000000000DC000000
310
00000000000000000000DC000000000000000000000000000000000000000000000000000000000000000000000000000000000000000000000000000000000000000000000000000000000000000000000000000000000000000000000000000000000000DCC3C3C3C3C300000000000000DC000000000000000000000000
310
0000000000000000000000000000000000000000000000000000DCC3C3C3C3C3C30000000000000000DC0000000000000000000000000000000000000000000000000000000000000000000000000000000000000000000000000000000000000000000000000000000000000000000000000000000000000000000000DCC3
310
C3C3C3C3C3C3C3C3C3C3C300DC000000000000000000000000000000000000000000000000000000000000000000000000000000000000000000000000000000000000000000000000000000000000000000000000000000000000000000000000000000000000DCC3C3C3C3C3C3C3C3C3C3C300DC00000000000000000000
310
00000000000000000000000000000000000000000000000000000000DCC3C3C3C3C3C3C3C3C3C3C3C30000DC0000000000000000000000000000000000000000000000000000000000000000000000000000000000000000000000000000000000000000000000000000000000000000000000000000000000000000000000
310
DCC3C3C3C3C3C3C3C3C3C3C3C300DC000000000000000000000000000000000000000000000000000000000000000000000000000000000000000000000000000000000000000000000000000000000000000000000000000000000000000000000000000000000000DCC3C3C3C3C3C3C3C3C3C3C3C3DC0000000000000000
310
000000000000000000000000000000000000000000000000000000000000DCC3C3C3C3C3C3C3C3C3C3C3C30000DC000000000000000000000000000000000000000000000000000000000000000000000000000000000000000000000000000000000000000000000000000000000000000000000000000000000000000000
310
0000DCC3C3C300C3C3C3C3C3C3C3C300DCF5F5C3F5F5C3C3F5C3000000000000000000000000000000000000000000000000000000000000000000000000000000000000000000000000000000000000000000000000000000000000000000000000000000000000000000C3C3C3C3C300C3C3C3C3C3C3C3DC000000000000
310
0000000000000000000000000000000000000000000000000000000000000000DCC3C3C3C3C3C3C3C3C3C3C3C30000DC00000000000000000000000000000000000000000000000000000000000000000000000000000000000000000000000000000000000000000000000000000000000000000000000000000000000000
310
00000000DCDCDCDCDCDCDCDCDCDCDCDCDCDCDC89F5F5F5F5C3F5F5F5DCDCDCDCDCDCDCDCDCDCDCDCDCDCDCDCDCDCDCDCDCDCDCDCDCDCDCDCDCDCDCDCDCDCDCDCDCDCDCDCDCDCDCDCDCDCDCDCDCDCDCDCDCDCDCDCDCDCDCDCDCDCDCDCDCDCDCDCDCDCDCDCDCDCDCDCDCDCDCDCDCDCDCDCDCDCDCDCDCDCDCDCDCDCDCDCDCDCDC
310
DCDCDCDCDCDCDCDCDCDCDCDCDCDCDCDCDCDCDCDCDCDCDCDCDCDCDCDCDCDCDCDCDCDCDCDCDCDCDCDCDCDCDCDCDCDCDCDCDCDCDCDCDCDCDCDCDCDCDCDCDCDCDCDCDCDCDCDCDCDCDCDCDCDCDCDCDCDCDCDCDCDCDCDCDCDCDCDCDCDCDCDCDCDCDCDCDCDCDCDCDCDCDCDCDCDCDC0000000000000000000000000000000000000000
310
000000000000DC00000000000000000000000000DCC3BEC3C3C3C3F5BEC3BEC3C3BEC3BE2DC3C3BEC3C3C3BEC3BE0000000000000000000000000000000000000000000000000000000000000000000000000000000000000000000000000000000000000000000000000000000000DC000000000000000000000000DC0000
310
000000000000000000000000000000000000000000000000000000000000000000000000DC0000000000000000000000000000DC000000000000000000000000000000000000000000000000000000000000000000000000000000000000000000000000000000000000000000000000000000000000000000000000000000
310
0000000000000000DC00000000000000000000000000DCC3F5F5F5F5F50F2DF5F5F5BEF5C3F52DF5F52DF5F5F5F5F5F50000000000000000000000000000000000000000000000000000000000000000000000000000000000000000000000000000000000000000000000000000000000DC000000000000000000000000DC
310
0000000000000000000000000000000000000000000000000000000000000000000000000000DC0000000000000000000000000000DC00000000000000000000000000000000000000000000000000000000000000000000000000000000000000000000000000000000000000000000000000000000000000000000000000
310
00000000000000000000DCC3C3C3C3C3C300000000000000DCBEF5F5F5C3F5BEBEF5BEBEBEF5BEF52DF5C3BEF5F5F5C3F5F50000000000000000000000000000000000000000000000000000000000000000000000000000000000000000000000000000000000000000000000000000000000DCC3C3C3C3C3000000000000
310
00DCBEBEBEBEC3000000000000000000000000000000000000000000000000000000000000000000DCC3C3C3C3C3C30000000000000000DC0000000000000000000000000000000000000000000000000000000000000000000000000000000000000000000000000000000000000000000000000000000000000000000000
310
000000000000000000000000DCC3C3C3C3C3C3C3C3C3C3C3C300DCF5F50FC32DF5F5F5F5F5F5F5F5F5F5BE00C3C3002DC30000C3F500C3F500C3BE00000000000000000000000000000000000000000000000000000000000000000000000000000000000000000000000000000000000000000000C3C3C3C3C3C3C3C3C3C3
310
C3C3C3DCF5F52D2D2D000000000000000000000000000000000000000000000000000000000000000000DCC3C3C3C3C3C3C3C3C3C3C3C30000DC000000000000000000000000000000000000000000000000000000000000000000000000000000000000000000000000000000000000000000000000000000000000000000
310
0000000000000000000000000000DCC3C3C3C3C3C3C3C3C3C3C3C300DCBEF5F5C32DF5F52DF5F52DF5F5F5F5F5BE2DF52DF5F5F52DF5F5F5F5F5F5F5F5F5000000000000000000000000000000000000000000000000000000000000000000000000000000000000000000000000000000000000000000C3C3C3C3C3C3C3C3
310
C3C3C3C3C3DCF5BE2D2D2D00C3F500C300C3BE00C300C3C300C3F5C3C300C3F5C3C300C3F500000000000000DCC3C3C3C3C3C3C3C3C3C3C3C30000BEBEBEBEC3000000000000000000000000000000000000000000000000000000000000000000000000000000000000000000000000000000000000000000000000000000
310
00000000000000000000000000000000DCC3C3C3C3C3C3C3C3C3C3C3C300DCC3F5F5C32DF5F52DF5F52DF5F5F5F5F5C32DF52DF5F5F52DF5F5F5F5F5F5F5F5BE000000000000000000000000000000000000000000000000000000000000000000000000000000000000000000000000000000000000000000C3C3C3C3C3C3
310
C3C3C3C3C3C300DCF5F5F52DF5F5F5F52DF5F5F5F5F5F5F5F52DF5F5C3BEF52DF5F52DF52DF5F52D000000000000DCC3C3C3C3C3C3C3C3C3C3C3C30000BE2DC32DF500000000000000000000000000000000000000000000000000000000000000000000000000000000000000000000000000000000000000000000000000
310
000000000000000000000000000000000000DCDCDCDCDCDCDCDCDCDCDCDCDCDCDCDCDCDCDCDCDCDCDCDCDCDCDCDCDCDCDCDCDCDCDCDCDCDCDCDCDCDCDCDCDCDCDCDCDCDCDCDCDCDCDCDCDCDCDCDCDCDCDCDCDCDCDCDCDCDCDCDCDCDCDCDCDCDCDCDCDCDCDCDCDCDCDCDCDCDCDCDCDCDCDCDCDCDCDCDCDCDCDCDCDCDCDCDCDC
310
DCDCDCDCDCDCDCDCDCDCC3F5F5C3F5C3F5F5C3F5C3F5F5C3F5C3F5F5C3F5C3BEF5C3F5C3C3F5C3F5F52DDCDCDCDCDCDCDCDCDCDCDCDCDCDCDCDCDCDCDCDCDCC3C3C3C3F5DCDCDCDCDCDCDCDCDCDCDCDCDCDCDCDCDCDCDCDCDCDCDCDCDCDCDCDCDCDCDCDCDCDCDCDCDCDCDCDCDCDCDCDCDCDCDCDCDCDCDCDCDC000000000000
310
0000000000000000000000000000000000000000DCC3C3C3C3C3C300000000000000DC0000000000002D2D000000000000BEBE0000000000000000000000000000000000000000000000000000000000000000000000000000000000000000000000000000000000000000000000000000000000000000000000000000DCC3
310
C3C3C3C300000000000000DC0000000000000000000000000000000000000000000000000000000000000000000000000000DCC3C3C3C3C3C30000000000000000DC00000000000000000000000000000000000000000000000000000000000000000000000000000000000000000000000000000000000000000000000000
310
00000000000000000000000000000000000000000000DCC3C3C3C3C3C3C3C3C3C3C3C3C3DCF589BEBEBEC3F5BEBEBEBEC3C3C3BEF5BEBEC3BEBFBEBEBE000000000000000000000000000000000000000000000000000000000000000000000000000000000000000000000000000000000000000000000000000000000000
310
DCC3C3C3C3C3C3C3C3C3C3C3C3DCF5F5BEBEF5C3BEC3F50000000000000000000000000000000000000000000000000000000000DCC3C3C3C3C3C3C3C3C3C3C3C3C300DCBEBEC3BEBE000000000000000000000000000000000000000000000000000000000000000000000000000000000000000000000000000000000000
310
000000000000000000000000000000000000000000000000DCC3C3C3C3C3C3C3C3C3C3C3C300DCF5C3F5F5F5F5F5C3F5F5BEBEF5BEBE89F5F5F5F5BFF5F5C300000000000000000000000000000000000000000000000000000000000000000000000000000000000000000000000000000000000000000000000000000000
310
0000DCC3C3C3C3C3C3C3C3C3C3C3C3DCBEF5F5BEF5F5F5BEC30000000000000000000000000000000000000000000000000000000000DCC3C3C3C3C3C3C3C3C3C3C3C3C300DCF5F5F5F5C300000000000000000000000000000000000000000000000000000000000000000000000000000000000000000000000000000000
310
0000000000000000000000000000000000000000000000000000DC00000000000000000000000000DC0000000000000000000000000000000000000000000000000000000000000000000000000000000000000000000000000000000000000000000000000000000000000000000000000000000000000000000000000000
310
00000000DC000000000000000000000000DC000000000000F500000000000000000000000000000000000000000000000000000000000000DC0000000000000000000000000000DC0000F500000000000000000000000000000000000000000000000000000000000000000000000000000000000000000000000000000000
310
00000000000000000000000000000000000000000000000000000000DCDCDCDCDCDCDCDCDCDCDCDCDCDCDCDCDCDCDCDCDCDCDCDCDCDCDCDCDCDCDCDCDCDCDCDCDCDCDCDCDCDCDCDCDCDCDCDCDCDCDCDCDCDCDCDCDCDCDCDCDCDCDCDCDCDCDCDCDCDCDCDCDCDCDCDCDCDCDCDCDCDCDCDCDCDCDCDCDCDCDCDCDCDCDCDCDCDCDC
310
DCDCDCDCDCDCDCDCDCDCDCDCDCDCDCDCDCDCDCDCDCDCDCDCDCDCDCDCDCDCDCDCDCDCDCDCDCDCDCDCDCDCDCDCDCDCDCDCDCDCDCDCDCDCDCDCDCDCDCDCDCDCDCDCDCDCDCDCDCDCDCDCDCDCDCDCDCDCDCDCDCDCDCDCDCDCDCDCDCDCDCDCDCDCDCDCDCDCDCDCDCDCDCDCDCDCDCDCDCDCDCDCDCDCDCDCDCDCDCDCDCDCDCDCDCDCDC
310
DCDCDCDC000000000000000000000000000000000000000000000000000000000000000000000000000000000000000000000000000000000000000000000000000000000000000000000000000000000000000000000000000000000000000000000000000000000000000000000000000000000000000000000000000000
310
0000000000000000000000000000000000000000000000C3C3C3C3C3C3C3C30000C300C3C3C3C3C3C3C30000000000000000000000000000000000000000000000000000000000000000000000000000C3C3C3C3C3C3C3C3C3C300C3C3C3C3C3C3C3C300000000000000000000000000000000000000000000000000000000
310
000000000000000000000000000000000000000000000000000000000000000000000000000000000000000000000000C3C3C3C3C3C3C3C30000C3C3C3C3C3C3C3C3C3000000000000000000000000000000000000000000000000000000000000000000000000000000000000000000000000000000000000000000000000
310
00000000000000000000000000000000000000000000000000C3C3C3C3C3C3C3C30000C300C3C3C3C3C3C3C30000000000000000000000000000000000000000000000000000000000000000000000000000C3C3C3C3C3C3C3C3C3C300C3C3C3C3C3C3C3C30000000000000000000000000000000000000000000000000000
310
0000000000000000000000000000000000000000000000000000000000000000000000000000000000000000000000000000C3C3C3C3C3C3C3000000C3C3C3C3C3C3C3C3C300000000000000000000000000000000000000000000000000000000000000000000000000000000000000000000000000000000000000000000
310
000000000000000000000000000000000000000000000000000000C3C3C3C3C3C3C3000000C3C3C3C3C3C3C3C3C30000000000000000000000000000000000000000000000000000000000000000000000000000C3C3C3C3C3C3C3C3C3C300C3C3C3C3C3C3C3C3000000000000000000000000000000000000000000000000
310
00000000000000000000000000000000000000000000000000000000000000000000000000000000000000000000000000000000C3C3C3C3C3C3C3000000C3C3C3C3C3C3C3C3C30000000000000000000000000000000000000000000000000000000000000000000000000000000000000000000000000000000000000000
310
0000000000000000000000000000000000000000000000000000000000C3C3C3C3C3C3C30000C3C3C3C3C3C3C3C3C3C30000000000000000000000000000000000000000000000000000000000000000000000000000C3C3C3C300C300C3C3C300C3C3C3C3C3C3C30000000000000000000000000000000000000000000000
310
00000000000000000000000000000000000000000000000000000000000000000000000000000000000000000000000000000000000000000000000000000000000000000000000000000000000000000000000000000000000000000000000000000000000000000000000000000000000000000000000000000000000000
310
00000000000000000000000000000000000000000000000000000000000000000000000000000000000000000000000000000000000000000000000000000000000000000000000000000000000000000000000000000000000000000000000000000000000000000000000000000000000000000000000000000000000000
310
0000000000000000000000000000
  0
XRECORD
  5
461
102
{ACAD_REACTORS
330
3C
102
}
330
3C
100
AcDbXrecord
280
     1
102
MATERIAL
148
0.0
149
0.0
149
0.0
 93
        0
 94
       63
282
     0
 72
     1
 77
     1
171
     1
175
     1
179
     1
273
     0
  0
XRECORD
  5
3D
102
{ACAD_REACTORS
330
3C
102
}
330
3C
100
AcDbXrecord
280
     1
 70
     1
 90
429727718
  1
D62C5603-E3A1-4AEA-B7FB-FE5D8D0755AF
310
504B03040A0000080000CC70623B3DEE336E79000000790000001B0000006175746F6465736B2D64657369676E2D7061636B6167652E786D6C3C3F786D6C2076657273696F6E3D22312E302220656E636F64696E673D227574662D3822203F3E3C666F726D6174733E3C666F726D61743E687474703A2F2F736368656D612E
310
6175746F6465736B2E636F6D2F64657369676E2D7061636B6167652F323030393C2F666F726D61743E3C2F666F726D6174733E504B0304140006080800CC70623BD486FD9CA0000000F4000000130000005B436F6E74656E745F54797065735D2E786D6C7D8EC10E82300C865F65E91D8A1E8C310C0EEA1BF002731658846E
310
D98AC1B77784ABF1D8FE5FBFBF75BBCE937A534CCEB38643598122B6FEE978D0B0485F9C41B54DDD7D022595594E1A469170414C76A4D9A4D207E29CF43ECE46F218070CC6BECC4078ACAA135ACF422C856C0E68EA1BF5669944DDD7BCDE7B1F8E415D77AECB980613C2E4AC91FC167A2B244592486606FC29C8FD7F045B9A
310
EF7053A7E60B504B0304140006080800CC70623B853B8169EB0000007C01000008000000636F72652E786D6C8D90416EC3201045AF62CDB6C206821CC7C244919D9CA01740401C94182C03558F5F9C3852BBEB6A467FFE9B197D7EFC9E1EC5975982F5AE035262288C535E5B377690E21535501C055FBC8FBF6C503839990E
310
5619041F179FE64D52DE45E362569DD7661365082642A11EB9E920A89B99642953CC8E702F67A9EE7234257977194EC9EAE275C4EABCCF5EAD5940D4AC6F0E35A568B8F43562CD7046CD199FD07E60174276A7BE677B5EADB0E0D14EEFFB6A31321A0D82627C4084204C3F096B71DD52F6819B16635EADF63F509AF53FA164
310
5DDCD1EDDD17164090FCC8732078B56691CB33A85CD7DCC40F504B0304140006080800CC70623B55019EA25F0000007C00000007000000636E782E786D6C4DCB3B0E80201045D1AD90E915ED2CF8AC45050C11660C8261F98AB1B07AC9C97D42D718D865D3E909258CFD00CCE24AC6E326A164D74DC0B4128928FF32603847
310
2BA13128B1252AC747C6BAB984FC68F0B87FE8960A5C09FE86CFB69FBA01504B0304140006080800CC70623BDBABAAF470010000D40300000C0000006662782F636F72652E786D6CC553D16E823014FD95A6AF4B694182CC941A83FA05FB810A9511A125A5257EFE2E82712ECEB8A7F100CD39F7F69E734AF9FADC366850B6
310
AF8DCE7018308C942E4C59EB2AC3DE1D498AD15A706B8CFB56869196ADCAF00863C12B6B7C374385D14E6907A836A59A41D9F7CA615434B0C8705F7CAA5606D23BA8E84F41278B93AC54100640439DE0BDB320004D43C63716C7C399D30917DCFBBA9CD9BA8469F5B156168B24CED3F7248AC8769F27244EB73B92EED8862C
310
B7F13E0C179B3C8F979C8ECD82BBBABDAA2BAC924E9558448CBD9330242CFA08E3154B5651FCC6D215639C8EE5774DBE2B5F6CF2B5768B68963BB5F5588420E442FC700B1139D4CB01F450C1E918227C2E09DF070D8140C84E1E9AAB8F1340832A9CB13130A5F1376A908D57309505ECF2A0DF179C4E9D30F5B239B87E3823
310
7A79C6F31DE1A8A5AEC08474B03C7837EAE4938639B44E5932B833D2C6B6B279CDC613877FA26EE21F4A2A4C63EC7F29A2F301D1F9F7A0E37D145F504B0304140006080800CC70623B9C113CC27E0000009D0000000B0000006662782F636E782E786D6C4DCCDF0A83201C86E15B91DFB94BFB330DD428C8FB886521330DA7
310
6397BF1A1DECE883878F57749FCDA1B7892F1BBC047A23808C7F84D9FA55424E0BE6803A256208E9EF06C84F9B91703228B1C690F78B66B34CD9A5439DF5CF0BFBF65E35BCA1B8D6A5C6F540381E886698B5741C695F9503EBA150A2F8958E3DC3EA0B504B0304140006080800CC70623B7DF2F77C2A010000120200003100
310
00006662782F41393633353835312D344632462D344230382D423046372D3739314545314133324237412F636F72652E786D6C8D51DB8EC22014FC15C2939B0D2DB4B45643319AE817EC0F6041255A68B86CFCFC856D4D76DF7CE190393373060EDB3DC707F856CE6B6B7A480A0C81328395DA5C7B18C3057510EC3873D686
310
3F34088C18550F330C39BB3A1BA7051AAC09CA84841A2BD5020AEF55806078A44B0FFD7053A328440C89E1EFC52486BBB8AA8214A99D789CF9E05200300FC927E4FB4D5B375D43103D5527440FB843077C5AA3F5861C8F645F5787F59E95B390B318B55CE45AA638FAA2957BD7248B390B7A7CC51F9C124149C82B8C378810
310
84AB2F42B7B8DD56F413775B8C5999E9FF4471926F8AA236A1AE96B8B3CC434E5839373893369E1FAF30EA395917409EB7F26AF8801C171837A4A6AC9C89E9F9C9B1A58BA30FD6A5EF5DDDCF894B9AD9B6A59C957943A9FCAE2FD5BC4DFE03504B0304140006080800CC70623BAD7543B64E01000033030000300000006662
310
782F41393633353835312D344632462D344230382D423046372D3739314545314133324237412F636E782E786D6CD593CD6EC32010845F0571AD6CE3D48AD20813A9873E410FBD12D82434182C7EAAE6EDBB2424CD25871E7B41D6EC30B3FA84F9E67BB2E40B4234DE8DB46F1925E094D7C6ED479AD3AE5951B2113C789FEE
310
6C943839C1488B4C05DF079FE72A69D8C96C13AAD6B8631503449F83828872B949AC57D26200B826A308D316B4064D6E46FCDA41C05550DC9E483A00797BFD207EFB092A45DE9514C1BBD22178396BD39D891265658C238DEA00936C654E5E433CB65A26D9F6EDB5EBC14EBF49A45CB856E66048291F6939A9A81BB5C89177
310
38143CA680F4AA299D66A042CEB3354A2684DC9D8D178FE0D9B8B41CAAD720F880EE7EF93C0C18769E099ECC04D5A102C8049A8A05632F4DDF376CF1DE0F6BB65C2F8627B65A33C6BB62177CEBBDAD973006829F89F22E814B54F4BC2BE347F8AA8F681390B50FA73F804400B5F542E796F19FF974E7F78DB802FE05E20750
310
4B0304140006080800CC70623BE75B7789680500003C100000340000006662782F41393633353835312D344632462D344230382D423046372D3739314545314133324237412F6F626A656374732E786D6CAD575B8F9B3818FD2B887D06C22499CB8AA1CA655245D5B455A356FB305264C061D8018C6C3393D95FBFC7600890
310
A4CD5EF210B0B1BFEBF98E3F7B1FF6596ABC522E1296DF9BAE3D320D9A872C4AF2F8DE2CE5CEBA358D0FBEC719939D65A691938CDE9B6ADAF4BD98B3B2D05311DD91329583D9D5FC0F438434A7A611A644887B5384CF34233629258BA878B12322891DEFF6B66BD70BFB62634E8AE781D082709A4B588AF91C528CDA28B73F
310
1C998EEF39EABBEFA97FBD6A7C7E9553F9D3D79FE442923C3C523610337627CB87ABE99D359D4CC6D6E4FACAB5E6ABF9D2726FC6A3C5F56271377BB88362213924694B38DD99FE47C48627A1E7D49F5A8BB5E1A74C0A599ED3B0F21F1E56366B89112D681E218F0915D0D6F17AD41FBA2A369DCF6335D62ABBD39779D5DDD1
310
11D4D8DE3CBB96B2E04FB8202E41051754A1AA8E8F76B4C6DFE810B580B1547F4B84911149794252234D024EF8BBE963A95AE27B3D310A9D5C215C7960FAEE415ED75694C6AFB17BCACA5D99A60A9AA65F217B0BFC53292ACB92BF283FAD0D3621576592CB5BED907C2FA8E9DF794E35E97BEA31BED21FEB401ABB94C44839
310
DCACBF0E1C5DA8DA5B2F4DFFD32AD86F543D9E565E7056502E157C00AD2671CD534549AB752FCA9CDA00677A313F04E51B22FF19E57B300579E3C97EB29F682D92935CEC18CF901B7B54FD8C51F362B56FC72FE0B3C1EAE335EDCCBF5AEC39ADB17DC238973F804BA5E6F6BFE7AF1FB32E523BE9F3BD571418E3631DCA4D48
310
5250CF639223210A9446CA30052EDF057BD35F8329C1ECD84552BF0DC8D18BE7BCE23BFE6BD960AB4A7DE79923A103BEBD80F911CBAA2C60DB19B01CF164A5583B772EE6D3FFA56666CBCDA74DC97724A48F9A58967497E489C4D979006FD7A05E227A1EBDD0F737C623387A9C844D3709995625106D157315F8B8392CD4E0
310
A0B9A720C4BE9829CEF37EA1E13111214D53925356365ADA634861B52519DD27A00AEB808EAF0628E6F435519D446F45CF2C9CF5214F0A15B2F6D06B79DA3EE3CBF7F56780D2F4E7EF73A0F5E5B02A38D07DC852C6B7C1FBB6664213E0C39E3EBA7FF4E1AD23EA2829407C85E586727488B751B2DB9502BC7B228A3FD68B6E
310
A65A22397E690AA8D158D7E404EC8CDA235CC3B7D1898680131CEC2CDF2638C65196279577750F15884AEE19F94199155B92B13297978469D4F8D358DF0AEF7631E28DC8F0D9F437D5D39A83B2231A1D52D543813A824EF8D44BCFF2FA6A31BD1E8DAD87F1CCB526B3879935BF59CDADD5C37479BB1CDD4CA7B3556B516589
310
EF352754B706114D9C885EC9131DE6EFEB43D99AFE2391C2F958179413D7CFEF6B1B6DB1E7600F00DE6E5C67454A339A4BA2E0FBA85ED26F045D454F463DBFCE484C2F90F2E5E3666003662ED8F755951A7D1BECD5B30B550B2785C8E7320B7292A4838DDA71BBC863ED7613CAF659337A3354231D4FF4A182A54904C2898C
310
98B28C4AD0CE056CCF332A80986E571EE9DBC305BB5FEB7E509220A58D25CF042D712A806AC0AD0C657FDEF80D2D9CEAA2EE4D1C76F60BFE74219A06527D6F82DF6412526107381E55E353090704D085B52408A8913C4ED159D79BDA71BB4BC506F4831350EB6F975CD22D69BF7AC49B91A2C0A9DDA3D5CA36AD20FC478E37
310
E61844E2352865EBCB61A275A65283CAAA9DD27703B4102F5AF51EF5F573B75CBB5AD38BC845F7A49F82A0966A49C2E3EA5EA0ECD326CD965F1DB402C6FA8B51A4658C5C5E2EC9E214602E55810345408596591009A82E7E7FFACA19EEA299B14A0081A705CB3296EBC14CDF658DCD336EA6D1136881AAEB87B81AB9EE53D5
310
F5EB8BC8362082DA24122F98680A4E7930C01A0079749CEA14382A0783E5EBA5A10F8C098456A03D6A4AEB6BB881E2513747552A5DB22C7EDAF83BD5528081A365F7FF06504B0304140006080000CC70623B000000000000000000000000350000006662782F41393633353835312D344632462D344230382D423046372D37
310
39314545314133324237412F76657274696365732E62696E504B0304140006080800CC70623BF270F1330600000004000000360000006662782F41393633353835312D344632462D344230382D423046372D3739314545314133324237412F747269616E676C65732E62696E636660600000504B0304140006080000CC7062
310
3B000000000000000000000000370000006662782F41393633353835312D344632462D344230382D423046372D3739314545314133324237412F617474726962757465732E62696E504B0304140006080800CC70623B08DA0BD19000000041010000360000006662782F41393633353835312D344632462D344230382D4230
310
46372D3739314545314133324237412F6469726563746F72792E786D6C858F410AC3201045AF22B36F53E9A60B35CBEEBAE80D244E44489C6234F4F835464A48035D0DF398FF9F8AF63D0E6CC63039F212F8F9020C7D47C6792B21C5FE7403D62A1188E2E60C98D7234A5830286103A55745067B9D86B8A3CF9C7F90C11DE6
310
07FB144396D7B6A82D282E9A152AD114D5EF2CB866EEE831B8EEA07A7BB5A8D7D61A2BAAEB7FD5F70921FF497D00504B0304140006080800CC70623BEDD1DC58FD000000A00100003B0000006662782F41393633353835312D344632462D344230382D423046372D3739314545314133324237412F7265736F75726365732F
310
636F72652E786D6C8D504B6E833010BD0A9A6D65B00922041947112427E8052C33A156828DFCA97AFC9A40A576D7CDCCE87D344F8F9FBFE667F689CE6B6B3A6039850C8DB2A336530731DC4903D95970676DF82583CCC8193B5861107C72362E3BA4AC096842428D1D7107A5F7182053CF7474E0D507CE32973124857FE48B
310
540F3961CEF244279DE03EB81420DB9EAC1384436FA353E879B1B182C7A8C75DA3C7F453DF353A1075D537A7BA6464B8F535A99AE14A9A2BBD90E350DD183B5CFABE3AF262350B1EF4FC9351399401471025A527C218A1E53BAB5A5AB765F5469B96525EACF23FA6B88CFF34456DC2A1DCE36E360F82A5202F42F062ED2BAD
310
579969AFDD8A6F504B010214000A0000080000CC70623B3DEE336E79000000790000001B00000000000000000000000000000000006175746F6465736B2D64657369676E2D7061636B6167652E786D6C504B01021400140006080800CC70623BD486FD9CA0000000F40000001300000000000000000000000000B20000005B
310
436F6E74656E745F54797065735D2E786D6C504B01021400140006080800CC70623B853B8169EB0000007C010000080000000000000000000000000083010000636F72652E786D6C504B01021400140006080800CC70623B55019EA25F0000007C000000070000000000000000000000000094020000636E782E786D6C504B
310
01021400140006080800CC70623BDBABAAF470010000D40300000C00000000000000000000000000180300006662782F636F72652E786D6C504B01021400140006080800CC70623B9C113CC27E0000009D0000000B00000000000000000000000000B20400006662782F636E782E786D6C504B01021400140006080800CC70
310
623B7DF2F77C2A010000120200003100000000000000000000000000590500006662782F41393633353835312D344632462D344230382D423046372D3739314545314133324237412F636F72652E786D6C504B01021400140006080800CC70623BAD7543B64E010000330300003000000000000000000000000000D2060000
310
6662782F41393633353835312D344632462D344230382D423046372D3739314545314133324237412F636E782E786D6C504B01021400140006080800CC70623BE75B7789680500003C10000034000000000000000000000000006E0800006662782F41393633353835312D344632462D344230382D423046372D3739314545
310
314133324237412F6F626A656374732E786D6C504B01021400140006080000CC70623B0000000000000000000000003500000000000000000000000000280E00006662782F41393633353835312D344632462D344230382D423046372D3739314545314133324237412F76657274696365732E62696E504B01021400140006
310
080800CC70623BF270F133060000000400000036000000000000000000000000007B0E00006662782F41393633353835312D344632462D344230382D423046372D3739314545314133324237412F747269616E676C65732E62696E504B01021400140006080000CC70623B0000000000000000000000003700000000000000
310
000000000000D50E00006662782F41393633353835312D344632462D344230382D423046372D3739314545314133324237412F617474726962757465732E62696E504B01021400140006080800CC70623B08DA0BD1900000004101000036000000000000000000000000002A0F00006662782F41393633353835312D344632
310
462D344230382D423046372D3739314545314133324237412F6469726563746F72792E786D6C504B01021400140006080800CC70623BEDD1DC58FD000000A00100003B000000000000000000000000000E1000006662782F41393633353835312D344632462D344230382D423046372D3739314545314133324237412F7265
310
736F75726365732F636F72652E786D6C504B0506000000000E000E0080040000641100000000
  0
XRECORD
  5
462
102
{ACAD_REACTORS
330
39
102
}
330
39
100
AcDbXrecord
280
     1
102
MATERIAL
148
0.0
149
0.0
149
0.0
 93
        0
 94
       63
282
     0
 72
     1
 77
     1
171
     1
175
     1
179
     1
273
     0
  0
XRECORD
  5
3A
102
{ACAD_REACTORS
330
39
102
}
330
39
100
AcDbXrecord
280
     1
 70
     1
 90
429727718
  1
30362254-06B7-45E0-A893-8CFA70E3D6BC
310
504B03040A0000080000CC70623B3DEE336E79000000790000001B0000006175746F6465736B2D64657369676E2D7061636B6167652E786D6C3C3F786D6C2076657273696F6E3D22312E302220656E636F64696E673D227574662D3822203F3E3C666F726D6174733E3C666F726D61743E687474703A2F2F736368656D612E
310
6175746F6465736B2E636F6D2F64657369676E2D7061636B6167652F323030393C2F666F726D61743E3C2F666F726D6174733E504B0304140006080800CC70623BD486FD9CA0000000F4000000130000005B436F6E74656E745F54797065735D2E786D6C7D8EC10E82300C865F65E91D8A1E8C310C0EEA1BF002731658846E
310
D98AC1B77784ABF1D8FE5FBFBF75BBCE937A534CCEB38643598122B6FEE978D0B0485F9C41B54DDD7D022595594E1A469170414C76A4D9A4D207E29CF43ECE46F218070CC6BECC4078ACAA135ACF422C856C0E68EA1BF5669944DDD7BCDE7B1F8E415D77AECB980613C2E4AC91FC167A2B244592486606FC29C8FD7F045B9A
310
EF7053A7E60B504B0304140006080800CC70623B1EC5D7A3EB0000007C01000008000000636F72652E786D6C8D90416EC3201045AF82665B6103C6756C6122AB4D4ED00B204C5C94182C03558F5F9C3852BBEB6A467FFE9B197D71FC9E6FE8CBACC17AD7032D0820E3B41FAD9B7A48F1820F808E52ACDEC75F36404ECDA687
310
4D0629A6D5A76597B477D1B89855E747B38B2A041301E95B6E7A08FAD3CCAA50296647B8168BD2573599823EBB0CA76447F43862C7BCCF5EAC59410E4DDD9C7973C2755553CCCFA4C603E3040F1565ED3B1FDE4E432BCA0D9622DAF9795FAF464533826484B498524CD807E51D79ED187F21878E10516EF63F505AC67F42C9
310
BA58B1FDDD071640D2FCC87D2045B96591CB3DA85CB7DCE40F504B0304140006080800CC70623B55019EA25F0000007C00000007000000636E782E786D6C4DCB3B0E80201045D1AD90E915ED2CF8AC45050C11660C8261F98AB1B07AC9C97D42D718D865D3E909258CFD00CCE24AC6E326A164D74DC0B4128928FF32603847
310
2BA13128B1252AC747C6BAB984FC68F0B87FE8960A5C09FE86CFB69FBA01504B0304140006080800CC70623B8C9102E971010000D40300000C0000006662782F636F72652E786D6CC5535B6E833010BC8AE5DF0A6C08340F1947A84D4ED00B38C6A128602363A31CBFCB234A53A551FA553EC09AD9F5CE8C31DB9E9B1AF5CA
310
7695D1198E428A91D2D214952E33ECDD315861B4E5CC1AE3BE9561A445A3323CC098B3D21ADFCE9034DA29ED00D5A6503328BA4E398C640D8B0C77F253352214DE4145770A5B214FA2546114020D759C75CE8200340D19DE981F0F6746269C33EFAB6266AB02A655C74A59CCF365BADC27CB5D902ED22848F6340DF238A141
310
BE88E2F57B92BFEDF23523433367AE6A2EEAA455C2A902F398D2751045018D3FA264435F3771F242571B4A1919CA6F9A7C5B3CD9E42BED16F12C776AEB308F40C848FC700B1139D4891EF410CEC810227CC6846F8386402064270EF5C5C709A05E49676C024C61FC95EA45ED154CA5211D1FF4FB8291A913A68E9B83EBBB33
310
E2A7673CDE118E5AE8124C0807CB8377834E366998436B950D7A7746DAD846D4CFD978E0F04FD455FC5D49D2D4C6FE9722321F10997F0F32DC47FE05504B0304140006080800CC70623BFFEA85907E0000009D0000000B0000006662782F636E782E786D6C4DCCD10A83201886E15B91FFDC95D95A811AB6F23E625948A6C3
310
E9D8E5AF46073BFAE0E1E365ED67B3E8ADC3CB78C7815C7240DA3DFC64DCC221C519D7805AC182F7F1EF06C88D9BE6703008B6049F9E274D7A1E938DBB5AE3D6131B2589BA0D3D965551E0B2EA732C9B9A624AAEB41E3A557677029960D9AFB4EF11165F504B0304140006080800CC70623B4FEEA4082C0100001202000031
310
0000006662782F39464131463745442D413632322D343644302D413938332D3331353338454246344243312F636F72652E786D6C8D515B6EC32010BC0AE2AB55850DD871ED0813254D72825EC00192A2C460F1A872FC42ED48ED5F7E00CDCECCCEB26C731F6FE05B39AFADE921293004CA082BB5B9F43086336A21D870E6AC
310
0D7F68109861543DCC30E4ECE26C9C164858139409093556AA051CBC570102714B8F1E7AF1A5C6A11862480C7F2DA6415C878B2A4891CA89C7990F2E050073937C42DE1DB7E4F87ED8A36D4329AA9B3D46DBAEAD504556557BD81DEBDD0761E52CE42C462D17B996298E3E6BE59E35C962CE821E1FF18553435012728A7187
310
0841987E927A8D9B35ADDF70BBC6989599FE4F1427F9A4286A132ABAC49D651EF234CD5CE04CDA78BA3DC2A8FB645D00B9DF8B57E215725C60BCA2A463E54C4CE327C7A65E1C7DB02E7DEFCBF594B864C5CA6CDBD49C957943E9FA5D5FBAF336F90F504B0304140006080800CC70623BAD7543B64E01000033030000300000
310
006662782F39464131463745442D413632322D343644302D413938332D3331353338454246344243312F636E782E786D6CD593CD6EC32010845F0571AD6CE3D48AD20813A9873E410FBD12D82434182C7EAAE6EDBB2424CD25871E7B41D6EC30B3FA84F9E67BB2E40B4234DE8DB46F1925E094D7C6ED479AD3AE5951B2113C
310
789FEE6C943839C1488B4C05DF079FE72A69D8C96C13AAD6B8631503449F83828872B949AC57D26200B826A308D316B4064D6E46FCDA41C05550DC9E483A00797BFD207EFB092A45DE9514C1BBD22178396BD39D891265658C238DEA00936C654E5E433CB65A26D9F6EDB5EBC14EBF49A45CB856E66048291F6939A9A81BB5
310
C8917738143CA680F4AA299D66A042CEB3354A2684DC9D8D178FE0D9B8B41CAAD720F880EE7EF93C0C18769E099ECC04D5A102C8049A8A05632F4DDF376CF1DE0F6BB65C2F8627B65A33C6BB62177CEBBDAD973006829F89F22E814B54F4BC2BE347F8AA8F681390B50FA73F804400B5F542E796F19FF974E7F78DB802FE05
310
E207504B0304140006080800CC70623B16AB87BA640500003C100000340000006662782F39464131463745442D413632322D343644302D413938332D3331353338454246344243312F6F626A656374732E786D6CAD575B6FA33818FD2B887DE6924B3BED8A326A92B68A663B534DD4D13E548A0C38942D60649B369D5FBFC7
310
600890A493BDE42160637FD7F31D7FF63E6FB3D478A55C242CBF3247B66B1A340F5994E4F19559CA8D75611A9F7D8F33263BCB4C232719BD32D5B4E97B316765A1A722BA21652A07B3B7B33F0D11D29C9A46981221AE4C113ED38CD8A4942CA2E2C58E882476BCD9DA23BB5ED8171B73523C0F841684D35CC252CCE79062D4
310
468DFA43D7747CCF51DF7D4FFDEB5593E3AB9CCA9FBEFE241792E4E19EB28198C968BAB8199F5D5A67D3E9C49A9E8F47D6EC76B6B0469F26EEFC7C3EBFBCBEB98462213924694B38DD98FE1D62C393D073EA4FADC5DAF04326852CCF6958F90F0F2B9BB5C48816348F90C7840A68EB78EDF68723159BCEE7891A6B95DDE9D3
310
BCEAEEE8086A6C6F9E5D4B59F0175C10A7A0820BAA5055C7473B5AE3CFDD452D602CD5DF12616444529E90D448938013FE6EFA58AA96F85E4F8C42275708571E98FE6827AF6B2B4AE3D7D83D64E5A64C53054DD3AF90BD06FEA9149565C94FCA0F6B834DC85599E4F2423B24DF0B6AFA979E534DFA9E7A4CC6FA631D486393
310
921829879BF5D781A373557BCB85E97FB90DB62B558F8795179C15944B051F40AB495CF35451D26A4727654E6D8033BD98EF82F21D91FF8AF2DD9982BCF1643BDD4EB516C9492E368C67C88DED563FC36D5EACF66DFF057C3658BDBFA69DF9578B3DA735B64F18C7F20770A9D45CFCF7FCF563D6456A277DBEF78A02637CA2
310
43B90A490AEAB94F72244481D24819A6C0E59B606BFA4B3025981DBB48EAB701D97BF19C577CC77F2D1B6C55A9EF3C732474C0B727303F625995056C3B02963D9EAC146BE78EC5FCEC7FA999EBC5EACBAAE41B12D27B4D2C0BBA49F244E2ECDC81B76B502F113D8F5EE8FB1BE3111CDD4FC2AA9B844CAB1288B68AB90A7CDC
310
1C166AB0D3DC5310625FCC14E779BFD0709F8890A629C9292B1B2DED31A4B0DA928CEE135085754027E3018A397D4D5427D15BD1330B677DC8934285AC3DF45A9EB68FF8F2B8FC0A509AFEECFD0FF2DE25CC6047F7214B195F07EFEB9A094D800F7BFAE8FED187B78EA8A3A400F115961BCAD1215E47C966530AF0EE8128FE
310
58CEBB996A8964FFA529A046635D9353B0336A8F700DDF46271A024E70B0B37C9DE01847591E54DED53D54202AB947E4076556AC49C6CA5C9E1226B7F1A7B1BE15DEED62C41B91E1B3E9AFAAA735036547343A925075041DF0A9979E893B391F8FCFA6967B3EFB644DCF6E5CEBFAE272625DCC6FAF3FB93793C5F90CE1EF57
310
407342756B10D1C489E8953CD1617E5CEECAD6F4EF8914CE5D5D504E5C3F1F9736DA62CFC11E00BCDDB8CC8A9466349744C1F75EBDA4DF09BA8A9E8C7A7E9991989E20E5DBDD6A6003664ED8F7A04A8DBE0DF6EAD9B9AA858342E47399053949D2C146EDB85DE4B176BB0965FBAC19BD19AA918E27FA50C1D22402E144464C
310
59462568E704B6E71915404CB72B8FF4EDE184DDAF753F284990D2C6926782963815403548A70C657FDEF80D2D9CEAA2AE4C1C76F60BFE74219A06527D6582DF6412526107381E55E353090704D085B52408D0933C4ED159D79BDA71BB4BC506F4831350EB6F979CD22D69BF7AC49B91A2C0A9DDA3D5CA36AD20FC478E37E6
310
1844E2352865EBCB6EA275A652E3836BE04EFB400BF1A2556F515F1FBB35B2AB35BD889C744FFA1004B5544B121E57F70215746DD2F5E2C1412B602CBF19455AC6C8E5E9922C4E01E65215385004546899059180EAFCF7A707CE7017CD8CDB0410789AB32C63B91E5CEBBBACB17AC6CD347A022D5075FD106377347AAABA7E
310
7D11590744509B44E205134DC1290F06580320F78E537D3D73540E06CB970B431F185308AD40BBD794D6D77003C5A36E8EAA54BA64597CD8F83BD552A080A365F7FF06504B0304140006080000CC70623B000000000000000000000000350000006662782F39464131463745442D413632322D343644302D413938332D3331
310
353338454246344243312F76657274696365732E62696E504B0304140006080800CC70623BF270F1330600000004000000360000006662782F39464131463745442D413632322D343644302D413938332D3331353338454246344243312F747269616E676C65732E62696E636660600000504B0304140006080000CC70623B
310
000000000000000000000000370000006662782F39464131463745442D413632322D343644302D413938332D3331353338454246344243312F617474726962757465732E62696E504B0304140006080800CC70623B08DA0BD19000000041010000360000006662782F39464131463745442D413632322D343644302D413938
310
332D3331353338454246344243312F6469726563746F72792E786D6C858F410AC3201045AF22B36F53E9A60B35CBEEBAE80D244E44489C6234F4F835464A48035D0DF398FF9F8AF63D0E6CC63039F212F8F9020C7D47C6792B21C5FE7403D62A1188E2E60C98D7234A5830286103A55745067B9D86B8A3CF9C7F90C11DE607
310
FB144396D7B6A82D282E9A152AD114D5EF2CB866EEE831B8EEA07A7BB5A8D7D61A2BAAEB7FD5F70921FF497D00504B0304140006080800CC70623B0D6EF93BFE000000A00100003B0000006662782F39464131463745442D413632322D343644302D413938332D3331353338454246344243312F7265736F75726365732F63
310
6F72652E786D6C8D50596E833010BD0A9ADFCA60B334011947A8694ED00B586642AC041B79A97AFC9A40A5F6AF3F33A3B7689E1E3F7DCD8FEC139DD7D6F4C0720A191A65476DA61E62B892236427C19DB5E1970C322367EC618541F0C9D9B8EC90B226A009093576C41D94DE63804C3DD2D18357379C652E63480A7FCF17A9
310
EE72C29CE5894E3AC17D702940B63D59270887DE46A7D0F36263058F518FBB468FE9A7BE6A7420864373B8D4873369AA8691FA421B3294352543C5CAF65C0F6FEF43CB8BD52C78D0F34F46E550061C419494B6843142CB0F5677F4B52BEB177AEC28E5C52AFF638ACBF84F53D42654E51E77B379102C05791282176B5F693D
310
CB4C7BED567C03504B010214000A0000080000CC70623B3DEE336E79000000790000001B00000000000000000000000000000000006175746F6465736B2D64657369676E2D7061636B6167652E786D6C504B01021400140006080800CC70623BD486FD9CA0000000F40000001300000000000000000000000000B20000005B
310
436F6E74656E745F54797065735D2E786D6C504B01021400140006080800CC70623B1EC5D7A3EB0000007C010000080000000000000000000000000083010000636F72652E786D6C504B01021400140006080800CC70623B55019EA25F0000007C000000070000000000000000000000000094020000636E782E786D6C504B
310
01021400140006080800CC70623B8C9102E971010000D40300000C00000000000000000000000000180300006662782F636F72652E786D6C504B01021400140006080800CC70623BFFEA85907E0000009D0000000B00000000000000000000000000B30400006662782F636E782E786D6C504B01021400140006080800CC70
310
623B4FEEA4082C0100001202000031000000000000000000000000005A0500006662782F39464131463745442D413632322D343644302D413938332D3331353338454246344243312F636F72652E786D6C504B01021400140006080800CC70623BAD7543B64E010000330300003000000000000000000000000000D5060000
310
6662782F39464131463745442D413632322D343644302D413938332D3331353338454246344243312F636E782E786D6C504B01021400140006080800CC70623B16AB87BA640500003C1000003400000000000000000000000000710800006662782F39464131463745442D413632322D343644302D413938332D3331353338
310
454246344243312F6F626A656374732E786D6C504B01021400140006080000CC70623B0000000000000000000000003500000000000000000000000000270E00006662782F39464131463745442D413632322D343644302D413938332D3331353338454246344243312F76657274696365732E62696E504B01021400140006
310
080800CC70623BF270F133060000000400000036000000000000000000000000007A0E00006662782F39464131463745442D413632322D343644302D413938332D3331353338454246344243312F747269616E676C65732E62696E504B01021400140006080000CC70623B0000000000000000000000003700000000000000
310
000000000000D40E00006662782F39464131463745442D413632322D343644302D413938332D3331353338454246344243312F617474726962757465732E62696E504B01021400140006080800CC70623B08DA0BD190000000410100003600000000000000000000000000290F00006662782F39464131463745442D413632
310
322D343644302D413938332D3331353338454246344243312F6469726563746F72792E786D6C504B01021400140006080800CC70623B0D6EF93BFE000000A00100003B000000000000000000000000000D1000006662782F39464131463745442D413632322D343644302D413938332D3331353338454246344243312F7265
310
736F75726365732F636F72652E786D6C504B0506000000000E000E0080040000641100000000
  0
XRECORD
  5
463
102
{ACAD_REACTORS
330
D
102
}
330
D
100
AcDbXrecord
280
     1
102
MATERIAL
148
0.0
149
0.0
149
0.0
 93
        0
 94
       63
282
     0
 72
     1
 77
     1
171
     1
175
     1
179
     1
273
     0
  0
XRECORD
  5
10
102
{ACAD_REACTORS
330
D
102
}
330
D
100
AcDbXrecord
280
     1
 70
     0
 90
1673772943
  1
ECE7A1D2-D628-4531-984C-D00F80459256
310
504B03040A0000080000CC70623B3DEE336E79000000790000001B0000006175746F6465736B2D64657369676E2D7061636B6167652E786D6C3C3F786D6C2076657273696F6E3D22312E302220656E636F64696E673D227574662D3822203F3E3C666F726D6174733E3C666F726D61743E687474703A2F2F736368656D612E
310
6175746F6465736B2E636F6D2F64657369676E2D7061636B6167652F323030393C2F666F726D61743E3C2F666F726D6174733E504B0304140006080800CC70623BD486FD9CA0000000F4000000130000005B436F6E74656E745F54797065735D2E786D6C7D8EC10E82300C865F65E91D8A1E8C310C0EEA1BF002731658846E
310
D98AC1B77784ABF1D8FE5FBFBF75BBCE937A534CCEB38643598122B6FEE978D0B0485F9C41B54DDD7D022595594E1A469170414C76A4D9A4D207E29CF43ECE46F218070CC6BECC4078ACAA135ACF422C856C0E68EA1BF5669944DDD7BCDE7B1F8E415D77AECB980613C2E4AC91FC167A2B244592486606FC29C8FD7F045B9A
310
EF7053A7E60B504B0304140006080800CC70623BD9DDAED0EC0000007C01000008000000636F72652E786D6C8D90416EC3201045AF82665B61836D9CD8C2444DD39CA01740405C94182C03558F5F9C3852BBEB6A467FFE9B197D7EF89E6EE8CB2CC17A37002D0820E394D7D68D03A478C17B4007C117EFE32F1B20272733C0
310
2A83E0E3E2D3BC49CABB685CCCAAF3DA6CA20CC14440EA969B0182FA34932C648AD911AEC52CD5558EA6A0CF2EC329598D1E47ACCEFBECC59A050463A7EA5833865FEBDD0E37353BE3EE8DBDE3F6786A48D375FBF6CC78B9C282473B3DEFABC5C86834888A900E538A49F5419B9EB47DD5BC907D4F082F57FB1F28CDFA9F50
310
B22ED6D5F6EE030B20687EE43E10BC5CB3C8E51E54AE6B6EE207504B0304140006080800CC70623B55019EA25F0000007C00000007000000636E782E786D6C4DCB3B0E80201045D1AD90E915ED2CF8AC45050C11660C8261F98AB1B07AC9C97D42D718D865D3E909258CFD00CCE24AC6E326A164D74DC0B4128928FF326038
310
472BA13128B1252AC747C6BAB984FC68F0B87FE8960A5C09FE86CFB69FBA01504B0304140006080800CC70623BA24EB22D72010000D40300000C0000006662782F636F72652E786D6CC5535B6E833010BC8AE5DF0A6C5E49888CA3A6694ED00B38E05014B091B1518EDFE511A5A9D228FD2A1F60CDEC7A67C6986DCE4D8D7A
310
69BA4AAB0C073EC548AA5C17952A33ECECD15B61B4E1CC686DBF9561A44423333CC098B3D268D7CE50AE9595CA02AA74216750749DB418E5352C32DCE59FB211BE70162ABA93DF8AFC244AE9073ED050C759670D0840D390E18DF9F1706664C23973AE2A66B62A605A75ACA4C13C4976E1364A12EF355A2EBD384AF65EFA96
310
BC7B8BED2EA6719AAE16FB8491A199335B351775B991C2CA02F390D2D40B028F861F41BCA68B7518BFD0D59A524686F29B26D7164F36B94AD9289CE54E6D1DE6010819891F6E21228B3AD1831EC219194284CF98F06DD01008846CC5A1BEF83801D4CBDC6A1303536877A57A513B0953A94FC707FDBE6064EA84A9E3E6E0FA
310
EE8CF0E9198F7784A316AA0413C2C2F2E0ECA0934D1AE6D05A69BCDE9E91D2A611F573361E38FC1375157F5752AE6B6DFE4B11990F88CCBF0719EE23FF02504B0304140006080800CC70623B408A7D3B7C0000009D0000000B0000006662782F636E782E786D6C4DCCD10A83201886E15B91FFDC552A92A0064DBC8F581632
310
D3703A76F9ABD1C18E3E78F878E5F0D9027ABBFCF2292AE86E2D20171F69F6715550CB827B40839639A5F2770314A7CD293819B45C73AAFB45B35BA61ACAA1C1C7E7855C58C15BC331339661262CC762340413D68D77DA5B42298546CBE6573AF60CEB2F504B0304140006080800CC70623B449FB9BD290100001202000031
310
0000006662782F36394639363044362D344446342D343946362D394244322D3234314243333846323333332F636F72652E786D6C8D515B6EC32010BC0AE22B55850D98B871848994463E412FE002495162B07854397EA176A4F62F3F2C9A9D991D587EB84F37F0AD7D30CEF6905418026DA553C65E7A98E219ED203808EE9D
310
8B7F6810D871D23D2C3014FCE25D9A57483A1BB58D19B54EE9151C43D0110279CB971E06F9A5A7B11A53CC8C70ADE6515EC78BAE4895DB992778883E0700CB907242D17643D7E2538BD869608875438BBAE38922CAC8F1BDD90DB4691A5E2F42C153326A951B95E398B3D1FE599322163C9AE9115F7A3D46ADA0A018778810
310
84E907617BDCEE297BC5BB3DC6BC2EF47FA234AB2745C9D8D8D035EE220B50105E2F0DC1954B9FB747187D9F9D8FA0CCDB042D5FA0C015C65B42DF78BD10F3F3B363CB56C7109DCFDFBBB97E662ED92EB62D13BC2E1BCAE5777DB9966D8A1F504B0304140006080800CC70623BAD7543B64E01000033030000300000006662
310
782F36394639363044362D344446342D343946362D394244322D3234314243333846323333332F636E782E786D6CD593CD6EC32010845F0571AD6CE3D48AD20813A9873E410FBD12D82434182C7EAAE6EDBB2424CD25871E7B41D6EC30B3FA84F9E67BB2E40B4234DE8DB46F1925E094D7C6ED479AD3AE5951B2113C789FEE
310
6C943839C1488B4C05DF079FE72A69D8C96C13AAD6B8631503449F83828872B949AC57D26200B826A308D316B4064D6E46FCDA41C05550DC9E483A00797BFD207EFB092A45DE9514C1BBD22178396BD39D891265658C238DEA00936C654E5E433CB65A26D9F6EDB5EBC14EBF49A45CB856E66048291F6939A9A81BB5C89177
310
38143CA680F4AA299D66A042CEB3354A2684DC9D8D178FE0D9B8B41CAAD720F880EE7EF93C0C18769E099ECC04D5A102C8049A8A05632F4DDF376CF1DE0F6BB65C2F8627B65A33C6BB62177CEBBDAD973006829F89F22E814B54F4BC2BE347F8AA8F681390B50FA73F804400B5F542E796F19FF974E7F78DB802FE05E20750
310
4B0304140006080800CC70623B8D05915C650500003B100000340000006662782F36394639363044362D344446342D343946362D394244322D3234314243333846323333332F6F626A656374732E786D6CAD575B6FA33814FE2B887D06429276DA1565D4266D158D3A339A6846FB502932E050B66023DB74D2FDF5FB190C01
310
9276B2973C046C8ECFF53B17071F77456EBD502133CEAE6CDF9DD81665314F32965ED995DA3A17B6F5310C04E7AA47665B8C14F4CAD6DB7618A48257A5D94AE89654B91AEDDEDDFC61C998326A5B714EA4BCB265FC440BE2924AF184CA6737218AB8E976E7FA6E4338649B0A523E8D98964450A6A029F619B8588D52FE7039
310
B1BD30F0F4F730D0FF866AF6369557DB33949F31A9088B0F848DD8CCFCF9F2767A76E99CCDE733677E3EF59D9BBB9BA5E37F984D16E78BC5E5F5ED25044B25C0C96822E8D60EEFE11B91C581D77CEA34368A1F5329E68CD1B8B61F16D63A1B8E092D294B10C78C4A48EB593D192E7DED9BDEE7995E1B91FDEDD3ACEA9FE831
310
6A756F9F7D4D79F4274C90A7A04248AA51D5F8C718DAE06FB2F75AC4796EBE65D22A88A22223B995679120E2D50E41AA49C260C046A35368846B0BECD0DFF3EBEB8AD4F835768F69B9ADF25C43D30E6B646F807FAA64AD59F61715C7A54127C4AACA98BA3006A9D792DAE165E0D59B61A01FB3A9F9D838D2DAE62445C86166
310
F37564E842E7DE6A69879FEEA2DD5AE7E371E1A5E025154AC307D06A03D73EB5978C58FFA4C8E9033066E0F3BD53BEC1F39F91BE7B55103791EDE6BBB991A2046172CB4581D8B893FA674DDA17A77B3B7C413D1B511FD2743BFF8A38F03A658705E3ADF8015C3A3417FF3D7E439FF591DA0B5F18BC20C1B8981957AE6392A3
310
F43C640C01D1A0B4728E2DD4F26DB4B3C3152A252A3B4E913CEC1C72F012782FF88EFF8637AA552DBEF76408E8A8DE9E50F9E1CB3A2DA0DB1B6039A893B56063DC5B3E3FFB5F72E67AB9FEB4AEC496C4F4C1149625DD662C53E89D7BF0F6151A046260D1337DFDC94502430F83B0EE07A130A224BCAD7DAE1D9FB6CD422FF6
310
920702629C4BB9AE79C12F243C6432A6794E18E5552BA56B431AAB5D91317302B2B071E86C3A42B1A02F999E24061403B5D0EB639195DA655DD3EBEAB4FB862DDF579F014AD0E73C22F99E28DA57FB98E75C6CA2D74D53086D600F4786E0FE3144B771A8A7B900F03594DB8A633CBC49B2EDB69228BB479CF863B5E807AAAB
310
23872F6DFEB4129B949CA33823F58830E86D65621E10047D9DB34D862E8EAC3C2ABC2F7B2C40D67CDFE01F5545B92105AF983AC54D93D69E56FB8E797F88913F898A9FEC705D3F9D1B54EC8426FB500D40A03BD0119B06E1B95DDC7EB8F6975367793EBD70E66733DFB9BC982F9CE564727731999F5D4ECFCE3B8D6A4DC2A0
310
6D50FD148437D110834A64C6CDDF57FBACB5C307A2A477DFE4939736CFEF2B175371E0E10CF0DD1D5C15654E0BCA14D1E87DD02FF93782A162C0A3D95F1524A52770F972BF1EE9809D13CE7DD599467F8ECE9ADD85CE85A34CD45355448C64F9E8A031DC2D596ACC6E5DD93D9B82DE2EF5CAF81363A8E47996A0DE24564A79
310
4115AACE09C55E14540231FDA13C319787134EBF34E3A022514E5B4D9E0826E25C02D5805B15ABE1BEF51B26383D445DD9E875EE33FE4C22DA16427D65A3BCA92CA6D28DD01DF5DC53330704308475351050232CCD31583787BA75774AFB06E5070DD0C8EF484E19968C5D83BA5B90B244D31E54D55A372320FE4786B7EA58
310
44E135AA5467CB7EA333A61683CC6A8C3257034C10CF46F40EF9F5BE59BE5BD30C3C72D235E95D10345C1D45445A5F0BB47E46A5EBE5570F9380B5FA629579952296A773720405982B9DE04011506178964401AA8BDF1FBF0A8EAB6861DD6580C0E38217056766716DAEB2D6FA0917D3E4116581EADB879C4E7CFFB11EFACD
310
3D641311495D92C8676CB409A72D18610D803CE8A626049E8EC1887CB5B44CC39883690DDA8399B4B9855B481E7D71D4A9D22F96E5BB73BF5793020C02137BF837504B0304140006080000CC70623B000000000000000000000000350000006662782F36394639363044362D344446342D343946362D394244322D32343142
310
43333846323333332F76657274696365732E62696E504B0304140006080800CC70623BF270F1330600000004000000360000006662782F36394639363044362D344446342D343946362D394244322D3234314243333846323333332F747269616E676C65732E62696E636660600000504B0304140006080000CC70623B0000
310
00000000000000000000370000006662782F36394639363044362D344446342D343946362D394244322D3234314243333846323333332F617474726962757465732E62696E504B0304140006080800CC70623B08DA0BD19000000041010000360000006662782F36394639363044362D344446342D343946362D394244322D
310
3234314243333846323333332F6469726563746F72792E786D6C858F410AC3201045AF22B36F53E9A60B35CBEEBAE80D244E44489C6234F4F835464A48035D0DF398FF9F8AF63D0E6CC63039F212F8F9020C7D47C6792B21C5FE7403D62A1188E2E60C98D7234A5830286103A55745067B9D86B8A3CF9C7F90C11DE607FB14
310
4396D7B6A82D282E9A152AD114D5EF2CB866EEE831B8EEA07A7BB5A8D7D61A2BAAEB7FD5F70921FF497D00504B0304140006080800CC70623BCA768048FE000000A00100003B0000006662782F36394639363044362D344446342D343946362D394244322D3234314243333846323333332F7265736F75726365732F636F72
310
652E786D6C8D50596E833010BD0A9ADFCA60D600328E9AA639412F609909B1126CE4A5EAF16B0295DABFFECC8CDEA2797AECF8353F924FB44E193D409E5248504B332A3D0D10FC95B4901C39B3C6F85F3248B49871801506CE266BC2B243D2688FDA47549B11775038871E12F988C7004EDE7016A9083E2ADC3D5D84BC8B09
310
D33C8D74D471E6BC8D0192EDC93A815B742658898E651BCB59086ADC356A8C3FD555A1055ED7E7E254D615792D0F075295F585746FF53B694EE78A565DD736979A65AB9933AFE69F8CD2A2F038022F28ED489E135A7CE4554F9BBEA85E68DB53CAB255FEC71496F19FA6A0B42F8B3DEE6673C0F318E4497096AD7DC5F52C33
310
EEB55BFE0D504B010214000A0000080000CC70623B3DEE336E79000000790000001B00000000000000000000000000000000006175746F6465736B2D64657369676E2D7061636B6167652E786D6C504B01021400140006080800CC70623BD486FD9CA0000000F40000001300000000000000000000000000B20000005B436F
310
6E74656E745F54797065735D2E786D6C504B01021400140006080800CC70623BD9DDAED0EC0000007C010000080000000000000000000000000083010000636F72652E786D6C504B01021400140006080800CC70623B55019EA25F0000007C000000070000000000000000000000000095020000636E782E786D6C504B0102
310
1400140006080800CC70623BA24EB22D72010000D40300000C00000000000000000000000000190300006662782F636F72652E786D6C504B01021400140006080800CC70623B408A7D3B7C0000009D0000000B00000000000000000000000000B50400006662782F636E782E786D6C504B01021400140006080800CC70623B
310
449FB9BD290100001202000031000000000000000000000000005A0500006662782F36394639363044362D344446342D343946362D394244322D3234314243333846323333332F636F72652E786D6C504B01021400140006080800CC70623BAD7543B64E010000330300003000000000000000000000000000D20600006662
310
782F36394639363044362D344446342D343946362D394244322D3234314243333846323333332F636E782E786D6C504B01021400140006080800CC70623B8D05915C650500003B10000034000000000000000000000000006E0800006662782F36394639363044362D344446342D343946362D394244322D32343142433338
310
46323333332F6F626A656374732E786D6C504B01021400140006080000CC70623B0000000000000000000000003500000000000000000000000000250E00006662782F36394639363044362D344446342D343946362D394244322D3234314243333846323333332F76657274696365732E62696E504B010214001400060808
310
00CC70623BF270F13306000000040000003600000000000000000000000000780E00006662782F36394639363044362D344446342D343946362D394244322D3234314243333846323333332F747269616E676C65732E62696E504B01021400140006080000CC70623B00000000000000000000000037000000000000000000
310
00000000D20E00006662782F36394639363044362D344446342D343946362D394244322D3234314243333846323333332F617474726962757465732E62696E504B01021400140006080800CC70623B08DA0BD190000000410100003600000000000000000000000000270F00006662782F36394639363044362D344446342D
310
343946362D394244322D3234314243333846323333332F6469726563746F72792E786D6C504B01021400140006080800CC70623BCA768048FE000000A00100003B000000000000000000000000000B1000006662782F36394639363044362D344446342D343946362D394244322D3234314243333846323333332F7265736F
310
75726365732F636F72652E786D6C504B0506000000000E000E0080040000621100000000
  0
XRECORD
  5
466
102
{ACAD_REACTORS
330
465
102
}
330
465
100
AcDbXrecord
280
     1
102
ACAD_ROUNDTRIP_2010_MLEADER_STYLE
  0
CELLSTYLEMAP
  5
469
102
{ACAD_REACTORS
330
467
102
}
330
467
100
AcDbCellStyleMap
 90
        3
300
CELLSTYLE
  1
TABLEFORMAT_BEGIN
 90
        5
170
     1
 91
        0
 92
    32768
 62
   257
 93
        1
300
CONTENTFORMAT
  1
CONTENTFORMAT_BEGIN
 90
        0
 91
        0
 92
      512
 93
        0
300

 40
0.0
140
1.0
 94
        5
 62
     0
340
22
144
6.0
309
CONTENTFORMAT_END
171
     1
301
MARGIN
  1
CELLMARGIN_BEGIN
 40
1.5
 40
1.5
 40
1.5
 40
1.5
 40
4.5
 40
4.5
309
CELLMARGIN_END
 94
        6
 95
        1
302
GRIDFORMAT
  1
GRIDFORMAT_BEGIN
 90
        0
 91
        1
 62
     0
 92
       -2
340
25
 93
        0
 40
1.125
309
GRIDFORMAT_END
 95
        2
302
GRIDFORMAT
  1
GRIDFORMAT_BEGIN
 90
        0
 91
        1
 62
     0
 92
       -2
340
25
 93
        0
 40
1.125
309
GRIDFORMAT_END
 95
        4
302
GRIDFORMAT
  1
GRIDFORMAT_BEGIN
 90
        0
 91
        1
 62
     0
 92
       -2
340
25
 93
        0
 40
1.125
309
GRIDFORMAT_END
 95
        8
302
GRIDFORMAT
  1
GRIDFORMAT_BEGIN
 90
        0
 91
        1
 62
     0
 92
       -2
340
25
 93
        0
 40
1.125
309
GRIDFORMAT_END
 95
       16
302
GRIDFORMAT
  1
GRIDFORMAT_BEGIN
 90
        0
 91
        1
 62
     0
 92
       -2
340
25
 93
        0
 40
1.125
309
GRIDFORMAT_END
 95
       32
302
GRIDFORMAT
  1
GRIDFORMAT_BEGIN
 90
        0
 91
        1
 62
     0
 92
       -2
340
25
 93
        0
 40
1.125
309
GRIDFORMAT_END
309
TABLEFORMAT_END
  1
CELLSTYLE_BEGIN
 90
        1
 91
        1
300
_TITLE
309
CELLSTYLE_END
300
CELLSTYLE
  1
TABLEFORMAT_BEGIN
 90
        5
170
     1
 91
        0
 92
        0
 62
   257
 93
        1
300
CONTENTFORMAT
  1
CONTENTFORMAT_BEGIN
 90
        0
 91
        0
 92
      512
 93
        0
300

 40
0.0
140
1.0
 94
        5
 62
     0
340
22
144
4.5
309
CONTENTFORMAT_END
171
     1
301
MARGIN
  1
CELLMARGIN_BEGIN
 40
1.5
 40
1.5
 40
1.5
 40
1.5
 40
4.5
 40
4.5
309
CELLMARGIN_END
 94
        6
 95
        1
302
GRIDFORMAT
  1
GRIDFORMAT_BEGIN
 90
        0
 91
        1
 62
     0
 92
       -2
340
25
 93
        0
 40
1.125
309
GRIDFORMAT_END
 95
        2
302
GRIDFORMAT
  1
GRIDFORMAT_BEGIN
 90
        0
 91
        1
 62
     0
 92
       -2
340
25
 93
        0
 40
1.125
309
GRIDFORMAT_END
 95
        4
302
GRIDFORMAT
  1
GRIDFORMAT_BEGIN
 90
        0
 91
        1
 62
     0
 92
       -2
340
25
 93
        0
 40
1.125
309
GRIDFORMAT_END
 95
        8
302
GRIDFORMAT
  1
GRIDFORMAT_BEGIN
 90
        0
 91
        1
 62
     0
 92
       -2
340
25
 93
        0
 40
1.125
309
GRIDFORMAT_END
 95
       16
302
GRIDFORMAT
  1
GRIDFORMAT_BEGIN
 90
        0
 91
        1
 62
     0
 92
       -2
340
25
 93
        0
 40
1.125
309
GRIDFORMAT_END
 95
       32
302
GRIDFORMAT
  1
GRIDFORMAT_BEGIN
 90
        0
 91
        1
 62
     0
 92
       -2
340
25
 93
        0
 40
1.125
309
GRIDFORMAT_END
309
TABLEFORMAT_END
  1
CELLSTYLE_BEGIN
 90
        2
 91
        1
300
_HEADER
309
CELLSTYLE_END
300
CELLSTYLE
  1
TABLEFORMAT_BEGIN
 90
        5
170
     1
 91
        0
 92
        0
 62
   257
 93
        1
300
CONTENTFORMAT
  1
CONTENTFORMAT_BEGIN
 90
        0
 91
        0
 92
      512
 93
        0
300

 40
0.0
140
1.0
 94
        2
 62
     0
340
22
144
4.5
309
CONTENTFORMAT_END
171
     1
301
MARGIN
  1
CELLMARGIN_BEGIN
 40
1.5
 40
1.5
 40
1.5
 40
1.5
 40
4.5
 40
4.5
309
CELLMARGIN_END
 94
        6
 95
        1
302
GRIDFORMAT
  1
GRIDFORMAT_BEGIN
 90
        0
 91
        1
 62
     0
 92
       -2
340
25
 93
        0
 40
1.125
309
GRIDFORMAT_END
 95
        2
302
GRIDFORMAT
  1
GRIDFORMAT_BEGIN
 90
        0
 91
        1
 62
     0
 92
       -2
340
25
 93
        0
 40
1.125
309
GRIDFORMAT_END
 95
        4
302
GRIDFORMAT
  1
GRIDFORMAT_BEGIN
 90
        0
 91
        1
 62
     0
 92
       -2
340
25
 93
        0
 40
1.125
309
GRIDFORMAT_END
 95
        8
302
GRIDFORMAT
  1
GRIDFORMAT_BEGIN
 90
        0
 91
        1
 62
     0
 92
       -2
340
25
 93
        0
 40
1.125
309
GRIDFORMAT_END
 95
       16
302
GRIDFORMAT
  1
GRIDFORMAT_BEGIN
 90
        0
 91
        1
 62
     0
 92
       -2
340
25
 93
        0
 40
1.125
309
GRIDFORMAT_END
 95
       32
302
GRIDFORMAT
  1
GRIDFORMAT_BEGIN
 90
        0
 91
        1
 62
     0
 92
       -2
340
25
 93
        0
 40
1.125
309
GRIDFORMAT_END
309
TABLEFORMAT_END
  1
CELLSTYLE_BEGIN
 90
        3
 91
        2
300
_DATA
309
CELLSTYLE_END
  0
XRECORD
  5
468
102
{ACAD_REACTORS
330
467
102
}
330
467
100
AcDbXrecord
280
     1
102
ACAD_ROUNDTRIP_PRE2007_TABLESTYLE
 90
      512
 91
        0
  1

 92
      512
 93
        0
  2

 94
      512
 95
        0
  3

  0
XRECORD
  5
46B
102
{ACAD_REACTORS
330
46A
102
}
330
46A
100
AcDbXrecord
280
     1
102
RTVSPropertyOp0
 70
     1
102
RTVSPropertyOp1
 70
     1
102
RTVSPropertyOp2
 70
     1
102
RTVSPropertyOp3
 70
     1
102
RTVSPropertyOp4
 70
     1
102
RTVSPropertyOp5
 70
     1
102
RTVSPropertyOp6
 70
     1
102
RTVSPropertyOp7
 70
     1
102
RTVSPropertyOp8
 70
     1
102
RTVSPropertyOp9
 70
     1
102
RTVSPropertyOp10
 70
     1
102
RTVSPropertyOp11
 70
     1
102
RTVSPropertyOp12
 70
     1
102
RTVSPropertyOp13
 70
     1
102
RTVSPropertyOp14
 70
     1
102
RTVSPropertyOp15
 70
     1
102
RTVSPropertyOp16
 70
     1
102
RTVSPropertyOp17
 70
     1
102
RTVSPropertyOp18
 70
     1
102
RTVSPropertyOp19
 70
     1
102
RTVSPropertyOp20
 70
     1
102
RTVSPropertyOp21
 70
     1
102
RTVSPropertyOp22
 70
     1
102
RTVSPropertyOp23
 70
     1
102
RTVSPropertyOp24
 70
     1
102
RTVSPropertyOp25
 70
     1
102
RTVSPropertyOp26
 70
     1
102
RTVSPropertyOp27
 70
     1
102
RTVSPropertyOp28
 70
     1
102
RTVSPropertyOp29
 70
     1
102
RTVSPropertyOp30
 70
     1
102
RTVSPropertyOp31
 70
     1
102
RTVSPropertyOp32
 70
     1
102
RTVSPropertyOp33
 70
     1
102
RTVSPropertyOp34
 70
     1
102
RTVSPropertyOp35
 70
     1
102
RTVSPropertyOp36
 70
     1
102
RTVSPropertyOp37
 70
     1
102
RTVSPropertyOp38
 70
     1
102
RTVSPropertyOp39
 70
     1
102
RTVSPropertyOp40
 70
     1
102
RTVSPropertyOp41
 70
     1
102
RTVSPropertyOp42
 70
     1
102
RTVSPropertyOp43
 70
     1
102
RTVSPropertyOp44
 70
     1
102
RTVSPropertyOp45
 70
     1
102
RTVSPropertyOp46
 70
     1
102
RTVSPropertyOp47
 70
     1
102
RTVSPropertyOp48
 70
     1
102
RTVSPropertyOp49
 70
     1
102
RTVSPropertyOp50
 70
     1
102
RTVSPropertyOp51
 70
     0
102
RTVSPropertyOp52
 70
     0
102
RTVSPropertyOp53
 70
     1
102
RTVSPropertyOp54
 70
     1
102
RTVSPropertyOp55
 70
     1
102
RTVSPropertyOp56
 70
     1
102
RTVSPropertyOp57
 70
     1
102
RTVSPost2010Prop28
280
     1
102
RTVSPost2010PropOp28
 70
     1
102
RTVSPost2010Prop29
280
     1
102
RTVSPost2010PropOp29
 70
     1
102
RTVSPost2010Prop30
280
     0
102
RTVSPost2010PropOp30
 70
     1
102
RTVSPost2010Prop31
280
     0
102
RTVSPost2010PropOp31
 70
     1
102
RTVSPost2010Prop32
280
     0
102
RTVSPost2010PropOp32
 70
     1
102
RTVSPost2010Prop33
280
     0
102
RTVSPost2010PropOp33
 70
     1
102
RTVSPost2010Prop34
280
     0
102
RTVSPost2010PropOp34
 70
     1
102
RTVSPost2010Prop35
280
     0
102
RTVSPost2010PropOp35
 70
     1
102
RTVSPost2010Prop36
280
     0
102
RTVSPost2010PropOp36
 70
     1
102
RTVSPost2010Prop37
 90
       50
102
RTVSPost2010PropOp37
 70
     1
102
RTVSPost2010Prop38
140
0.0
102
RTVSPost2010PropOp38
 70
     1
102
RTVSPost2010Prop39
140
1.0
102
RTVSPost2010PropOp39
 70
     1
102
RTVSPost2010Prop40
 90
        0
102
RTVSPost2010PropOp40
 70
     1
102
RTVSPost2010Prop41ColorIndex
 90
       18
102
RTVSPost2010Prop41ColorRGB
 90
        0
102
RTVSPost2010PropOp41
 70
     1
102
RTVSPost2010Prop42
 90
       50
102
RTVSPost2010PropOp42
 70
     1
102
RTVSPost2010Prop43
 90
        3
102
RTVSPost2010PropOp43
 70
     1
102
RTVSPost2010Prop44ColorIndex
 90
        5
102
RTVSPost2010Prop44ColorRGB
 90
      255
102
RTVSPost2010PropOp44
 70
     1
102
RTVSPost2010Prop45
280
     0
102
RTVSPost2010PropOp45
 70
     1
102
RTVSPost2010Prop46
 90
       50
102
RTVSPost2010PropOp46
 70
     1
102
RTVSPost2010Prop47
 90
       50
102
RTVSPost2010PropOp47
 70
     1
102
RTVSPost2010Prop48
 90
       50
102
RTVSPost2010PropOp48
 70
     1
102
RTVSPost2010Prop49
280
     0
102
RTVSPost2010PropOp49
 70
     1
102
RTVSPost2010Prop50
 90
       50
102
RTVSPost2010PropOp50
 70
     1
102
RTVSPost2010Prop51ColorIndex
 90
      256
102
RTVSPost2010Prop51ColorRGB
 90
-16777216
102
RTVSPost2010PropOp51
 70
     0
102
RTVSPost2010Prop52
140
1.0
102
RTVSPost2010PropOp52
 70
     0
102
RTVSPost2010Prop53
 90
        2
102
RTVSPost2010PropOp53
 70
     1
102
RTVSPost2010Prop54
  1
strokes_ogs.tif
102
RTVSPost2010PropOp54
 70
     1
102
RTVSPost2010Prop55
280
     0
102
RTVSPost2010PropOp55
 70
     1
102
RTVSPost2010Prop56
140
1.0
102
RTVSPost2010PropOp56
 70
     1
102
RTVSPost2010Prop57
140
1.0
102
RTVSPost2010PropOp57
 70
     1
  0
XRECORD
  5
47D
102
{ACAD_REACTORS
330
47C
102
}
330
47C
100
AcDbXrecord
280
     1
102
RTVSPropertyOp0
 70
     1
102
RTVSPropertyOp1
 70
     1
102
RTVSPropertyOp2
 70
     1
102
RTVSPropertyOp3
 70
     1
102
RTVSPropertyOp4
 70
     1
102
RTVSPropertyOp5
 70
     1
102
RTVSPropertyOp6
 70
     1
102
RTVSPropertyOp7
 70
     1
102
RTVSPropertyOp8
 70
     1
102
RTVSPropertyOp9
 70
     1
102
RTVSPropertyOp10
 70
     1
102
RTVSPropertyOp11
 70
     1
102
RTVSPropertyOp12
 70
     1
102
RTVSPropertyOp13
 70
     1
102
RTVSPropertyOp14
 70
     1
102
RTVSPropertyOp15
 70
     1
102
RTVSPropertyOp16
 70
     1
102
RTVSPropertyOp17
 70
     1
102
RTVSPropertyOp18
 70
     1
102
RTVSPropertyOp19
 70
     1
102
RTVSPropertyOp20
 70
     1
102
RTVSPropertyOp21
 70
     1
102
RTVSPropertyOp22
 70
     1
102
RTVSPropertyOp23
 70
     1
102
RTVSPropertyOp24
 70
     1
102
RTVSPropertyOp25
 70
     1
102
RTVSPropertyOp26
 70
     1
102
RTVSPropertyOp27
 70
     1
102
RTVSPropertyOp28
 70
     1
102
RTVSPropertyOp29
 70
     1
102
RTVSPropertyOp30
 70
     1
102
RTVSPropertyOp31
 70
     1
102
RTVSPropertyOp32
 70
     1
102
RTVSPropertyOp33
 70
     1
102
RTVSPropertyOp34
 70
     1
102
RTVSPropertyOp35
 70
     1
102
RTVSPropertyOp36
 70
     1
102
RTVSPropertyOp37
 70
     1
102
RTVSPropertyOp38
 70
     1
102
RTVSPropertyOp39
 70
     1
102
RTVSPropertyOp40
 70
     1
102
RTVSPropertyOp41
 70
     1
102
RTVSPropertyOp42
 70
     1
102
RTVSPropertyOp43
 70
     1
102
RTVSPropertyOp44
 70
     1
102
RTVSPropertyOp45
 70
     1
102
RTVSPropertyOp46
 70
     1
102
RTVSPropertyOp47
 70
     1
102
RTVSPropertyOp48
 70
     1
102
RTVSPropertyOp49
 70
     1
102
RTVSPropertyOp50
 70
     1
102
RTVSPropertyOp51
 70
     0
102
RTVSPropertyOp52
 70
     0
102
RTVSPropertyOp53
 70
     1
102
RTVSPropertyOp54
 70
     1
102
RTVSPropertyOp55
 70
     1
102
RTVSPropertyOp56
 70
     1
102
RTVSPropertyOp57
 70
     1
102
RTVSPost2010Prop28
280
     0
102
RTVSPost2010PropOp28
 70
     1
102
RTVSPost2010Prop29
280
     1
102
RTVSPost2010PropOp29
 70
     1
102
RTVSPost2010Prop30
280
     1
102
RTVSPost2010PropOp30
 70
     1
102
RTVSPost2010Prop31
280
     0
102
RTVSPost2010PropOp31
 70
     1
102
RTVSPost2010Prop32
280
     0
102
RTVSPost2010PropOp32
 70
     1
102
RTVSPost2010Prop33
280
     0
102
RTVSPost2010PropOp33
 70
     1
102
RTVSPost2010Prop34
280
     0
102
RTVSPost2010PropOp34
 70
     1
102
RTVSPost2010Prop35
280
     0
102
RTVSPost2010PropOp35
 70
     1
102
RTVSPost2010Prop36
280
     0
102
RTVSPost2010PropOp36
 70
     1
102
RTVSPost2010Prop37
 90
       50
102
RTVSPost2010PropOp37
 70
     1
102
RTVSPost2010Prop38
140
0.0
102
RTVSPost2010PropOp38
 70
     1
102
RTVSPost2010Prop39
140
1.0
102
RTVSPost2010PropOp39
 70
     1
102
RTVSPost2010Prop40
 90
        0
102
RTVSPost2010PropOp40
 70
     1
102
RTVSPost2010Prop41ColorIndex
 90
       18
102
RTVSPost2010Prop41ColorRGB
 90
        0
102
RTVSPost2010PropOp41
 70
     1
102
RTVSPost2010Prop42
 90
       50
102
RTVSPost2010PropOp42
 70
     1
102
RTVSPost2010Prop43
 90
        3
102
RTVSPost2010PropOp43
 70
     1
102
RTVSPost2010Prop44ColorIndex
 90
        5
102
RTVSPost2010Prop44ColorRGB
 90
      255
102
RTVSPost2010PropOp44
 70
     1
102
RTVSPost2010Prop45
280
     0
102
RTVSPost2010PropOp45
 70
     1
102
RTVSPost2010Prop46
 90
       50
102
RTVSPost2010PropOp46
 70
     1
102
RTVSPost2010Prop47
 90
       50
102
RTVSPost2010PropOp47
 70
     1
102
RTVSPost2010Prop48
 90
       50
102
RTVSPost2010PropOp48
 70
     1
102
RTVSPost2010Prop49
280
     0
102
RTVSPost2010PropOp49
 70
     1
102
RTVSPost2010Prop50
 90
       50
102
RTVSPost2010PropOp50
 70
     1
102
RTVSPost2010Prop51ColorIndex
 90
      256
102
RTVSPost2010Prop51ColorRGB
 90
-16777216
102
RTVSPost2010PropOp51
 70
     0
102
RTVSPost2010Prop52
140
1.0
102
RTVSPost2010PropOp52
 70
     0
102
RTVSPost2010Prop53
 90
        2
102
RTVSPost2010PropOp53
 70
     1
102
RTVSPost2010Prop54
  1
strokes_ogs.tif
102
RTVSPost2010PropOp54
 70
     1
102
RTVSPost2010Prop55
280
     0
102
RTVSPost2010PropOp55
 70
     1
102
RTVSPost2010Prop56
140
1.0
102
RTVSPost2010PropOp56
 70
     1
102
RTVSPost2010Prop57
140
1.0
102
RTVSPost2010PropOp57
 70
     1
  0
XRECORD
  5
483
102
{ACAD_REACTORS
330
482
102
}
330
482
100
AcDbXrecord
280
     1
102
RTVSPropertyOp0
 70
     1
102
RTVSPropertyOp1
 70
     1
102
RTVSPropertyOp2
 70
     1
102
RTVSPropertyOp3
 70
     1
102
RTVSPropertyOp4
 70
     1
102
RTVSPropertyOp5
 70
     1
102
RTVSPropertyOp6
 70
     1
102
RTVSPropertyOp7
 70
     1
102
RTVSPropertyOp8
 70
     1
102
RTVSPropertyOp9
 70
     1
102
RTVSPropertyOp10
 70
     1
102
RTVSPropertyOp11
 70
     1
102
RTVSPropertyOp12
 70
     1
102
RTVSPropertyOp13
 70
     1
102
RTVSPropertyOp14
 70
     1
102
RTVSPropertyOp15
 70
     1
102
RTVSPropertyOp16
 70
     1
102
RTVSPropertyOp17
 70
     1
102
RTVSPropertyOp18
 70
     1
102
RTVSPropertyOp19
 70
     1
102
RTVSPropertyOp20
 70
     1
102
RTVSPropertyOp21
 70
     1
102
RTVSPropertyOp22
 70
     1
102
RTVSPropertyOp23
 70
     1
102
RTVSPropertyOp24
 70
     1
102
RTVSPropertyOp25
 70
     1
102
RTVSPropertyOp26
 70
     1
102
RTVSPropertyOp27
 70
     1
102
RTVSPropertyOp28
 70
     1
102
RTVSPropertyOp29
 70
     1
102
RTVSPropertyOp30
 70
     1
102
RTVSPropertyOp31
 70
     1
102
RTVSPropertyOp32
 70
     1
102
RTVSPropertyOp33
 70
     1
102
RTVSPropertyOp34
 70
     1
102
RTVSPropertyOp35
 70
     1
102
RTVSPropertyOp36
 70
     1
102
RTVSPropertyOp37
 70
     1
102
RTVSPropertyOp38
 70
     1
102
RTVSPropertyOp39
 70
     1
102
RTVSPropertyOp40
 70
     1
102
RTVSPropertyOp41
 70
     1
102
RTVSPropertyOp42
 70
     1
102
RTVSPropertyOp43
 70
     1
102
RTVSPropertyOp44
 70
     1
102
RTVSPropertyOp45
 70
     1
102
RTVSPropertyOp46
 70
     1
102
RTVSPropertyOp47
 70
     1
102
RTVSPropertyOp48
 70
     1
102
RTVSPropertyOp49
 70
     1
102
RTVSPropertyOp50
 70
     1
102
RTVSPropertyOp51
 70
     0
102
RTVSPropertyOp52
 70
     0
102
RTVSPropertyOp53
 70
     1
102
RTVSPropertyOp54
 70
     1
102
RTVSPropertyOp55
 70
     1
102
RTVSPropertyOp56
 70
     1
102
RTVSPropertyOp57
 70
     1
102
RTVSPost2010Prop28
280
     0
102
RTVSPost2010PropOp28
 70
     1
102
RTVSPost2010Prop29
280
     1
102
RTVSPost2010PropOp29
 70
     1
102
RTVSPost2010Prop30
280
     1
102
RTVSPost2010PropOp30
 70
     1
102
RTVSPost2010Prop31
280
     0
102
RTVSPost2010PropOp31
 70
     1
102
RTVSPost2010Prop32
280
     0
102
RTVSPost2010PropOp32
 70
     1
102
RTVSPost2010Prop33
280
     0
102
RTVSPost2010PropOp33
 70
     1
102
RTVSPost2010Prop34
280
     0
102
RTVSPost2010PropOp34
 70
     1
102
RTVSPost2010Prop35
280
     0
102
RTVSPost2010PropOp35
 70
     1
102
RTVSPost2010Prop36
280
     0
102
RTVSPost2010PropOp36
 70
     1
102
RTVSPost2010Prop37
 90
       50
102
RTVSPost2010PropOp37
 70
     1
102
RTVSPost2010Prop38
140
0.0
102
RTVSPost2010PropOp38
 70
     1
102
RTVSPost2010Prop39
140
1.0
102
RTVSPost2010PropOp39
 70
     1
102
RTVSPost2010Prop40
 90
        0
102
RTVSPost2010PropOp40
 70
     1
102
RTVSPost2010Prop41ColorIndex
 90
       18
102
RTVSPost2010Prop41ColorRGB
 90
        0
102
RTVSPost2010PropOp41
 70
     1
102
RTVSPost2010Prop42
 90
       50
102
RTVSPost2010PropOp42
 70
     1
102
RTVSPost2010Prop43
 90
        3
102
RTVSPost2010PropOp43
 70
     1
102
RTVSPost2010Prop44ColorIndex
 90
        5
102
RTVSPost2010Prop44ColorRGB
 90
      255
102
RTVSPost2010PropOp44
 70
     1
102
RTVSPost2010Prop45
280
     0
102
RTVSPost2010PropOp45
 70
     1
102
RTVSPost2010Prop46
 90
       50
102
RTVSPost2010PropOp46
 70
     1
102
RTVSPost2010Prop47
 90
       50
102
RTVSPost2010PropOp47
 70
     1
102
RTVSPost2010Prop48
 90
       50
102
RTVSPost2010PropOp48
 70
     1
102
RTVSPost2010Prop49
280
     0
102
RTVSPost2010PropOp49
 70
     1
102
RTVSPost2010Prop50
 90
       50
102
RTVSPost2010PropOp50
 70
     1
102
RTVSPost2010Prop51ColorIndex
 90
      256
102
RTVSPost2010Prop51ColorRGB
 90
-16777216
102
RTVSPost2010PropOp51
 70
     0
102
RTVSPost2010Prop52
140
1.0
102
RTVSPost2010PropOp52
 70
     0
102
RTVSPost2010Prop53
 90
        2
102
RTVSPost2010PropOp53
 70
     1
102
RTVSPost2010Prop54
  1
strokes_ogs.tif
102
RTVSPost2010PropOp54
 70
     1
102
RTVSPost2010Prop55
280
     0
102
RTVSPost2010PropOp55
 70
     1
102
RTVSPost2010Prop56
140
1.0
102
RTVSPost2010PropOp56
 70
     1
102
RTVSPost2010Prop57
140
1.0
102
RTVSPost2010PropOp57
 70
     1
  0
XRECORD
  5
48B
102
{ACAD_REACTORS
330
48A
102
}
330
48A
100
AcDbXrecord
280
     1
102
RTVSPropertyOp0
 70
     1
102
RTVSPropertyOp1
 70
     1
102
RTVSPropertyOp2
 70
     1
102
RTVSPropertyOp3
 70
     1
102
RTVSPropertyOp4
 70
     1
102
RTVSPropertyOp5
 70
     1
102
RTVSPropertyOp6
 70
     1
102
RTVSPropertyOp7
 70
     1
102
RTVSPropertyOp8
 70
     1
102
RTVSPropertyOp9
 70
     1
102
RTVSPropertyOp10
 70
     1
102
RTVSPropertyOp11
 70
     1
102
RTVSPropertyOp12
 70
     1
102
RTVSPropertyOp13
 70
     1
102
RTVSPropertyOp14
 70
     1
102
RTVSPropertyOp15
 70
     1
102
RTVSPropertyOp16
 70
     1
102
RTVSPropertyOp17
 70
     1
102
RTVSPropertyOp18
 70
     1
102
RTVSPropertyOp19
 70
     1
102
RTVSPropertyOp20
 70
     1
102
RTVSPropertyOp21
 70
     1
102
RTVSPropertyOp22
 70
     1
102
RTVSPropertyOp23
 70
     1
102
RTVSPropertyOp24
 70
     1
102
RTVSPropertyOp25
 70
     1
102
RTVSPropertyOp26
 70
     1
102
RTVSPropertyOp27
 70
     1
102
RTVSPropertyOp28
 70
     1
102
RTVSPropertyOp29
 70
     1
102
RTVSPropertyOp30
 70
     1
102
RTVSPropertyOp31
 70
     1
102
RTVSPropertyOp32
 70
     1
102
RTVSPropertyOp33
 70
     1
102
RTVSPropertyOp34
 70
     1
102
RTVSPropertyOp35
 70
     1
102
RTVSPropertyOp36
 70
     1
102
RTVSPropertyOp37
 70
     1
102
RTVSPropertyOp38
 70
     1
102
RTVSPropertyOp39
 70
     1
102
RTVSPropertyOp40
 70
     1
102
RTVSPropertyOp41
 70
     1
102
RTVSPropertyOp42
 70
     1
102
RTVSPropertyOp43
 70
     1
102
RTVSPropertyOp44
 70
     1
102
RTVSPropertyOp45
 70
     1
102
RTVSPropertyOp46
 70
     1
102
RTVSPropertyOp47
 70
     1
102
RTVSPropertyOp48
 70
     1
102
RTVSPropertyOp49
 70
     1
102
RTVSPropertyOp50
 70
     1
102
RTVSPropertyOp51
 70
     0
102
RTVSPropertyOp52
 70
     0
102
RTVSPropertyOp53
 70
     1
102
RTVSPropertyOp54
 70
     1
102
RTVSPropertyOp55
 70
     1
102
RTVSPropertyOp56
 70
     1
102
RTVSPropertyOp57
 70
     1
102
RTVSPost2010Prop28
280
     0
102
RTVSPost2010PropOp28
 70
     1
102
RTVSPost2010Prop29
280
     1
102
RTVSPost2010PropOp29
 70
     1
102
RTVSPost2010Prop30
280
     1
102
RTVSPost2010PropOp30
 70
     1
102
RTVSPost2010Prop31
280
     0
102
RTVSPost2010PropOp31
 70
     1
102
RTVSPost2010Prop32
280
     0
102
RTVSPost2010PropOp32
 70
     1
102
RTVSPost2010Prop33
280
     0
102
RTVSPost2010PropOp33
 70
     1
102
RTVSPost2010Prop34
280
     0
102
RTVSPost2010PropOp34
 70
     1
102
RTVSPost2010Prop35
280
     0
102
RTVSPost2010PropOp35
 70
     1
102
RTVSPost2010Prop36
280
     0
102
RTVSPost2010PropOp36
 70
     1
102
RTVSPost2010Prop37
 90
       50
102
RTVSPost2010PropOp37
 70
     1
102
RTVSPost2010Prop38
140
0.0
102
RTVSPost2010PropOp38
 70
     1
102
RTVSPost2010Prop39
140
1.0
102
RTVSPost2010PropOp39
 70
     1
102
RTVSPost2010Prop40
 90
        0
102
RTVSPost2010PropOp40
 70
     1
102
RTVSPost2010Prop41ColorIndex
 90
       18
102
RTVSPost2010Prop41ColorRGB
 90
        0
102
RTVSPost2010PropOp41
 70
     1
102
RTVSPost2010Prop42
 90
       50
102
RTVSPost2010PropOp42
 70
     1
102
RTVSPost2010Prop43
 90
        3
102
RTVSPost2010PropOp43
 70
     1
102
RTVSPost2010Prop44ColorIndex
 90
        5
102
RTVSPost2010Prop44ColorRGB
 90
      255
102
RTVSPost2010PropOp44
 70
     1
102
RTVSPost2010Prop45
280
     0
102
RTVSPost2010PropOp45
 70
     1
102
RTVSPost2010Prop46
 90
       50
102
RTVSPost2010PropOp46
 70
     1
102
RTVSPost2010Prop47
 90
       50
102
RTVSPost2010PropOp47
 70
     1
102
RTVSPost2010Prop48
 90
       50
102
RTVSPost2010PropOp48
 70
     1
102
RTVSPost2010Prop49
280
     0
102
RTVSPost2010PropOp49
 70
     1
102
RTVSPost2010Prop50
 90
       50
102
RTVSPost2010PropOp50
 70
     1
102
RTVSPost2010Prop51ColorIndex
 90
      256
102
RTVSPost2010Prop51ColorRGB
 90
-16777216
102
RTVSPost2010PropOp51
 70
     0
102
RTVSPost2010Prop52
140
1.0
102
RTVSPost2010PropOp52
 70
     0
102
RTVSPost2010Prop53
 90
        2
102
RTVSPost2010PropOp53
 70
     1
102
RTVSPost2010Prop54
  1
strokes_ogs.tif
102
RTVSPost2010PropOp54
 70
     1
102
RTVSPost2010Prop55
280
     0
102
RTVSPost2010PropOp55
 70
     1
102
RTVSPost2010Prop56
140
1.0
102
RTVSPost2010PropOp56
 70
     1
102
RTVSPost2010Prop57
140
1.0
102
RTVSPost2010PropOp57
 70
     1
  0
XRECORD
  5
47F
102
{ACAD_REACTORS
330
47E
102
}
330
47E
100
AcDbXrecord
280
     1
102
RTVSPropertyOp0
 70
     1
102
RTVSPropertyOp1
 70
     1
102
RTVSPropertyOp2
 70
     1
102
RTVSPropertyOp3
 70
     1
102
RTVSPropertyOp4
 70
     1
102
RTVSPropertyOp5
 70
     1
102
RTVSPropertyOp6
 70
     1
102
RTVSPropertyOp7
 70
     1
102
RTVSPropertyOp8
 70
     1
102
RTVSPropertyOp9
 70
     1
102
RTVSPropertyOp10
 70
     1
102
RTVSPropertyOp11
 70
     1
102
RTVSPropertyOp12
 70
     1
102
RTVSPropertyOp13
 70
     1
102
RTVSPropertyOp14
 70
     1
102
RTVSPropertyOp15
 70
     1
102
RTVSPropertyOp16
 70
     1
102
RTVSPropertyOp17
 70
     1
102
RTVSPropertyOp18
 70
     1
102
RTVSPropertyOp19
 70
     1
102
RTVSPropertyOp20
 70
     1
102
RTVSPropertyOp21
 70
     1
102
RTVSPropertyOp22
 70
     1
102
RTVSPropertyOp23
 70
     1
102
RTVSPropertyOp24
 70
     1
102
RTVSPropertyOp25
 70
     1
102
RTVSPropertyOp26
 70
     1
102
RTVSPropertyOp27
 70
     1
102
RTVSPropertyOp28
 70
     1
102
RTVSPropertyOp29
 70
     1
102
RTVSPropertyOp30
 70
     1
102
RTVSPropertyOp31
 70
     1
102
RTVSPropertyOp32
 70
     1
102
RTVSPropertyOp33
 70
     1
102
RTVSPropertyOp34
 70
     1
102
RTVSPropertyOp35
 70
     1
102
RTVSPropertyOp36
 70
     1
102
RTVSPropertyOp37
 70
     1
102
RTVSPropertyOp38
 70
     1
102
RTVSPropertyOp39
 70
     1
102
RTVSPropertyOp40
 70
     1
102
RTVSPropertyOp41
 70
     1
102
RTVSPropertyOp42
 70
     1
102
RTVSPropertyOp43
 70
     1
102
RTVSPropertyOp44
 70
     1
102
RTVSPropertyOp45
 70
     1
102
RTVSPropertyOp46
 70
     1
102
RTVSPropertyOp47
 70
     1
102
RTVSPropertyOp48
 70
     1
102
RTVSPropertyOp49
 70
     1
102
RTVSPropertyOp50
 70
     1
102
RTVSPropertyOp51
 70
     0
102
RTVSPropertyOp52
 70
     0
102
RTVSPropertyOp53
 70
     1
102
RTVSPropertyOp54
 70
     1
102
RTVSPropertyOp55
 70
     1
102
RTVSPropertyOp56
 70
     1
102
RTVSPropertyOp57
 70
     1
102
RTVSPost2010Prop28
280
     0
102
RTVSPost2010PropOp28
 70
     1
102
RTVSPost2010Prop29
280
     1
102
RTVSPost2010PropOp29
 70
     1
102
RTVSPost2010Prop30
280
     1
102
RTVSPost2010PropOp30
 70
     1
102
RTVSPost2010Prop31
280
     0
102
RTVSPost2010PropOp31
 70
     1
102
RTVSPost2010Prop32
280
     0
102
RTVSPost2010PropOp32
 70
     1
102
RTVSPost2010Prop33
280
     0
102
RTVSPost2010PropOp33
 70
     1
102
RTVSPost2010Prop34
280
     0
102
RTVSPost2010PropOp34
 70
     1
102
RTVSPost2010Prop35
280
     0
102
RTVSPost2010PropOp35
 70
     1
102
RTVSPost2010Prop36
280
     0
102
RTVSPost2010PropOp36
 70
     1
102
RTVSPost2010Prop37
 90
       50
102
RTVSPost2010PropOp37
 70
     1
102
RTVSPost2010Prop38
140
0.0
102
RTVSPost2010PropOp38
 70
     1
102
RTVSPost2010Prop39
140
1.0
102
RTVSPost2010PropOp39
 70
     1
102
RTVSPost2010Prop40
 90
        0
102
RTVSPost2010PropOp40
 70
     1
102
RTVSPost2010Prop41ColorIndex
 90
       18
102
RTVSPost2010Prop41ColorRGB
 90
        0
102
RTVSPost2010PropOp41
 70
     1
102
RTVSPost2010Prop42
 90
       50
102
RTVSPost2010PropOp42
 70
     1
102
RTVSPost2010Prop43
 90
        3
102
RTVSPost2010PropOp43
 70
     1
102
RTVSPost2010Prop44ColorIndex
 90
        5
102
RTVSPost2010Prop44ColorRGB
 90
      255
102
RTVSPost2010PropOp44
 70
     1
102
RTVSPost2010Prop45
280
     0
102
RTVSPost2010PropOp45
 70
     1
102
RTVSPost2010Prop46
 90
       50
102
RTVSPost2010PropOp46
 70
     1
102
RTVSPost2010Prop47
 90
       50
102
RTVSPost2010PropOp47
 70
     1
102
RTVSPost2010Prop48
 90
       50
102
RTVSPost2010PropOp48
 70
     1
102
RTVSPost2010Prop49
280
     0
102
RTVSPost2010PropOp49
 70
     1
102
RTVSPost2010Prop50
 90
       50
102
RTVSPost2010PropOp50
 70
     1
102
RTVSPost2010Prop51ColorIndex
 90
      256
102
RTVSPost2010Prop51ColorRGB
 90
-16777216
102
RTVSPost2010PropOp51
 70
     0
102
RTVSPost2010Prop52
140
1.0
102
RTVSPost2010PropOp52
 70
     0
102
RTVSPost2010Prop53
 90
        2
102
RTVSPost2010PropOp53
 70
     1
102
RTVSPost2010Prop54
  1
strokes_ogs.tif
102
RTVSPost2010PropOp54
 70
     1
102
RTVSPost2010Prop55
280
     0
102
RTVSPost2010PropOp55
 70
     1
102
RTVSPost2010Prop56
140
1.0
102
RTVSPost2010PropOp56
 70
     1
102
RTVSPost2010Prop57
140
1.0
102
RTVSPost2010PropOp57
 70
     1
  0
XRECORD
  5
481
102
{ACAD_REACTORS
330
480
102
}
330
480
100
AcDbXrecord
280
     1
102
RTVSPropertyOp0
 70
     1
102
RTVSPropertyOp1
 70
     1
102
RTVSPropertyOp2
 70
     1
102
RTVSPropertyOp3
 70
     1
102
RTVSPropertyOp4
 70
     1
102
RTVSPropertyOp5
 70
     1
102
RTVSPropertyOp6
 70
     1
102
RTVSPropertyOp7
 70
     1
102
RTVSPropertyOp8
 70
     1
102
RTVSPropertyOp9
 70
     1
102
RTVSPropertyOp10
 70
     1
102
RTVSPropertyOp11
 70
     1
102
RTVSPropertyOp12
 70
     1
102
RTVSPropertyOp13
 70
     1
102
RTVSPropertyOp14
 70
     1
102
RTVSPropertyOp15
 70
     1
102
RTVSPropertyOp16
 70
     1
102
RTVSPropertyOp17
 70
     1
102
RTVSPropertyOp18
 70
     1
102
RTVSPropertyOp19
 70
     1
102
RTVSPropertyOp20
 70
     1
102
RTVSPropertyOp21
 70
     1
102
RTVSPropertyOp22
 70
     1
102
RTVSPropertyOp23
 70
     1
102
RTVSPropertyOp24
 70
     1
102
RTVSPropertyOp25
 70
     1
102
RTVSPropertyOp26
 70
     1
102
RTVSPropertyOp27
 70
     1
102
RTVSPropertyOp28
 70
     1
102
RTVSPropertyOp29
 70
     1
102
RTVSPropertyOp30
 70
     1
102
RTVSPropertyOp31
 70
     1
102
RTVSPropertyOp32
 70
     1
102
RTVSPropertyOp33
 70
     1
102
RTVSPropertyOp34
 70
     1
102
RTVSPropertyOp35
 70
     1
102
RTVSPropertyOp36
 70
     1
102
RTVSPropertyOp37
 70
     1
102
RTVSPropertyOp38
 70
     1
102
RTVSPropertyOp39
 70
     1
102
RTVSPropertyOp40
 70
     1
102
RTVSPropertyOp41
 70
     1
102
RTVSPropertyOp42
 70
     1
102
RTVSPropertyOp43
 70
     1
102
RTVSPropertyOp44
 70
     1
102
RTVSPropertyOp45
 70
     1
102
RTVSPropertyOp46
 70
     1
102
RTVSPropertyOp47
 70
     1
102
RTVSPropertyOp48
 70
     1
102
RTVSPropertyOp49
 70
     1
102
RTVSPropertyOp50
 70
     1
102
RTVSPropertyOp51
 70
     0
102
RTVSPropertyOp52
 70
     0
102
RTVSPropertyOp53
 70
     1
102
RTVSPropertyOp54
 70
     1
102
RTVSPropertyOp55
 70
     1
102
RTVSPropertyOp56
 70
     1
102
RTVSPropertyOp57
 70
     1
102
RTVSPost2010Prop28
280
     0
102
RTVSPost2010PropOp28
 70
     1
102
RTVSPost2010Prop29
280
     1
102
RTVSPost2010PropOp29
 70
     1
102
RTVSPost2010Prop30
280
     1
102
RTVSPost2010PropOp30
 70
     1
102
RTVSPost2010Prop31
280
     0
102
RTVSPost2010PropOp31
 70
     1
102
RTVSPost2010Prop32
280
     0
102
RTVSPost2010PropOp32
 70
     1
102
RTVSPost2010Prop33
280
     0
102
RTVSPost2010PropOp33
 70
     1
102
RTVSPost2010Prop34
280
     0
102
RTVSPost2010PropOp34
 70
     1
102
RTVSPost2010Prop35
280
     0
102
RTVSPost2010PropOp35
 70
     1
102
RTVSPost2010Prop36
280
     0
102
RTVSPost2010PropOp36
 70
     1
102
RTVSPost2010Prop37
 90
       50
102
RTVSPost2010PropOp37
 70
     1
102
RTVSPost2010Prop38
140
0.0
102
RTVSPost2010PropOp38
 70
     1
102
RTVSPost2010Prop39
140
1.0
102
RTVSPost2010PropOp39
 70
     1
102
RTVSPost2010Prop40
 90
        0
102
RTVSPost2010PropOp40
 70
     1
102
RTVSPost2010Prop41ColorIndex
 90
       18
102
RTVSPost2010Prop41ColorRGB
 90
        0
102
RTVSPost2010PropOp41
 70
     1
102
RTVSPost2010Prop42
 90
       50
102
RTVSPost2010PropOp42
 70
     1
102
RTVSPost2010Prop43
 90
        3
102
RTVSPost2010PropOp43
 70
     1
102
RTVSPost2010Prop44ColorIndex
 90
        5
102
RTVSPost2010Prop44ColorRGB
 90
      255
102
RTVSPost2010PropOp44
 70
     1
102
RTVSPost2010Prop45
280
     0
102
RTVSPost2010PropOp45
 70
     1
102
RTVSPost2010Prop46
 90
       50
102
RTVSPost2010PropOp46
 70
     1
102
RTVSPost2010Prop47
 90
       50
102
RTVSPost2010PropOp47
 70
     1
102
RTVSPost2010Prop48
 90
       50
102
RTVSPost2010PropOp48
 70
     1
102
RTVSPost2010Prop49
280
     0
102
RTVSPost2010PropOp49
 70
     1
102
RTVSPost2010Prop50
 90
       50
102
RTVSPost2010PropOp50
 70
     1
102
RTVSPost2010Prop51ColorIndex
 90
      256
102
RTVSPost2010Prop51ColorRGB
 90
-16777216
102
RTVSPost2010PropOp51
 70
     0
102
RTVSPost2010Prop52
140
1.0
102
RTVSPost2010PropOp52
 70
     0
102
RTVSPost2010Prop53
 90
        2
102
RTVSPost2010PropOp53
 70
     1
102
RTVSPost2010Prop54
  1
strokes_ogs.tif
102
RTVSPost2010PropOp54
 70
     1
102
RTVSPost2010Prop55
280
     0
102
RTVSPost2010PropOp55
 70
     1
102
RTVSPost2010Prop56
140
1.0
102
RTVSPost2010PropOp56
 70
     1
102
RTVSPost2010Prop57
140
1.0
102
RTVSPost2010PropOp57
 70
     1
  0
XRECORD
  5
46D
102
{ACAD_REACTORS
330
46C
102
}
330
46C
100
AcDbXrecord
280
     1
102
RTVSPropertyOp0
 70
     0
102
RTVSPropertyOp1
 70
     0
102
RTVSPropertyOp2
 70
     0
102
RTVSPropertyOp3
 70
     0
102
RTVSPropertyOp4
 70
     0
102
RTVSPropertyOp5
 70
     0
102
RTVSPropertyOp6
 70
     0
102
RTVSPropertyOp7
 70
     0
102
RTVSPropertyOp8
 70
     0
102
RTVSPropertyOp9
 70
     0
102
RTVSPropertyOp10
 70
     0
102
RTVSPropertyOp11
 70
     0
102
RTVSPropertyOp12
 70
     0
102
RTVSPropertyOp13
 70
     0
102
RTVSPropertyOp14
 70
     2
102
RTVSPropertyOp15
 70
     0
102
RTVSPropertyOp16
 70
     0
102
RTVSPropertyOp17
 70
     0
102
RTVSPropertyOp18
 70
     0
102
RTVSPropertyOp19
 70
     0
102
RTVSPropertyOp20
 70
     0
102
RTVSPropertyOp21
 70
     0
102
RTVSPropertyOp22
 70
     0
102
RTVSPropertyOp23
 70
     0
102
RTVSPropertyOp24
 70
     0
102
RTVSPropertyOp25
 70
     0
102
RTVSPropertyOp26
 70
     0
102
RTVSPropertyOp27
 70
     0
102
RTVSPropertyOp28
 70
     1
102
RTVSPropertyOp29
 70
     1
102
RTVSPropertyOp30
 70
     1
102
RTVSPropertyOp31
 70
     1
102
RTVSPropertyOp32
 70
     1
102
RTVSPropertyOp33
 70
     1
102
RTVSPropertyOp34
 70
     1
102
RTVSPropertyOp35
 70
     1
102
RTVSPropertyOp36
 70
     1
102
RTVSPropertyOp37
 70
     1
102
RTVSPropertyOp38
 70
     1
102
RTVSPropertyOp39
 70
     1
102
RTVSPropertyOp40
 70
     1
102
RTVSPropertyOp41
 70
     1
102
RTVSPropertyOp42
 70
     1
102
RTVSPropertyOp43
 70
     1
102
RTVSPropertyOp44
 70
     1
102
RTVSPropertyOp45
 70
     1
102
RTVSPropertyOp46
 70
     1
102
RTVSPropertyOp47
 70
     1
102
RTVSPropertyOp48
 70
     1
102
RTVSPropertyOp49
 70
     1
102
RTVSPropertyOp50
 70
     1
102
RTVSPropertyOp51
 70
     0
102
RTVSPropertyOp52
 70
     0
102
RTVSPropertyOp53
 70
     1
102
RTVSPropertyOp54
 70
     1
102
RTVSPropertyOp55
 70
     1
102
RTVSPropertyOp56
 70
     1
102
RTVSPropertyOp57
 70
     1
102
RTVSPost2010Prop28
280
     0
102
RTVSPost2010PropOp28
 70
     1
102
RTVSPost2010Prop29
280
     1
102
RTVSPost2010PropOp29
 70
     1
102
RTVSPost2010Prop30
280
     1
102
RTVSPost2010PropOp30
 70
     1
102
RTVSPost2010Prop31
280
     0
102
RTVSPost2010PropOp31
 70
     1
102
RTVSPost2010Prop32
280
     0
102
RTVSPost2010PropOp32
 70
     1
102
RTVSPost2010Prop33
280
     0
102
RTVSPost2010PropOp33
 70
     1
102
RTVSPost2010Prop34
280
     0
102
RTVSPost2010PropOp34
 70
     1
102
RTVSPost2010Prop35
280
     0
102
RTVSPost2010PropOp35
 70
     1
102
RTVSPost2010Prop36
280
     0
102
RTVSPost2010PropOp36
 70
     1
102
RTVSPost2010Prop37
 90
       50
102
RTVSPost2010PropOp37
 70
     1
102
RTVSPost2010Prop38
140
0.0
102
RTVSPost2010PropOp38
 70
     1
102
RTVSPost2010Prop39
140
1.0
102
RTVSPost2010PropOp39
 70
     1
102
RTVSPost2010Prop40
 90
        0
102
RTVSPost2010PropOp40
 70
     1
102
RTVSPost2010Prop41ColorIndex
 90
       18
102
RTVSPost2010Prop41ColorRGB
 90
        0
102
RTVSPost2010PropOp41
 70
     1
102
RTVSPost2010Prop42
 90
       50
102
RTVSPost2010PropOp42
 70
     1
102
RTVSPost2010Prop43
 90
        3
102
RTVSPost2010PropOp43
 70
     1
102
RTVSPost2010Prop44ColorIndex
 90
        5
102
RTVSPost2010Prop44ColorRGB
 90
      255
102
RTVSPost2010PropOp44
 70
     1
102
RTVSPost2010Prop45
280
     0
102
RTVSPost2010PropOp45
 70
     1
102
RTVSPost2010Prop46
 90
       50
102
RTVSPost2010PropOp46
 70
     1
102
RTVSPost2010Prop47
 90
       50
102
RTVSPost2010PropOp47
 70
     1
102
RTVSPost2010Prop48
 90
       50
102
RTVSPost2010PropOp48
 70
     1
102
RTVSPost2010Prop49
280
     0
102
RTVSPost2010PropOp49
 70
     1
102
RTVSPost2010Prop50
 90
       50
102
RTVSPost2010PropOp50
 70
     1
102
RTVSPost2010Prop51ColorIndex
 90
      256
102
RTVSPost2010Prop51ColorRGB
 90
-16777216
102
RTVSPost2010PropOp51
 70
     0
102
RTVSPost2010Prop52
140
1.0
102
RTVSPost2010PropOp52
 70
     0
102
RTVSPost2010Prop53
 90
        2
102
RTVSPost2010PropOp53
 70
     1
102
RTVSPost2010Prop54
  1
strokes_ogs.tif
102
RTVSPost2010PropOp54
 70
     1
102
RTVSPost2010Prop55
280
     0
102
RTVSPost2010PropOp55
 70
     1
102
RTVSPost2010Prop56
140
1.0
102
RTVSPost2010PropOp56
 70
     1
102
RTVSPost2010Prop57
140
1.0
102
RTVSPost2010PropOp57
 70
     1
  0
XRECORD
  5
489
102
{ACAD_REACTORS
330
488
102
}
330
488
100
AcDbXrecord
280
     1
102
RTVSPropertyOp0
 70
     1
102
RTVSPropertyOp1
 70
     1
102
RTVSPropertyOp2
 70
     1
102
RTVSPropertyOp3
 70
     1
102
RTVSPropertyOp4
 70
     1
102
RTVSPropertyOp5
 70
     1
102
RTVSPropertyOp6
 70
     1
102
RTVSPropertyOp7
 70
     1
102
RTVSPropertyOp8
 70
     1
102
RTVSPropertyOp9
 70
     1
102
RTVSPropertyOp10
 70
     1
102
RTVSPropertyOp11
 70
     1
102
RTVSPropertyOp12
 70
     1
102
RTVSPropertyOp13
 70
     1
102
RTVSPropertyOp14
 70
     1
102
RTVSPropertyOp15
 70
     1
102
RTVSPropertyOp16
 70
     1
102
RTVSPropertyOp17
 70
     1
102
RTVSPropertyOp18
 70
     1
102
RTVSPropertyOp19
 70
     1
102
RTVSPropertyOp20
 70
     1
102
RTVSPropertyOp21
 70
     1
102
RTVSPropertyOp22
 70
     1
102
RTVSPropertyOp23
 70
     1
102
RTVSPropertyOp24
 70
     1
102
RTVSPropertyOp25
 70
     1
102
RTVSPropertyOp26
 70
     1
102
RTVSPropertyOp27
 70
     1
102
RTVSPropertyOp28
 70
     1
102
RTVSPropertyOp29
 70
     1
102
RTVSPropertyOp30
 70
     1
102
RTVSPropertyOp31
 70
     1
102
RTVSPropertyOp32
 70
     1
102
RTVSPropertyOp33
 70
     1
102
RTVSPropertyOp34
 70
     1
102
RTVSPropertyOp35
 70
     1
102
RTVSPropertyOp36
 70
     1
102
RTVSPropertyOp37
 70
     1
102
RTVSPropertyOp38
 70
     1
102
RTVSPropertyOp39
 70
     1
102
RTVSPropertyOp40
 70
     1
102
RTVSPropertyOp41
 70
     1
102
RTVSPropertyOp42
 70
     1
102
RTVSPropertyOp43
 70
     1
102
RTVSPropertyOp44
 70
     1
102
RTVSPropertyOp45
 70
     1
102
RTVSPropertyOp46
 70
     1
102
RTVSPropertyOp47
 70
     1
102
RTVSPropertyOp48
 70
     1
102
RTVSPropertyOp49
 70
     1
102
RTVSPropertyOp50
 70
     1
102
RTVSPropertyOp51
 70
     0
102
RTVSPropertyOp52
 70
     0
102
RTVSPropertyOp53
 70
     1
102
RTVSPropertyOp54
 70
     1
102
RTVSPropertyOp55
 70
     1
102
RTVSPropertyOp56
 70
     1
102
RTVSPropertyOp57
 70
     1
102
RTVSPost2010Prop28
280
     0
102
RTVSPost2010PropOp28
 70
     1
102
RTVSPost2010Prop29
280
     1
102
RTVSPost2010PropOp29
 70
     1
102
RTVSPost2010Prop30
280
     1
102
RTVSPost2010PropOp30
 70
     1
102
RTVSPost2010Prop31
280
     0
102
RTVSPost2010PropOp31
 70
     1
102
RTVSPost2010Prop32
280
     0
102
RTVSPost2010PropOp32
 70
     1
102
RTVSPost2010Prop33
280
     0
102
RTVSPost2010PropOp33
 70
     1
102
RTVSPost2010Prop34
280
     0
102
RTVSPost2010PropOp34
 70
     1
102
RTVSPost2010Prop35
280
     0
102
RTVSPost2010PropOp35
 70
     1
102
RTVSPost2010Prop36
280
     0
102
RTVSPost2010PropOp36
 70
     1
102
RTVSPost2010Prop37
 90
       50
102
RTVSPost2010PropOp37
 70
     1
102
RTVSPost2010Prop38
140
0.0
102
RTVSPost2010PropOp38
 70
     1
102
RTVSPost2010Prop39
140
1.0
102
RTVSPost2010PropOp39
 70
     1
102
RTVSPost2010Prop40
 90
        0
102
RTVSPost2010PropOp40
 70
     1
102
RTVSPost2010Prop41ColorIndex
 90
       18
102
RTVSPost2010Prop41ColorRGB
 90
        0
102
RTVSPost2010PropOp41
 70
     1
102
RTVSPost2010Prop42
 90
       50
102
RTVSPost2010PropOp42
 70
     1
102
RTVSPost2010Prop43
 90
        3
102
RTVSPost2010PropOp43
 70
     1
102
RTVSPost2010Prop44ColorIndex
 90
        5
102
RTVSPost2010Prop44ColorRGB
 90
      255
102
RTVSPost2010PropOp44
 70
     1
102
RTVSPost2010Prop45
280
     0
102
RTVSPost2010PropOp45
 70
     1
102
RTVSPost2010Prop46
 90
       50
102
RTVSPost2010PropOp46
 70
     1
102
RTVSPost2010Prop47
 90
       50
102
RTVSPost2010PropOp47
 70
     1
102
RTVSPost2010Prop48
 90
       50
102
RTVSPost2010PropOp48
 70
     1
102
RTVSPost2010Prop49
280
     0
102
RTVSPost2010PropOp49
 70
     1
102
RTVSPost2010Prop50
 90
       50
102
RTVSPost2010PropOp50
 70
     1
102
RTVSPost2010Prop51ColorIndex
 90
      256
102
RTVSPost2010Prop51ColorRGB
 90
-16777216
102
RTVSPost2010PropOp51
 70
     0
102
RTVSPost2010Prop52
140
1.0
102
RTVSPost2010PropOp52
 70
     0
102
RTVSPost2010Prop53
 90
        2
102
RTVSPost2010PropOp53
 70
     1
102
RTVSPost2010Prop54
  1
strokes_ogs.tif
102
RTVSPost2010PropOp54
 70
     1
102
RTVSPost2010Prop55
280
     0
102
RTVSPost2010PropOp55
 70
     1
102
RTVSPost2010Prop56
140
1.0
102
RTVSPost2010PropOp56
 70
     1
102
RTVSPost2010Prop57
140
1.0
102
RTVSPost2010PropOp57
 70
     1
  0
XRECORD
  5
473
102
{ACAD_REACTORS
330
472
102
}
330
472
100
AcDbXrecord
280
     1
102
RTVSPropertyOp0
 70
     1
102
RTVSPropertyOp1
 70
     1
102
RTVSPropertyOp2
 70
     1
102
RTVSPropertyOp3
 70
     1
102
RTVSPropertyOp4
 70
     1
102
RTVSPropertyOp5
 70
     1
102
RTVSPropertyOp6
 70
     1
102
RTVSPropertyOp7
 70
     1
102
RTVSPropertyOp8
 70
     1
102
RTVSPropertyOp9
 70
     1
102
RTVSPropertyOp10
 70
     1
102
RTVSPropertyOp11
 70
     1
102
RTVSPropertyOp12
 70
     1
102
RTVSPropertyOp13
 70
     1
102
RTVSPropertyOp14
 70
     1
102
RTVSPropertyOp15
 70
     1
102
RTVSPropertyOp16
 70
     1
102
RTVSPropertyOp17
 70
     1
102
RTVSPropertyOp18
 70
     1
102
RTVSPropertyOp19
 70
     1
102
RTVSPropertyOp20
 70
     1
102
RTVSPropertyOp21
 70
     1
102
RTVSPropertyOp22
 70
     1
102
RTVSPropertyOp23
 70
     1
102
RTVSPropertyOp24
 70
     1
102
RTVSPropertyOp25
 70
     1
102
RTVSPropertyOp26
 70
     1
102
RTVSPropertyOp27
 70
     1
102
RTVSPropertyOp28
 70
     1
102
RTVSPropertyOp29
 70
     1
102
RTVSPropertyOp30
 70
     1
102
RTVSPropertyOp31
 70
     1
102
RTVSPropertyOp32
 70
     1
102
RTVSPropertyOp33
 70
     1
102
RTVSPropertyOp34
 70
     1
102
RTVSPropertyOp35
 70
     1
102
RTVSPropertyOp36
 70
     1
102
RTVSPropertyOp37
 70
     1
102
RTVSPropertyOp38
 70
     1
102
RTVSPropertyOp39
 70
     1
102
RTVSPropertyOp40
 70
     1
102
RTVSPropertyOp41
 70
     1
102
RTVSPropertyOp42
 70
     1
102
RTVSPropertyOp43
 70
     1
102
RTVSPropertyOp44
 70
     1
102
RTVSPropertyOp45
 70
     1
102
RTVSPropertyOp46
 70
     1
102
RTVSPropertyOp47
 70
     1
102
RTVSPropertyOp48
 70
     1
102
RTVSPropertyOp49
 70
     1
102
RTVSPropertyOp50
 70
     1
102
RTVSPropertyOp51
 70
     0
102
RTVSPropertyOp52
 70
     0
102
RTVSPropertyOp53
 70
     1
102
RTVSPropertyOp54
 70
     1
102
RTVSPropertyOp55
 70
     1
102
RTVSPropertyOp56
 70
     1
102
RTVSPropertyOp57
 70
     1
102
RTVSPost2010Prop28
280
     0
102
RTVSPost2010PropOp28
 70
     1
102
RTVSPost2010Prop29
280
     1
102
RTVSPost2010PropOp29
 70
     1
102
RTVSPost2010Prop30
280
     1
102
RTVSPost2010PropOp30
 70
     1
102
RTVSPost2010Prop31
280
     0
102
RTVSPost2010PropOp31
 70
     1
102
RTVSPost2010Prop32
280
     0
102
RTVSPost2010PropOp32
 70
     1
102
RTVSPost2010Prop33
280
     0
102
RTVSPost2010PropOp33
 70
     1
102
RTVSPost2010Prop34
280
     0
102
RTVSPost2010PropOp34
 70
     1
102
RTVSPost2010Prop35
280
     0
102
RTVSPost2010PropOp35
 70
     1
102
RTVSPost2010Prop36
280
     0
102
RTVSPost2010PropOp36
 70
     1
102
RTVSPost2010Prop37
 90
       50
102
RTVSPost2010PropOp37
 70
     1
102
RTVSPost2010Prop38
140
0.0
102
RTVSPost2010PropOp38
 70
     1
102
RTVSPost2010Prop39
140
1.0
102
RTVSPost2010PropOp39
 70
     1
102
RTVSPost2010Prop40
 90
        0
102
RTVSPost2010PropOp40
 70
     1
102
RTVSPost2010Prop41ColorIndex
 90
       18
102
RTVSPost2010Prop41ColorRGB
 90
        0
102
RTVSPost2010PropOp41
 70
     1
102
RTVSPost2010Prop42
 90
       50
102
RTVSPost2010PropOp42
 70
     1
102
RTVSPost2010Prop43
 90
        3
102
RTVSPost2010PropOp43
 70
     1
102
RTVSPost2010Prop44ColorIndex
 90
        5
102
RTVSPost2010Prop44ColorRGB
 90
      255
102
RTVSPost2010PropOp44
 70
     1
102
RTVSPost2010Prop45
280
     0
102
RTVSPost2010PropOp45
 70
     1
102
RTVSPost2010Prop46
 90
       50
102
RTVSPost2010PropOp46
 70
     1
102
RTVSPost2010Prop47
 90
       50
102
RTVSPost2010PropOp47
 70
     1
102
RTVSPost2010Prop48
 90
       50
102
RTVSPost2010PropOp48
 70
     1
102
RTVSPost2010Prop49
280
     0
102
RTVSPost2010PropOp49
 70
     1
102
RTVSPost2010Prop50
 90
       50
102
RTVSPost2010PropOp50
 70
     1
102
RTVSPost2010Prop51ColorIndex
 90
      256
102
RTVSPost2010Prop51ColorRGB
 90
-16777216
102
RTVSPost2010PropOp51
 70
     0
102
RTVSPost2010Prop52
140
1.0
102
RTVSPost2010PropOp52
 70
     0
102
RTVSPost2010Prop53
 90
        2
102
RTVSPost2010PropOp53
 70
     1
102
RTVSPost2010Prop54
  1
strokes_ogs.tif
102
RTVSPost2010PropOp54
 70
     1
102
RTVSPost2010Prop55
280
     0
102
RTVSPost2010PropOp55
 70
     1
102
RTVSPost2010Prop56
140
1.0
102
RTVSPost2010PropOp56
 70
     1
102
RTVSPost2010Prop57
140
1.0
102
RTVSPost2010PropOp57
 70
     1
  0
XRECORD
  5
475
102
{ACAD_REACTORS
330
474
102
}
330
474
100
AcDbXrecord
280
     1
102
RTVSPropertyOp0
 70
     1
102
RTVSPropertyOp1
 70
     1
102
RTVSPropertyOp2
 70
     1
102
RTVSPropertyOp3
 70
     1
102
RTVSPropertyOp4
 70
     1
102
RTVSPropertyOp5
 70
     1
102
RTVSPropertyOp6
 70
     1
102
RTVSPropertyOp7
 70
     1
102
RTVSPropertyOp8
 70
     1
102
RTVSPropertyOp9
 70
     1
102
RTVSPropertyOp10
 70
     1
102
RTVSPropertyOp11
 70
     1
102
RTVSPropertyOp12
 70
     1
102
RTVSPropertyOp13
 70
     1
102
RTVSPropertyOp14
 70
     1
102
RTVSPropertyOp15
 70
     1
102
RTVSPropertyOp16
 70
     1
102
RTVSPropertyOp17
 70
     1
102
RTVSPropertyOp18
 70
     1
102
RTVSPropertyOp19
 70
     1
102
RTVSPropertyOp20
 70
     1
102
RTVSPropertyOp21
 70
     1
102
RTVSPropertyOp22
 70
     1
102
RTVSPropertyOp23
 70
     1
102
RTVSPropertyOp24
 70
     1
102
RTVSPropertyOp25
 70
     1
102
RTVSPropertyOp26
 70
     1
102
RTVSPropertyOp27
 70
     1
102
RTVSPropertyOp28
 70
     1
102
RTVSPropertyOp29
 70
     1
102
RTVSPropertyOp30
 70
     1
102
RTVSPropertyOp31
 70
     1
102
RTVSPropertyOp32
 70
     1
102
RTVSPropertyOp33
 70
     1
102
RTVSPropertyOp34
 70
     1
102
RTVSPropertyOp35
 70
     1
102
RTVSPropertyOp36
 70
     1
102
RTVSPropertyOp37
 70
     1
102
RTVSPropertyOp38
 70
     1
102
RTVSPropertyOp39
 70
     1
102
RTVSPropertyOp40
 70
     1
102
RTVSPropertyOp41
 70
     1
102
RTVSPropertyOp42
 70
     1
102
RTVSPropertyOp43
 70
     1
102
RTVSPropertyOp44
 70
     1
102
RTVSPropertyOp45
 70
     1
102
RTVSPropertyOp46
 70
     1
102
RTVSPropertyOp47
 70
     1
102
RTVSPropertyOp48
 70
     1
102
RTVSPropertyOp49
 70
     1
102
RTVSPropertyOp50
 70
     1
102
RTVSPropertyOp51
 70
     0
102
RTVSPropertyOp52
 70
     0
102
RTVSPropertyOp53
 70
     1
102
RTVSPropertyOp54
 70
     1
102
RTVSPropertyOp55
 70
     1
102
RTVSPropertyOp56
 70
     1
102
RTVSPropertyOp57
 70
     1
102
RTVSPost2010Prop28
280
     0
102
RTVSPost2010PropOp28
 70
     1
102
RTVSPost2010Prop29
280
     1
102
RTVSPost2010PropOp29
 70
     1
102
RTVSPost2010Prop30
280
     1
102
RTVSPost2010PropOp30
 70
     1
102
RTVSPost2010Prop31
280
     0
102
RTVSPost2010PropOp31
 70
     1
102
RTVSPost2010Prop32
280
     0
102
RTVSPost2010PropOp32
 70
     1
102
RTVSPost2010Prop33
280
     0
102
RTVSPost2010PropOp33
 70
     1
102
RTVSPost2010Prop34
280
     0
102
RTVSPost2010PropOp34
 70
     1
102
RTVSPost2010Prop35
280
     0
102
RTVSPost2010PropOp35
 70
     1
102
RTVSPost2010Prop36
280
     0
102
RTVSPost2010PropOp36
 70
     1
102
RTVSPost2010Prop37
 90
       50
102
RTVSPost2010PropOp37
 70
     1
102
RTVSPost2010Prop38
140
0.0
102
RTVSPost2010PropOp38
 70
     1
102
RTVSPost2010Prop39
140
1.0
102
RTVSPost2010PropOp39
 70
     1
102
RTVSPost2010Prop40
 90
        0
102
RTVSPost2010PropOp40
 70
     1
102
RTVSPost2010Prop41ColorIndex
 90
       18
102
RTVSPost2010Prop41ColorRGB
 90
        0
102
RTVSPost2010PropOp41
 70
     1
102
RTVSPost2010Prop42
 90
       50
102
RTVSPost2010PropOp42
 70
     1
102
RTVSPost2010Prop43
 90
        3
102
RTVSPost2010PropOp43
 70
     1
102
RTVSPost2010Prop44ColorIndex
 90
        5
102
RTVSPost2010Prop44ColorRGB
 90
      255
102
RTVSPost2010PropOp44
 70
     1
102
RTVSPost2010Prop45
280
     0
102
RTVSPost2010PropOp45
 70
     1
102
RTVSPost2010Prop46
 90
       50
102
RTVSPost2010PropOp46
 70
     1
102
RTVSPost2010Prop47
 90
       50
102
RTVSPost2010PropOp47
 70
     1
102
RTVSPost2010Prop48
 90
       50
102
RTVSPost2010PropOp48
 70
     1
102
RTVSPost2010Prop49
280
     0
102
RTVSPost2010PropOp49
 70
     1
102
RTVSPost2010Prop50
 90
       50
102
RTVSPost2010PropOp50
 70
     1
102
RTVSPost2010Prop51ColorIndex
 90
      256
102
RTVSPost2010Prop51ColorRGB
 90
-16777216
102
RTVSPost2010PropOp51
 70
     0
102
RTVSPost2010Prop52
140
1.0
102
RTVSPost2010PropOp52
 70
     0
102
RTVSPost2010Prop53
 90
        2
102
RTVSPost2010PropOp53
 70
     1
102
RTVSPost2010Prop54
  1
strokes_ogs.tif
102
RTVSPost2010PropOp54
 70
     1
102
RTVSPost2010Prop55
280
     0
102
RTVSPost2010PropOp55
 70
     1
102
RTVSPost2010Prop56
140
1.0
102
RTVSPost2010PropOp56
 70
     1
102
RTVSPost2010Prop57
140
1.0
102
RTVSPost2010PropOp57
 70
     1
  0
XRECORD
  5
477
102
{ACAD_REACTORS
330
476
102
}
330
476
100
AcDbXrecord
280
     1
102
RTVSPropertyOp0
 70
     1
102
RTVSPropertyOp1
 70
     1
102
RTVSPropertyOp2
 70
     1
102
RTVSPropertyOp3
 70
     1
102
RTVSPropertyOp4
 70
     1
102
RTVSPropertyOp5
 70
     1
102
RTVSPropertyOp6
 70
     1
102
RTVSPropertyOp7
 70
     1
102
RTVSPropertyOp8
 70
     1
102
RTVSPropertyOp9
 70
     1
102
RTVSPropertyOp10
 70
     1
102
RTVSPropertyOp11
 70
     1
102
RTVSPropertyOp12
 70
     1
102
RTVSPropertyOp13
 70
     1
102
RTVSPropertyOp14
 70
     1
102
RTVSPropertyOp15
 70
     1
102
RTVSPropertyOp16
 70
     1
102
RTVSPropertyOp17
 70
     1
102
RTVSPropertyOp18
 70
     1
102
RTVSPropertyOp19
 70
     1
102
RTVSPropertyOp20
 70
     1
102
RTVSPropertyOp21
 70
     1
102
RTVSPropertyOp22
 70
     1
102
RTVSPropertyOp23
 70
     1
102
RTVSPropertyOp24
 70
     1
102
RTVSPropertyOp25
 70
     1
102
RTVSPropertyOp26
 70
     1
102
RTVSPropertyOp27
 70
     1
102
RTVSPropertyOp28
 70
     1
102
RTVSPropertyOp29
 70
     1
102
RTVSPropertyOp30
 70
     1
102
RTVSPropertyOp31
 70
     1
102
RTVSPropertyOp32
 70
     1
102
RTVSPropertyOp33
 70
     1
102
RTVSPropertyOp34
 70
     1
102
RTVSPropertyOp35
 70
     1
102
RTVSPropertyOp36
 70
     1
102
RTVSPropertyOp37
 70
     1
102
RTVSPropertyOp38
 70
     1
102
RTVSPropertyOp39
 70
     1
102
RTVSPropertyOp40
 70
     1
102
RTVSPropertyOp41
 70
     1
102
RTVSPropertyOp42
 70
     1
102
RTVSPropertyOp43
 70
     1
102
RTVSPropertyOp44
 70
     1
102
RTVSPropertyOp45
 70
     1
102
RTVSPropertyOp46
 70
     1
102
RTVSPropertyOp47
 70
     1
102
RTVSPropertyOp48
 70
     1
102
RTVSPropertyOp49
 70
     1
102
RTVSPropertyOp50
 70
     1
102
RTVSPropertyOp51
 70
     0
102
RTVSPropertyOp52
 70
     0
102
RTVSPropertyOp53
 70
     1
102
RTVSPropertyOp54
 70
     1
102
RTVSPropertyOp55
 70
     1
102
RTVSPropertyOp56
 70
     1
102
RTVSPropertyOp57
 70
     1
102
RTVSPost2010Prop28
280
     0
102
RTVSPost2010PropOp28
 70
     1
102
RTVSPost2010Prop29
280
     1
102
RTVSPost2010PropOp29
 70
     1
102
RTVSPost2010Prop30
280
     1
102
RTVSPost2010PropOp30
 70
     1
102
RTVSPost2010Prop31
280
     0
102
RTVSPost2010PropOp31
 70
     1
102
RTVSPost2010Prop32
280
     0
102
RTVSPost2010PropOp32
 70
     1
102
RTVSPost2010Prop33
280
     0
102
RTVSPost2010PropOp33
 70
     1
102
RTVSPost2010Prop34
280
     0
102
RTVSPost2010PropOp34
 70
     1
102
RTVSPost2010Prop35
280
     0
102
RTVSPost2010PropOp35
 70
     1
102
RTVSPost2010Prop36
280
     0
102
RTVSPost2010PropOp36
 70
     1
102
RTVSPost2010Prop37
 90
       50
102
RTVSPost2010PropOp37
 70
     1
102
RTVSPost2010Prop38
140
0.0
102
RTVSPost2010PropOp38
 70
     1
102
RTVSPost2010Prop39
140
1.0
102
RTVSPost2010PropOp39
 70
     1
102
RTVSPost2010Prop40
 90
        0
102
RTVSPost2010PropOp40
 70
     1
102
RTVSPost2010Prop41ColorIndex
 90
       18
102
RTVSPost2010Prop41ColorRGB
 90
        0
102
RTVSPost2010PropOp41
 70
     1
102
RTVSPost2010Prop42
 90
       50
102
RTVSPost2010PropOp42
 70
     1
102
RTVSPost2010Prop43
 90
        3
102
RTVSPost2010PropOp43
 70
     1
102
RTVSPost2010Prop44ColorIndex
 90
        5
102
RTVSPost2010Prop44ColorRGB
 90
      255
102
RTVSPost2010PropOp44
 70
     1
102
RTVSPost2010Prop45
280
     0
102
RTVSPost2010PropOp45
 70
     1
102
RTVSPost2010Prop46
 90
       50
102
RTVSPost2010PropOp46
 70
     1
102
RTVSPost2010Prop47
 90
       50
102
RTVSPost2010PropOp47
 70
     1
102
RTVSPost2010Prop48
 90
       50
102
RTVSPost2010PropOp48
 70
     1
102
RTVSPost2010Prop49
280
     0
102
RTVSPost2010PropOp49
 70
     1
102
RTVSPost2010Prop50
 90
       50
102
RTVSPost2010PropOp50
 70
     1
102
RTVSPost2010Prop51ColorIndex
 90
      256
102
RTVSPost2010Prop51ColorRGB
 90
-16777216
102
RTVSPost2010PropOp51
 70
     0
102
RTVSPost2010Prop52
140
1.0
102
RTVSPost2010PropOp52
 70
     0
102
RTVSPost2010Prop53
 90
        2
102
RTVSPost2010PropOp53
 70
     1
102
RTVSPost2010Prop54
  1
strokes_ogs.tif
102
RTVSPost2010PropOp54
 70
     1
102
RTVSPost2010Prop55
280
     0
102
RTVSPost2010PropOp55
 70
     1
102
RTVSPost2010Prop56
140
1.0
102
RTVSPost2010PropOp56
 70
     1
102
RTVSPost2010Prop57
140
1.0
102
RTVSPost2010PropOp57
 70
     1
  0
XRECORD
  5
479
102
{ACAD_REACTORS
330
478
102
}
330
478
100
AcDbXrecord
280
     1
102
RTVSPropertyOp0
 70
     1
102
RTVSPropertyOp1
 70
     1
102
RTVSPropertyOp2
 70
     1
102
RTVSPropertyOp3
 70
     1
102
RTVSPropertyOp4
 70
     1
102
RTVSPropertyOp5
 70
     1
102
RTVSPropertyOp6
 70
     1
102
RTVSPropertyOp7
 70
     1
102
RTVSPropertyOp8
 70
     1
102
RTVSPropertyOp9
 70
     1
102
RTVSPropertyOp10
 70
     1
102
RTVSPropertyOp11
 70
     1
102
RTVSPropertyOp12
 70
     1
102
RTVSPropertyOp13
 70
     1
102
RTVSPropertyOp14
 70
     1
102
RTVSPropertyOp15
 70
     1
102
RTVSPropertyOp16
 70
     1
102
RTVSPropertyOp17
 70
     1
102
RTVSPropertyOp18
 70
     1
102
RTVSPropertyOp19
 70
     1
102
RTVSPropertyOp20
 70
     1
102
RTVSPropertyOp21
 70
     1
102
RTVSPropertyOp22
 70
     1
102
RTVSPropertyOp23
 70
     1
102
RTVSPropertyOp24
 70
     1
102
RTVSPropertyOp25
 70
     1
102
RTVSPropertyOp26
 70
     1
102
RTVSPropertyOp27
 70
     1
102
RTVSPropertyOp28
 70
     1
102
RTVSPropertyOp29
 70
     1
102
RTVSPropertyOp30
 70
     1
102
RTVSPropertyOp31
 70
     1
102
RTVSPropertyOp32
 70
     1
102
RTVSPropertyOp33
 70
     1
102
RTVSPropertyOp34
 70
     1
102
RTVSPropertyOp35
 70
     1
102
RTVSPropertyOp36
 70
     1
102
RTVSPropertyOp37
 70
     1
102
RTVSPropertyOp38
 70
     1
102
RTVSPropertyOp39
 70
     1
102
RTVSPropertyOp40
 70
     1
102
RTVSPropertyOp41
 70
     1
102
RTVSPropertyOp42
 70
     1
102
RTVSPropertyOp43
 70
     1
102
RTVSPropertyOp44
 70
     1
102
RTVSPropertyOp45
 70
     1
102
RTVSPropertyOp46
 70
     1
102
RTVSPropertyOp47
 70
     1
102
RTVSPropertyOp48
 70
     1
102
RTVSPropertyOp49
 70
     1
102
RTVSPropertyOp50
 70
     1
102
RTVSPropertyOp51
 70
     0
102
RTVSPropertyOp52
 70
     0
102
RTVSPropertyOp53
 70
     1
102
RTVSPropertyOp54
 70
     1
102
RTVSPropertyOp55
 70
     1
102
RTVSPropertyOp56
 70
     1
102
RTVSPropertyOp57
 70
     1
102
RTVSPost2010Prop28
280
     0
102
RTVSPost2010PropOp28
 70
     1
102
RTVSPost2010Prop29
280
     1
102
RTVSPost2010PropOp29
 70
     1
102
RTVSPost2010Prop30
280
     1
102
RTVSPost2010PropOp30
 70
     1
102
RTVSPost2010Prop31
280
     0
102
RTVSPost2010PropOp31
 70
     1
102
RTVSPost2010Prop32
280
     0
102
RTVSPost2010PropOp32
 70
     1
102
RTVSPost2010Prop33
280
     0
102
RTVSPost2010PropOp33
 70
     1
102
RTVSPost2010Prop34
280
     0
102
RTVSPost2010PropOp34
 70
     1
102
RTVSPost2010Prop35
280
     0
102
RTVSPost2010PropOp35
 70
     1
102
RTVSPost2010Prop36
280
     0
102
RTVSPost2010PropOp36
 70
     1
102
RTVSPost2010Prop37
 90
       50
102
RTVSPost2010PropOp37
 70
     1
102
RTVSPost2010Prop38
140
0.0
102
RTVSPost2010PropOp38
 70
     1
102
RTVSPost2010Prop39
140
1.0
102
RTVSPost2010PropOp39
 70
     1
102
RTVSPost2010Prop40
 90
        0
102
RTVSPost2010PropOp40
 70
     1
102
RTVSPost2010Prop41ColorIndex
 90
       18
102
RTVSPost2010Prop41ColorRGB
 90
        0
102
RTVSPost2010PropOp41
 70
     1
102
RTVSPost2010Prop42
 90
       50
102
RTVSPost2010PropOp42
 70
     1
102
RTVSPost2010Prop43
 90
        3
102
RTVSPost2010PropOp43
 70
     1
102
RTVSPost2010Prop44ColorIndex
 90
        5
102
RTVSPost2010Prop44ColorRGB
 90
      255
102
RTVSPost2010PropOp44
 70
     1
102
RTVSPost2010Prop45
280
     0
102
RTVSPost2010PropOp45
 70
     1
102
RTVSPost2010Prop46
 90
       50
102
RTVSPost2010PropOp46
 70
     1
102
RTVSPost2010Prop47
 90
       50
102
RTVSPost2010PropOp47
 70
     1
102
RTVSPost2010Prop48
 90
       50
102
RTVSPost2010PropOp48
 70
     1
102
RTVSPost2010Prop49
280
     0
102
RTVSPost2010PropOp49
 70
     1
102
RTVSPost2010Prop50
 90
       50
102
RTVSPost2010PropOp50
 70
     1
102
RTVSPost2010Prop51ColorIndex
 90
      256
102
RTVSPost2010Prop51ColorRGB
 90
-16777216
102
RTVSPost2010PropOp51
 70
     0
102
RTVSPost2010Prop52
140
1.0
102
RTVSPost2010PropOp52
 70
     0
102
RTVSPost2010Prop53
 90
        2
102
RTVSPost2010PropOp53
 70
     1
102
RTVSPost2010Prop54
  1
strokes_ogs.tif
102
RTVSPost2010PropOp54
 70
     1
102
RTVSPost2010Prop55
280
     0
102
RTVSPost2010PropOp55
 70
     1
102
RTVSPost2010Prop56
140
1.0
102
RTVSPost2010PropOp56
 70
     1
102
RTVSPost2010Prop57
140
1.0
102
RTVSPost2010PropOp57
 70
     1
  0
XRECORD
  5
47B
102
{ACAD_REACTORS
330
47A
102
}
330
47A
100
AcDbXrecord
280
     1
102
RTVSPropertyOp0
 70
     1
102
RTVSPropertyOp1
 70
     1
102
RTVSPropertyOp2
 70
     1
102
RTVSPropertyOp3
 70
     1
102
RTVSPropertyOp4
 70
     1
102
RTVSPropertyOp5
 70
     1
102
RTVSPropertyOp6
 70
     1
102
RTVSPropertyOp7
 70
     1
102
RTVSPropertyOp8
 70
     1
102
RTVSPropertyOp9
 70
     1
102
RTVSPropertyOp10
 70
     1
102
RTVSPropertyOp11
 70
     1
102
RTVSPropertyOp12
 70
     1
102
RTVSPropertyOp13
 70
     1
102
RTVSPropertyOp14
 70
     1
102
RTVSPropertyOp15
 70
     1
102
RTVSPropertyOp16
 70
     1
102
RTVSPropertyOp17
 70
     1
102
RTVSPropertyOp18
 70
     1
102
RTVSPropertyOp19
 70
     1
102
RTVSPropertyOp20
 70
     1
102
RTVSPropertyOp21
 70
     1
102
RTVSPropertyOp22
 70
     1
102
RTVSPropertyOp23
 70
     1
102
RTVSPropertyOp24
 70
     1
102
RTVSPropertyOp25
 70
     1
102
RTVSPropertyOp26
 70
     1
102
RTVSPropertyOp27
 70
     1
102
RTVSPropertyOp28
 70
     1
102
RTVSPropertyOp29
 70
     1
102
RTVSPropertyOp30
 70
     1
102
RTVSPropertyOp31
 70
     1
102
RTVSPropertyOp32
 70
     1
102
RTVSPropertyOp33
 70
     1
102
RTVSPropertyOp34
 70
     1
102
RTVSPropertyOp35
 70
     1
102
RTVSPropertyOp36
 70
     1
102
RTVSPropertyOp37
 70
     1
102
RTVSPropertyOp38
 70
     1
102
RTVSPropertyOp39
 70
     1
102
RTVSPropertyOp40
 70
     1
102
RTVSPropertyOp41
 70
     1
102
RTVSPropertyOp42
 70
     1
102
RTVSPropertyOp43
 70
     1
102
RTVSPropertyOp44
 70
     1
102
RTVSPropertyOp45
 70
     1
102
RTVSPropertyOp46
 70
     1
102
RTVSPropertyOp47
 70
     1
102
RTVSPropertyOp48
 70
     1
102
RTVSPropertyOp49
 70
     1
102
RTVSPropertyOp50
 70
     1
102
RTVSPropertyOp51
 70
     0
102
RTVSPropertyOp52
 70
     0
102
RTVSPropertyOp53
 70
     1
102
RTVSPropertyOp54
 70
     1
102
RTVSPropertyOp55
 70
     1
102
RTVSPropertyOp56
 70
     1
102
RTVSPropertyOp57
 70
     1
102
RTVSPost2010Prop28
280
     0
102
RTVSPost2010PropOp28
 70
     1
102
RTVSPost2010Prop29
280
     1
102
RTVSPost2010PropOp29
 70
     1
102
RTVSPost2010Prop30
280
     1
102
RTVSPost2010PropOp30
 70
     1
102
RTVSPost2010Prop31
280
     0
102
RTVSPost2010PropOp31
 70
     1
102
RTVSPost2010Prop32
280
     0
102
RTVSPost2010PropOp32
 70
     1
102
RTVSPost2010Prop33
280
     0
102
RTVSPost2010PropOp33
 70
     1
102
RTVSPost2010Prop34
280
     0
102
RTVSPost2010PropOp34
 70
     1
102
RTVSPost2010Prop35
280
     0
102
RTVSPost2010PropOp35
 70
     1
102
RTVSPost2010Prop36
280
     0
102
RTVSPost2010PropOp36
 70
     1
102
RTVSPost2010Prop37
 90
       50
102
RTVSPost2010PropOp37
 70
     1
102
RTVSPost2010Prop38
140
0.0
102
RTVSPost2010PropOp38
 70
     1
102
RTVSPost2010Prop39
140
1.0
102
RTVSPost2010PropOp39
 70
     1
102
RTVSPost2010Prop40
 90
        0
102
RTVSPost2010PropOp40
 70
     1
102
RTVSPost2010Prop41ColorIndex
 90
       18
102
RTVSPost2010Prop41ColorRGB
 90
        0
102
RTVSPost2010PropOp41
 70
     1
102
RTVSPost2010Prop42
 90
       50
102
RTVSPost2010PropOp42
 70
     1
102
RTVSPost2010Prop43
 90
        3
102
RTVSPost2010PropOp43
 70
     1
102
RTVSPost2010Prop44ColorIndex
 90
        5
102
RTVSPost2010Prop44ColorRGB
 90
      255
102
RTVSPost2010PropOp44
 70
     1
102
RTVSPost2010Prop45
280
     0
102
RTVSPost2010PropOp45
 70
     1
102
RTVSPost2010Prop46
 90
       50
102
RTVSPost2010PropOp46
 70
     1
102
RTVSPost2010Prop47
 90
       50
102
RTVSPost2010PropOp47
 70
     1
102
RTVSPost2010Prop48
 90
       50
102
RTVSPost2010PropOp48
 70
     1
102
RTVSPost2010Prop49
280
     0
102
RTVSPost2010PropOp49
 70
     1
102
RTVSPost2010Prop50
 90
       50
102
RTVSPost2010PropOp50
 70
     1
102
RTVSPost2010Prop51ColorIndex
 90
      256
102
RTVSPost2010Prop51ColorRGB
 90
-16777216
102
RTVSPost2010PropOp51
 70
     0
102
RTVSPost2010Prop52
140
1.0
102
RTVSPost2010PropOp52
 70
     0
102
RTVSPost2010Prop53
 90
        2
102
RTVSPost2010PropOp53
 70
     1
102
RTVSPost2010Prop54
  1
strokes_ogs.tif
102
RTVSPost2010PropOp54
 70
     1
102
RTVSPost2010Prop55
280
     0
102
RTVSPost2010PropOp55
 70
     1
102
RTVSPost2010Prop56
140
1.0
102
RTVSPost2010PropOp56
 70
     1
102
RTVSPost2010Prop57
140
1.0
102
RTVSPost2010PropOp57
 70
     1
  0
XRECORD
  5
48D
102
{ACAD_REACTORS
330
48C
102
}
330
48C
100
AcDbXrecord
280
     1
102
RTVSPropertyOp0
 70
     0
102
RTVSPropertyOp1
 70
     0
102
RTVSPropertyOp2
 70
     0
102
RTVSPropertyOp3
 70
     0
102
RTVSPropertyOp4
 70
     0
102
RTVSPropertyOp5
 70
     0
102
RTVSPropertyOp6
 70
     0
102
RTVSPropertyOp7
 70
     0
102
RTVSPropertyOp8
 70
     0
102
RTVSPropertyOp9
 70
     0
102
RTVSPropertyOp10
 70
     0
102
RTVSPropertyOp11
 70
     0
102
RTVSPropertyOp12
 70
     0
102
RTVSPropertyOp13
 70
     0
102
RTVSPropertyOp14
 70
     2
102
RTVSPropertyOp15
 70
     0
102
RTVSPropertyOp16
 70
     0
102
RTVSPropertyOp17
 70
     0
102
RTVSPropertyOp18
 70
     0
102
RTVSPropertyOp19
 70
     0
102
RTVSPropertyOp20
 70
     0
102
RTVSPropertyOp21
 70
     0
102
RTVSPropertyOp22
 70
     0
102
RTVSPropertyOp23
 70
     0
102
RTVSPropertyOp24
 70
     0
102
RTVSPropertyOp25
 70
     0
102
RTVSPropertyOp26
 70
     0
102
RTVSPropertyOp27
 70
     0
102
RTVSPropertyOp28
 70
     0
102
RTVSPropertyOp29
 70
     0
102
RTVSPropertyOp30
 70
     0
102
RTVSPropertyOp31
 70
     0
102
RTVSPropertyOp32
 70
     0
102
RTVSPropertyOp33
 70
     0
102
RTVSPropertyOp34
 70
     0
102
RTVSPropertyOp35
 70
     0
102
RTVSPropertyOp36
 70
     0
102
RTVSPropertyOp37
 70
     0
102
RTVSPropertyOp38
 70
     0
102
RTVSPropertyOp39
 70
     0
102
RTVSPropertyOp40
 70
     0
102
RTVSPropertyOp41
 70
     0
102
RTVSPropertyOp42
 70
     0
102
RTVSPropertyOp43
 70
     0
102
RTVSPropertyOp44
 70
     0
102
RTVSPropertyOp45
 70
     0
102
RTVSPropertyOp46
 70
     0
102
RTVSPropertyOp47
 70
     0
102
RTVSPropertyOp48
 70
     0
102
RTVSPropertyOp49
 70
     0
102
RTVSPropertyOp50
 70
     0
102
RTVSPropertyOp51
 70
     0
102
RTVSPropertyOp52
 70
     0
102
RTVSPropertyOp53
 70
     0
102
RTVSPropertyOp54
 70
     0
102
RTVSPropertyOp55
 70
     0
102
RTVSPropertyOp56
 70
     0
102
RTVSPropertyOp57
 70
     0
102
RTVSPost2010Prop28
280
     0
102
RTVSPost2010PropOp28
 70
     0
102
RTVSPost2010Prop29
280
     1
102
RTVSPost2010PropOp29
 70
     0
102
RTVSPost2010Prop30
280
     1
102
RTVSPost2010PropOp30
 70
     0
102
RTVSPost2010Prop31
280
     0
102
RTVSPost2010PropOp31
 70
     0
102
RTVSPost2010Prop32
280
     0
102
RTVSPost2010PropOp32
 70
     0
102
RTVSPost2010Prop33
280
     0
102
RTVSPost2010PropOp33
 70
     0
102
RTVSPost2010Prop34
280
     0
102
RTVSPost2010PropOp34
 70
     0
102
RTVSPost2010Prop35
280
     0
102
RTVSPost2010PropOp35
 70
     0
102
RTVSPost2010Prop36
280
     0
102
RTVSPost2010PropOp36
 70
     0
102
RTVSPost2010Prop37
 90
       50
102
RTVSPost2010PropOp37
 70
     0
102
RTVSPost2010Prop38
140
0.0
102
RTVSPost2010PropOp38
 70
     0
102
RTVSPost2010Prop39
140
1.0
102
RTVSPost2010PropOp39
 70
     0
102
RTVSPost2010Prop40
 90
        0
102
RTVSPost2010PropOp40
 70
     0
102
RTVSPost2010Prop41ColorIndex
 90
       18
102
RTVSPost2010Prop41ColorRGB
 90
        0
102
RTVSPost2010PropOp41
 70
     0
102
RTVSPost2010Prop42
 90
       50
102
RTVSPost2010PropOp42
 70
     0
102
RTVSPost2010Prop43
 90
        3
102
RTVSPost2010PropOp43
 70
     0
102
RTVSPost2010Prop44ColorIndex
 90
        5
102
RTVSPost2010Prop44ColorRGB
 90
      255
102
RTVSPost2010PropOp44
 70
     0
102
RTVSPost2010Prop45
280
     0
102
RTVSPost2010PropOp45
 70
     0
102
RTVSPost2010Prop46
 90
       50
102
RTVSPost2010PropOp46
 70
     0
102
RTVSPost2010Prop47
 90
       50
102
RTVSPost2010PropOp47
 70
     0
102
RTVSPost2010Prop48
 90
       50
102
RTVSPost2010PropOp48
 70
     0
102
RTVSPost2010Prop49
280
     0
102
RTVSPost2010PropOp49
 70
     0
102
RTVSPost2010Prop50
 90
       50
102
RTVSPost2010PropOp50
 70
     0
102
RTVSPost2010Prop51ColorIndex
 90
      256
102
RTVSPost2010Prop51ColorRGB
 90
-16777216
102
RTVSPost2010PropOp51
 70
     0
102
RTVSPost2010Prop52
140
1.0
102
RTVSPost2010PropOp52
 70
     0
102
RTVSPost2010Prop53
 90
        2
102
RTVSPost2010PropOp53
 70
     0
102
RTVSPost2010Prop54
  1
strokes_ogs.tif
102
RTVSPost2010PropOp54
 70
     0
102
RTVSPost2010Prop55
280
     0
102
RTVSPost2010PropOp55
 70
     0
102
RTVSPost2010Prop56
140
1.0
102
RTVSPost2010PropOp56
 70
     0
102
RTVSPost2010Prop57
140
1.0
102
RTVSPost2010PropOp57
 70
     0
  0
XRECORD
  5
487
102
{ACAD_REACTORS
330
486
102
}
330
486
100
AcDbXrecord
280
     1
102
RTVSPropertyOp0
 70
     1
102
RTVSPropertyOp1
 70
     1
102
RTVSPropertyOp2
 70
     1
102
RTVSPropertyOp3
 70
     1
102
RTVSPropertyOp4
 70
     1
102
RTVSPropertyOp5
 70
     1
102
RTVSPropertyOp6
 70
     1
102
RTVSPropertyOp7
 70
     1
102
RTVSPropertyOp8
 70
     1
102
RTVSPropertyOp9
 70
     1
102
RTVSPropertyOp10
 70
     1
102
RTVSPropertyOp11
 70
     1
102
RTVSPropertyOp12
 70
     1
102
RTVSPropertyOp13
 70
     1
102
RTVSPropertyOp14
 70
     1
102
RTVSPropertyOp15
 70
     1
102
RTVSPropertyOp16
 70
     1
102
RTVSPropertyOp17
 70
     1
102
RTVSPropertyOp18
 70
     1
102
RTVSPropertyOp19
 70
     1
102
RTVSPropertyOp20
 70
     1
102
RTVSPropertyOp21
 70
     1
102
RTVSPropertyOp22
 70
     1
102
RTVSPropertyOp23
 70
     1
102
RTVSPropertyOp24
 70
     1
102
RTVSPropertyOp25
 70
     1
102
RTVSPropertyOp26
 70
     1
102
RTVSPropertyOp27
 70
     1
102
RTVSPropertyOp28
 70
     1
102
RTVSPropertyOp29
 70
     1
102
RTVSPropertyOp30
 70
     1
102
RTVSPropertyOp31
 70
     1
102
RTVSPropertyOp32
 70
     1
102
RTVSPropertyOp33
 70
     1
102
RTVSPropertyOp34
 70
     1
102
RTVSPropertyOp35
 70
     1
102
RTVSPropertyOp36
 70
     1
102
RTVSPropertyOp37
 70
     1
102
RTVSPropertyOp38
 70
     1
102
RTVSPropertyOp39
 70
     1
102
RTVSPropertyOp40
 70
     1
102
RTVSPropertyOp41
 70
     1
102
RTVSPropertyOp42
 70
     1
102
RTVSPropertyOp43
 70
     1
102
RTVSPropertyOp44
 70
     1
102
RTVSPropertyOp45
 70
     1
102
RTVSPropertyOp46
 70
     1
102
RTVSPropertyOp47
 70
     1
102
RTVSPropertyOp48
 70
     1
102
RTVSPropertyOp49
 70
     1
102
RTVSPropertyOp50
 70
     1
102
RTVSPropertyOp51
 70
     0
102
RTVSPropertyOp52
 70
     0
102
RTVSPropertyOp53
 70
     1
102
RTVSPropertyOp54
 70
     1
102
RTVSPropertyOp55
 70
     1
102
RTVSPropertyOp56
 70
     1
102
RTVSPropertyOp57
 70
     1
102
RTVSPost2010Prop28
280
     0
102
RTVSPost2010PropOp28
 70
     1
102
RTVSPost2010Prop29
280
     1
102
RTVSPost2010PropOp29
 70
     1
102
RTVSPost2010Prop30
280
     1
102
RTVSPost2010PropOp30
 70
     1
102
RTVSPost2010Prop31
280
     0
102
RTVSPost2010PropOp31
 70
     1
102
RTVSPost2010Prop32
280
     0
102
RTVSPost2010PropOp32
 70
     1
102
RTVSPost2010Prop33
280
     0
102
RTVSPost2010PropOp33
 70
     1
102
RTVSPost2010Prop34
280
     0
102
RTVSPost2010PropOp34
 70
     1
102
RTVSPost2010Prop35
280
     0
102
RTVSPost2010PropOp35
 70
     1
102
RTVSPost2010Prop36
280
     0
102
RTVSPost2010PropOp36
 70
     1
102
RTVSPost2010Prop37
 90
       50
102
RTVSPost2010PropOp37
 70
     1
102
RTVSPost2010Prop38
140
0.0
102
RTVSPost2010PropOp38
 70
     1
102
RTVSPost2010Prop39
140
1.0
102
RTVSPost2010PropOp39
 70
     1
102
RTVSPost2010Prop40
 90
        0
102
RTVSPost2010PropOp40
 70
     1
102
RTVSPost2010Prop41ColorIndex
 90
       18
102
RTVSPost2010Prop41ColorRGB
 90
        0
102
RTVSPost2010PropOp41
 70
     1
102
RTVSPost2010Prop42
 90
       50
102
RTVSPost2010PropOp42
 70
     1
102
RTVSPost2010Prop43
 90
        3
102
RTVSPost2010PropOp43
 70
     1
102
RTVSPost2010Prop44ColorIndex
 90
        5
102
RTVSPost2010Prop44ColorRGB
 90
      255
102
RTVSPost2010PropOp44
 70
     1
102
RTVSPost2010Prop45
280
     0
102
RTVSPost2010PropOp45
 70
     1
102
RTVSPost2010Prop46
 90
       50
102
RTVSPost2010PropOp46
 70
     1
102
RTVSPost2010Prop47
 90
       50
102
RTVSPost2010PropOp47
 70
     1
102
RTVSPost2010Prop48
 90
       50
102
RTVSPost2010PropOp48
 70
     1
102
RTVSPost2010Prop49
280
     0
102
RTVSPost2010PropOp49
 70
     1
102
RTVSPost2010Prop50
 90
       50
102
RTVSPost2010PropOp50
 70
     1
102
RTVSPost2010Prop51ColorIndex
 90
      256
102
RTVSPost2010Prop51ColorRGB
 90
-16777216
102
RTVSPost2010PropOp51
 70
     0
102
RTVSPost2010Prop52
140
1.0
102
RTVSPost2010PropOp52
 70
     0
102
RTVSPost2010Prop53
 90
        2
102
RTVSPost2010PropOp53
 70
     1
102
RTVSPost2010Prop54
  1
strokes_ogs.tif
102
RTVSPost2010PropOp54
 70
     1
102
RTVSPost2010Prop55
280
     0
102
RTVSPost2010PropOp55
 70
     1
102
RTVSPost2010Prop56
140
1.0
102
RTVSPost2010PropOp56
 70
     1
102
RTVSPost2010Prop57
140
1.0
102
RTVSPost2010PropOp57
 70
     1
  0
XRECORD
  5
48F
102
{ACAD_REACTORS
330
48E
102
}
330
48E
100
AcDbXrecord
280
     1
102
RTVSPropertyOp0
 70
     0
102
RTVSPropertyOp1
 70
     0
102
RTVSPropertyOp2
 70
     0
102
RTVSPropertyOp3
 70
     0
102
RTVSPropertyOp4
 70
     0
102
RTVSPropertyOp5
 70
     0
102
RTVSPropertyOp6
 70
     0
102
RTVSPropertyOp7
 70
     0
102
RTVSPropertyOp8
 70
     0
102
RTVSPropertyOp9
 70
     0
102
RTVSPropertyOp10
 70
     0
102
RTVSPropertyOp11
 70
     0
102
RTVSPropertyOp12
 70
     0
102
RTVSPropertyOp13
 70
     0
102
RTVSPropertyOp14
 70
     2
102
RTVSPropertyOp15
 70
     0
102
RTVSPropertyOp16
 70
     0
102
RTVSPropertyOp17
 70
     0
102
RTVSPropertyOp18
 70
     0
102
RTVSPropertyOp19
 70
     0
102
RTVSPropertyOp20
 70
     0
102
RTVSPropertyOp21
 70
     0
102
RTVSPropertyOp22
 70
     0
102
RTVSPropertyOp23
 70
     0
102
RTVSPropertyOp24
 70
     0
102
RTVSPropertyOp25
 70
     0
102
RTVSPropertyOp26
 70
     0
102
RTVSPropertyOp27
 70
     0
102
RTVSPropertyOp28
 70
     0
102
RTVSPropertyOp29
 70
     0
102
RTVSPropertyOp30
 70
     0
102
RTVSPropertyOp31
 70
     0
102
RTVSPropertyOp32
 70
     0
102
RTVSPropertyOp33
 70
     0
102
RTVSPropertyOp34
 70
     0
102
RTVSPropertyOp35
 70
     0
102
RTVSPropertyOp36
 70
     0
102
RTVSPropertyOp37
 70
     0
102
RTVSPropertyOp38
 70
     0
102
RTVSPropertyOp39
 70
     0
102
RTVSPropertyOp40
 70
     0
102
RTVSPropertyOp41
 70
     0
102
RTVSPropertyOp42
 70
     0
102
RTVSPropertyOp43
 70
     0
102
RTVSPropertyOp44
 70
     0
102
RTVSPropertyOp45
 70
     0
102
RTVSPropertyOp46
 70
     0
102
RTVSPropertyOp47
 70
     0
102
RTVSPropertyOp48
 70
     0
102
RTVSPropertyOp49
 70
     0
102
RTVSPropertyOp50
 70
     0
102
RTVSPropertyOp51
 70
     0
102
RTVSPropertyOp52
 70
     0
102
RTVSPropertyOp53
 70
     0
102
RTVSPropertyOp54
 70
     0
102
RTVSPropertyOp55
 70
     0
102
RTVSPropertyOp56
 70
     0
102
RTVSPropertyOp57
 70
     0
102
RTVSPost2010Prop28
280
     0
102
RTVSPost2010PropOp28
 70
     0
102
RTVSPost2010Prop29
280
     1
102
RTVSPost2010PropOp29
 70
     0
102
RTVSPost2010Prop30
280
     1
102
RTVSPost2010PropOp30
 70
     0
102
RTVSPost2010Prop31
280
     0
102
RTVSPost2010PropOp31
 70
     0
102
RTVSPost2010Prop32
280
     0
102
RTVSPost2010PropOp32
 70
     0
102
RTVSPost2010Prop33
280
     0
102
RTVSPost2010PropOp33
 70
     0
102
RTVSPost2010Prop34
280
     0
102
RTVSPost2010PropOp34
 70
     0
102
RTVSPost2010Prop35
280
     0
102
RTVSPost2010PropOp35
 70
     0
102
RTVSPost2010Prop36
280
     0
102
RTVSPost2010PropOp36
 70
     0
102
RTVSPost2010Prop37
 90
       50
102
RTVSPost2010PropOp37
 70
     0
102
RTVSPost2010Prop38
140
0.0
102
RTVSPost2010PropOp38
 70
     0
102
RTVSPost2010Prop39
140
1.0
102
RTVSPost2010PropOp39
 70
     0
102
RTVSPost2010Prop40
 90
        0
102
RTVSPost2010PropOp40
 70
     0
102
RTVSPost2010Prop41ColorIndex
 90
       18
102
RTVSPost2010Prop41ColorRGB
 90
        0
102
RTVSPost2010PropOp41
 70
     0
102
RTVSPost2010Prop42
 90
       50
102
RTVSPost2010PropOp42
 70
     0
102
RTVSPost2010Prop43
 90
        3
102
RTVSPost2010PropOp43
 70
     0
102
RTVSPost2010Prop44ColorIndex
 90
        5
102
RTVSPost2010Prop44ColorRGB
 90
      255
102
RTVSPost2010PropOp44
 70
     0
102
RTVSPost2010Prop45
280
     0
102
RTVSPost2010PropOp45
 70
     0
102
RTVSPost2010Prop46
 90
       50
102
RTVSPost2010PropOp46
 70
     0
102
RTVSPost2010Prop47
 90
       50
102
RTVSPost2010PropOp47
 70
     0
102
RTVSPost2010Prop48
 90
       50
102
RTVSPost2010PropOp48
 70
     0
102
RTVSPost2010Prop49
280
     0
102
RTVSPost2010PropOp49
 70
     0
102
RTVSPost2010Prop50
 90
       50
102
RTVSPost2010PropOp50
 70
     0
102
RTVSPost2010Prop51ColorIndex
 90
      256
102
RTVSPost2010Prop51ColorRGB
 90
-16777216
102
RTVSPost2010PropOp51
 70
     0
102
RTVSPost2010Prop52
140
1.0
102
RTVSPost2010PropOp52
 70
     0
102
RTVSPost2010Prop53
 90
        2
102
RTVSPost2010PropOp53
 70
     0
102
RTVSPost2010Prop54
  1
strokes_ogs.tif
102
RTVSPost2010PropOp54
 70
     0
102
RTVSPost2010Prop55
280
     0
102
RTVSPost2010PropOp55
 70
     0
102
RTVSPost2010Prop56
140
1.0
102
RTVSPost2010PropOp56
 70
     0
102
RTVSPost2010Prop57
140
1.0
102
RTVSPost2010PropOp57
 70
     0
  0
XRECORD
  5
46F
102
{ACAD_REACTORS
330
46E
102
}
330
46E
100
AcDbXrecord
280
     1
102
RTVSPropertyOp0
 70
     1
102
RTVSPropertyOp1
 70
     1
102
RTVSPropertyOp2
 70
     1
102
RTVSPropertyOp3
 70
     1
102
RTVSPropertyOp4
 70
     1
102
RTVSPropertyOp5
 70
     1
102
RTVSPropertyOp6
 70
     1
102
RTVSPropertyOp7
 70
     1
102
RTVSPropertyOp8
 70
     1
102
RTVSPropertyOp9
 70
     1
102
RTVSPropertyOp10
 70
     1
102
RTVSPropertyOp11
 70
     1
102
RTVSPropertyOp12
 70
     1
102
RTVSPropertyOp13
 70
     1
102
RTVSPropertyOp14
 70
     1
102
RTVSPropertyOp15
 70
     1
102
RTVSPropertyOp16
 70
     1
102
RTVSPropertyOp17
 70
     1
102
RTVSPropertyOp18
 70
     1
102
RTVSPropertyOp19
 70
     1
102
RTVSPropertyOp20
 70
     1
102
RTVSPropertyOp21
 70
     1
102
RTVSPropertyOp22
 70
     1
102
RTVSPropertyOp23
 70
     1
102
RTVSPropertyOp24
 70
     1
102
RTVSPropertyOp25
 70
     1
102
RTVSPropertyOp26
 70
     1
102
RTVSPropertyOp27
 70
     1
102
RTVSPropertyOp28
 70
     1
102
RTVSPropertyOp29
 70
     1
102
RTVSPropertyOp30
 70
     1
102
RTVSPropertyOp31
 70
     1
102
RTVSPropertyOp32
 70
     1
102
RTVSPropertyOp33
 70
     1
102
RTVSPropertyOp34
 70
     1
102
RTVSPropertyOp35
 70
     1
102
RTVSPropertyOp36
 70
     1
102
RTVSPropertyOp37
 70
     1
102
RTVSPropertyOp38
 70
     1
102
RTVSPropertyOp39
 70
     1
102
RTVSPropertyOp40
 70
     1
102
RTVSPropertyOp41
 70
     1
102
RTVSPropertyOp42
 70
     1
102
RTVSPropertyOp43
 70
     1
102
RTVSPropertyOp44
 70
     1
102
RTVSPropertyOp45
 70
     1
102
RTVSPropertyOp46
 70
     1
102
RTVSPropertyOp47
 70
     1
102
RTVSPropertyOp48
 70
     1
102
RTVSPropertyOp49
 70
     1
102
RTVSPropertyOp50
 70
     1
102
RTVSPropertyOp51
 70
     0
102
RTVSPropertyOp52
 70
     0
102
RTVSPropertyOp53
 70
     1
102
RTVSPropertyOp54
 70
     1
102
RTVSPropertyOp55
 70
     1
102
RTVSPropertyOp56
 70
     1
102
RTVSPropertyOp57
 70
     1
102
RTVSPost2010Prop28
280
     0
102
RTVSPost2010PropOp28
 70
     1
102
RTVSPost2010Prop29
280
     1
102
RTVSPost2010PropOp29
 70
     1
102
RTVSPost2010Prop30
280
     1
102
RTVSPost2010PropOp30
 70
     1
102
RTVSPost2010Prop31
280
     0
102
RTVSPost2010PropOp31
 70
     1
102
RTVSPost2010Prop32
280
     0
102
RTVSPost2010PropOp32
 70
     1
102
RTVSPost2010Prop33
280
     0
102
RTVSPost2010PropOp33
 70
     1
102
RTVSPost2010Prop34
280
     0
102
RTVSPost2010PropOp34
 70
     1
102
RTVSPost2010Prop35
280
     0
102
RTVSPost2010PropOp35
 70
     1
102
RTVSPost2010Prop36
280
     0
102
RTVSPost2010PropOp36
 70
     1
102
RTVSPost2010Prop37
 90
       50
102
RTVSPost2010PropOp37
 70
     1
102
RTVSPost2010Prop38
140
0.0
102
RTVSPost2010PropOp38
 70
     1
102
RTVSPost2010Prop39
140
1.0
102
RTVSPost2010PropOp39
 70
     1
102
RTVSPost2010Prop40
 90
        0
102
RTVSPost2010PropOp40
 70
     1
102
RTVSPost2010Prop41ColorIndex
 90
       18
102
RTVSPost2010Prop41ColorRGB
 90
        0
102
RTVSPost2010PropOp41
 70
     1
102
RTVSPost2010Prop42
 90
       50
102
RTVSPost2010PropOp42
 70
     1
102
RTVSPost2010Prop43
 90
        3
102
RTVSPost2010PropOp43
 70
     1
102
RTVSPost2010Prop44ColorIndex
 90
        5
102
RTVSPost2010Prop44ColorRGB
 90
      255
102
RTVSPost2010PropOp44
 70
     1
102
RTVSPost2010Prop45
280
     0
102
RTVSPost2010PropOp45
 70
     1
102
RTVSPost2010Prop46
 90
       50
102
RTVSPost2010PropOp46
 70
     1
102
RTVSPost2010Prop47
 90
       50
102
RTVSPost2010PropOp47
 70
     1
102
RTVSPost2010Prop48
 90
       50
102
RTVSPost2010PropOp48
 70
     1
102
RTVSPost2010Prop49
280
     0
102
RTVSPost2010PropOp49
 70
     1
102
RTVSPost2010Prop50
 90
       50
102
RTVSPost2010PropOp50
 70
     1
102
RTVSPost2010Prop51ColorIndex
 90
      256
102
RTVSPost2010Prop51ColorRGB
 90
-16777216
102
RTVSPost2010PropOp51
 70
     0
102
RTVSPost2010Prop52
140
1.0
102
RTVSPost2010PropOp52
 70
     0
102
RTVSPost2010Prop53
 90
        2
102
RTVSPost2010PropOp53
 70
     1
102
RTVSPost2010Prop54
  1
strokes_ogs.tif
102
RTVSPost2010PropOp54
 70
     1
102
RTVSPost2010Prop55
280
     0
102
RTVSPost2010PropOp55
 70
     1
102
RTVSPost2010Prop56
140
1.0
102
RTVSPost2010PropOp56
 70
     1
102
RTVSPost2010Prop57
140
1.0
102
RTVSPost2010PropOp57
 70
     1
  0
XRECORD
  5
499
102
{ACAD_REACTORS
330
498
102
}
330
498
100
AcDbXrecord
280
     1
102
RTVSPropertyOp0
 70
     1
102
RTVSPropertyOp1
 70
     1
102
RTVSPropertyOp2
 70
     1
102
RTVSPropertyOp3
 70
     1
102
RTVSPropertyOp4
 70
     1
102
RTVSPropertyOp5
 70
     1
102
RTVSPropertyOp6
 70
     1
102
RTVSPropertyOp7
 70
     1
102
RTVSPropertyOp8
 70
     1
102
RTVSPropertyOp9
 70
     1
102
RTVSPropertyOp10
 70
     1
102
RTVSPropertyOp11
 70
     1
102
RTVSPropertyOp12
 70
     1
102
RTVSPropertyOp13
 70
     1
102
RTVSPropertyOp14
 70
     1
102
RTVSPropertyOp15
 70
     1
102
RTVSPropertyOp16
 70
     1
102
RTVSPropertyOp17
 70
     1
102
RTVSPropertyOp18
 70
     1
102
RTVSPropertyOp19
 70
     1
102
RTVSPropertyOp20
 70
     1
102
RTVSPropertyOp21
 70
     1
102
RTVSPropertyOp22
 70
     1
102
RTVSPropertyOp23
 70
     1
102
RTVSPropertyOp24
 70
     1
102
RTVSPropertyOp25
 70
     1
102
RTVSPropertyOp26
 70
     1
102
RTVSPropertyOp27
 70
     1
102
RTVSPropertyOp28
 70
     1
102
RTVSPropertyOp29
 70
     1
102
RTVSPropertyOp30
 70
     1
102
RTVSPropertyOp31
 70
     1
102
RTVSPropertyOp32
 70
     1
102
RTVSPropertyOp33
 70
     1
102
RTVSPropertyOp34
 70
     1
102
RTVSPropertyOp35
 70
     1
102
RTVSPropertyOp36
 70
     1
102
RTVSPropertyOp37
 70
     1
102
RTVSPropertyOp38
 70
     1
102
RTVSPropertyOp39
 70
     1
102
RTVSPropertyOp40
 70
     1
102
RTVSPropertyOp41
 70
     1
102
RTVSPropertyOp42
 70
     1
102
RTVSPropertyOp43
 70
     1
102
RTVSPropertyOp44
 70
     1
102
RTVSPropertyOp45
 70
     1
102
RTVSPropertyOp46
 70
     1
102
RTVSPropertyOp47
 70
     1
102
RTVSPropertyOp48
 70
     1
102
RTVSPropertyOp49
 70
     1
102
RTVSPropertyOp50
 70
     1
102
RTVSPropertyOp51
 70
     0
102
RTVSPropertyOp52
 70
     0
102
RTVSPropertyOp53
 70
     1
102
RTVSPropertyOp54
 70
     1
102
RTVSPropertyOp55
 70
     1
102
RTVSPropertyOp56
 70
     1
102
RTVSPropertyOp57
 70
     1
102
RTVSPost2010Prop28
280
     0
102
RTVSPost2010PropOp28
 70
     1
102
RTVSPost2010Prop29
280
     1
102
RTVSPost2010PropOp29
 70
     1
102
RTVSPost2010Prop30
280
     1
102
RTVSPost2010PropOp30
 70
     1
102
RTVSPost2010Prop31
280
     0
102
RTVSPost2010PropOp31
 70
     1
102
RTVSPost2010Prop32
280
     0
102
RTVSPost2010PropOp32
 70
     1
102
RTVSPost2010Prop33
280
     0
102
RTVSPost2010PropOp33
 70
     1
102
RTVSPost2010Prop34
280
     0
102
RTVSPost2010PropOp34
 70
     1
102
RTVSPost2010Prop35
280
     0
102
RTVSPost2010PropOp35
 70
     1
102
RTVSPost2010Prop36
280
     0
102
RTVSPost2010PropOp36
 70
     1
102
RTVSPost2010Prop37
 90
       50
102
RTVSPost2010PropOp37
 70
     1
102
RTVSPost2010Prop38
140
0.0
102
RTVSPost2010PropOp38
 70
     1
102
RTVSPost2010Prop39
140
1.0
102
RTVSPost2010PropOp39
 70
     1
102
RTVSPost2010Prop40
 90
        0
102
RTVSPost2010PropOp40
 70
     1
102
RTVSPost2010Prop41ColorIndex
 90
       18
102
RTVSPost2010Prop41ColorRGB
 90
        0
102
RTVSPost2010PropOp41
 70
     1
102
RTVSPost2010Prop42
 90
       50
102
RTVSPost2010PropOp42
 70
     1
102
RTVSPost2010Prop43
 90
        3
102
RTVSPost2010PropOp43
 70
     1
102
RTVSPost2010Prop44ColorIndex
 90
        5
102
RTVSPost2010Prop44ColorRGB
 90
      255
102
RTVSPost2010PropOp44
 70
     1
102
RTVSPost2010Prop45
280
     0
102
RTVSPost2010PropOp45
 70
     1
102
RTVSPost2010Prop46
 90
       50
102
RTVSPost2010PropOp46
 70
     1
102
RTVSPost2010Prop47
 90
       50
102
RTVSPost2010PropOp47
 70
     1
102
RTVSPost2010Prop48
 90
       50
102
RTVSPost2010PropOp48
 70
     1
102
RTVSPost2010Prop49
280
     0
102
RTVSPost2010PropOp49
 70
     1
102
RTVSPost2010Prop50
 90
       50
102
RTVSPost2010PropOp50
 70
     1
102
RTVSPost2010Prop51ColorIndex
 90
      256
102
RTVSPost2010Prop51ColorRGB
 90
-16777216
102
RTVSPost2010PropOp51
 70
     0
102
RTVSPost2010Prop52
140
1.0
102
RTVSPost2010PropOp52
 70
     0
102
RTVSPost2010Prop53
 90
        2
102
RTVSPost2010PropOp53
 70
     1
102
RTVSPost2010Prop54
  1
strokes_ogs.tif
102
RTVSPost2010PropOp54
 70
     1
102
RTVSPost2010Prop55
280
     0
102
RTVSPost2010PropOp55
 70
     1
102
RTVSPost2010Prop56
140
1.0
102
RTVSPost2010PropOp56
 70
     1
102
RTVSPost2010Prop57
140
1.0
102
RTVSPost2010PropOp57
 70
     1
  0
XRECORD
  5
497
102
{ACAD_REACTORS
330
496
102
}
330
496
100
AcDbXrecord
280
     1
102
RTVSPropertyOp0
 70
     1
102
RTVSPropertyOp1
 70
     1
102
RTVSPropertyOp2
 70
     1
102
RTVSPropertyOp3
 70
     1
102
RTVSPropertyOp4
 70
     1
102
RTVSPropertyOp5
 70
     1
102
RTVSPropertyOp6
 70
     1
102
RTVSPropertyOp7
 70
     1
102
RTVSPropertyOp8
 70
     1
102
RTVSPropertyOp9
 70
     1
102
RTVSPropertyOp10
 70
     1
102
RTVSPropertyOp11
 70
     1
102
RTVSPropertyOp12
 70
     1
102
RTVSPropertyOp13
 70
     1
102
RTVSPropertyOp14
 70
     1
102
RTVSPropertyOp15
 70
     1
102
RTVSPropertyOp16
 70
     1
102
RTVSPropertyOp17
 70
     1
102
RTVSPropertyOp18
 70
     1
102
RTVSPropertyOp19
 70
     1
102
RTVSPropertyOp20
 70
     1
102
RTVSPropertyOp21
 70
     1
102
RTVSPropertyOp22
 70
     1
102
RTVSPropertyOp23
 70
     1
102
RTVSPropertyOp24
 70
     1
102
RTVSPropertyOp25
 70
     1
102
RTVSPropertyOp26
 70
     1
102
RTVSPropertyOp27
 70
     1
102
RTVSPropertyOp28
 70
     1
102
RTVSPropertyOp29
 70
     1
102
RTVSPropertyOp30
 70
     1
102
RTVSPropertyOp31
 70
     1
102
RTVSPropertyOp32
 70
     1
102
RTVSPropertyOp33
 70
     1
102
RTVSPropertyOp34
 70
     1
102
RTVSPropertyOp35
 70
     1
102
RTVSPropertyOp36
 70
     1
102
RTVSPropertyOp37
 70
     1
102
RTVSPropertyOp38
 70
     1
102
RTVSPropertyOp39
 70
     1
102
RTVSPropertyOp40
 70
     1
102
RTVSPropertyOp41
 70
     1
102
RTVSPropertyOp42
 70
     1
102
RTVSPropertyOp43
 70
     1
102
RTVSPropertyOp44
 70
     1
102
RTVSPropertyOp45
 70
     1
102
RTVSPropertyOp46
 70
     1
102
RTVSPropertyOp47
 70
     1
102
RTVSPropertyOp48
 70
     1
102
RTVSPropertyOp49
 70
     1
102
RTVSPropertyOp50
 70
     1
102
RTVSPropertyOp51
 70
     0
102
RTVSPropertyOp52
 70
     0
102
RTVSPropertyOp53
 70
     1
102
RTVSPropertyOp54
 70
     1
102
RTVSPropertyOp55
 70
     1
102
RTVSPropertyOp56
 70
     1
102
RTVSPropertyOp57
 70
     1
102
RTVSPost2010Prop28
280
     0
102
RTVSPost2010PropOp28
 70
     1
102
RTVSPost2010Prop29
280
     1
102
RTVSPost2010PropOp29
 70
     1
102
RTVSPost2010Prop30
280
     1
102
RTVSPost2010PropOp30
 70
     1
102
RTVSPost2010Prop31
280
     0
102
RTVSPost2010PropOp31
 70
     1
102
RTVSPost2010Prop32
280
     0
102
RTVSPost2010PropOp32
 70
     1
102
RTVSPost2010Prop33
280
     0
102
RTVSPost2010PropOp33
 70
     1
102
RTVSPost2010Prop34
280
     0
102
RTVSPost2010PropOp34
 70
     1
102
RTVSPost2010Prop35
280
     0
102
RTVSPost2010PropOp35
 70
     1
102
RTVSPost2010Prop36
280
     0
102
RTVSPost2010PropOp36
 70
     1
102
RTVSPost2010Prop37
 90
       50
102
RTVSPost2010PropOp37
 70
     1
102
RTVSPost2010Prop38
140
0.0
102
RTVSPost2010PropOp38
 70
     1
102
RTVSPost2010Prop39
140
1.0
102
RTVSPost2010PropOp39
 70
     1
102
RTVSPost2010Prop40
 90
        0
102
RTVSPost2010PropOp40
 70
     1
102
RTVSPost2010Prop41ColorIndex
 90
       18
102
RTVSPost2010Prop41ColorRGB
 90
        0
102
RTVSPost2010PropOp41
 70
     1
102
RTVSPost2010Prop42
 90
       50
102
RTVSPost2010PropOp42
 70
     1
102
RTVSPost2010Prop43
 90
        3
102
RTVSPost2010PropOp43
 70
     1
102
RTVSPost2010Prop44ColorIndex
 90
        5
102
RTVSPost2010Prop44ColorRGB
 90
      255
102
RTVSPost2010PropOp44
 70
     1
102
RTVSPost2010Prop45
280
     0
102
RTVSPost2010PropOp45
 70
     1
102
RTVSPost2010Prop46
 90
       50
102
RTVSPost2010PropOp46
 70
     1
102
RTVSPost2010Prop47
 90
       50
102
RTVSPost2010PropOp47
 70
     1
102
RTVSPost2010Prop48
 90
       50
102
RTVSPost2010PropOp48
 70
     1
102
RTVSPost2010Prop49
280
     0
102
RTVSPost2010PropOp49
 70
     1
102
RTVSPost2010Prop50
 90
       50
102
RTVSPost2010PropOp50
 70
     1
102
RTVSPost2010Prop51ColorIndex
 90
      256
102
RTVSPost2010Prop51ColorRGB
 90
-16777216
102
RTVSPost2010PropOp51
 70
     0
102
RTVSPost2010Prop52
140
1.0
102
RTVSPost2010PropOp52
 70
     0
102
RTVSPost2010Prop53
 90
        2
102
RTVSPost2010PropOp53
 70
     1
102
RTVSPost2010Prop54
  1
strokes_ogs.tif
102
RTVSPost2010PropOp54
 70
     1
102
RTVSPost2010Prop55
280
     0
102
RTVSPost2010PropOp55
 70
     1
102
RTVSPost2010Prop56
140
1.0
102
RTVSPost2010PropOp56
 70
     1
102
RTVSPost2010Prop57
140
1.0
102
RTVSPost2010PropOp57
 70
     1
  0
XRECORD
  5
491
102
{ACAD_REACTORS
330
490
102
}
330
490
100
AcDbXrecord
280
     1
102
RTVSPropertyOp0
 70
     1
102
RTVSPropertyOp1
 70
     1
102
RTVSPropertyOp2
 70
     1
102
RTVSPropertyOp3
 70
     1
102
RTVSPropertyOp4
 70
     1
102
RTVSPropertyOp5
 70
     1
102
RTVSPropertyOp6
 70
     1
102
RTVSPropertyOp7
 70
     1
102
RTVSPropertyOp8
 70
     1
102
RTVSPropertyOp9
 70
     1
102
RTVSPropertyOp10
 70
     1
102
RTVSPropertyOp11
 70
     1
102
RTVSPropertyOp12
 70
     1
102
RTVSPropertyOp13
 70
     1
102
RTVSPropertyOp14
 70
     1
102
RTVSPropertyOp15
 70
     1
102
RTVSPropertyOp16
 70
     1
102
RTVSPropertyOp17
 70
     1
102
RTVSPropertyOp18
 70
     1
102
RTVSPropertyOp19
 70
     1
102
RTVSPropertyOp20
 70
     1
102
RTVSPropertyOp21
 70
     1
102
RTVSPropertyOp22
 70
     1
102
RTVSPropertyOp23
 70
     1
102
RTVSPropertyOp24
 70
     1
102
RTVSPropertyOp25
 70
     1
102
RTVSPropertyOp26
 70
     1
102
RTVSPropertyOp27
 70
     1
102
RTVSPropertyOp28
 70
     1
102
RTVSPropertyOp29
 70
     1
102
RTVSPropertyOp30
 70
     1
102
RTVSPropertyOp31
 70
     1
102
RTVSPropertyOp32
 70
     1
102
RTVSPropertyOp33
 70
     1
102
RTVSPropertyOp34
 70
     1
102
RTVSPropertyOp35
 70
     1
102
RTVSPropertyOp36
 70
     1
102
RTVSPropertyOp37
 70
     1
102
RTVSPropertyOp38
 70
     1
102
RTVSPropertyOp39
 70
     1
102
RTVSPropertyOp40
 70
     1
102
RTVSPropertyOp41
 70
     1
102
RTVSPropertyOp42
 70
     1
102
RTVSPropertyOp43
 70
     1
102
RTVSPropertyOp44
 70
     1
102
RTVSPropertyOp45
 70
     1
102
RTVSPropertyOp46
 70
     1
102
RTVSPropertyOp47
 70
     1
102
RTVSPropertyOp48
 70
     1
102
RTVSPropertyOp49
 70
     1
102
RTVSPropertyOp50
 70
     1
102
RTVSPropertyOp51
 70
     0
102
RTVSPropertyOp52
 70
     0
102
RTVSPropertyOp53
 70
     1
102
RTVSPropertyOp54
 70
     1
102
RTVSPropertyOp55
 70
     1
102
RTVSPropertyOp56
 70
     1
102
RTVSPropertyOp57
 70
     1
102
RTVSPost2010Prop28
280
     0
102
RTVSPost2010PropOp28
 70
     1
102
RTVSPost2010Prop29
280
     1
102
RTVSPost2010PropOp29
 70
     1
102
RTVSPost2010Prop30
280
     1
102
RTVSPost2010PropOp30
 70
     1
102
RTVSPost2010Prop31
280
     0
102
RTVSPost2010PropOp31
 70
     1
102
RTVSPost2010Prop32
280
     0
102
RTVSPost2010PropOp32
 70
     1
102
RTVSPost2010Prop33
280
     0
102
RTVSPost2010PropOp33
 70
     1
102
RTVSPost2010Prop34
280
     0
102
RTVSPost2010PropOp34
 70
     1
102
RTVSPost2010Prop35
280
     0
102
RTVSPost2010PropOp35
 70
     1
102
RTVSPost2010Prop36
280
     0
102
RTVSPost2010PropOp36
 70
     1
102
RTVSPost2010Prop37
 90
       50
102
RTVSPost2010PropOp37
 70
     1
102
RTVSPost2010Prop38
140
0.0
102
RTVSPost2010PropOp38
 70
     1
102
RTVSPost2010Prop39
140
1.0
102
RTVSPost2010PropOp39
 70
     1
102
RTVSPost2010Prop40
 90
        0
102
RTVSPost2010PropOp40
 70
     1
102
RTVSPost2010Prop41ColorIndex
 90
       18
102
RTVSPost2010Prop41ColorRGB
 90
        0
102
RTVSPost2010PropOp41
 70
     1
102
RTVSPost2010Prop42
 90
       50
102
RTVSPost2010PropOp42
 70
     1
102
RTVSPost2010Prop43
 90
        3
102
RTVSPost2010PropOp43
 70
     1
102
RTVSPost2010Prop44ColorIndex
 90
        5
102
RTVSPost2010Prop44ColorRGB
 90
      255
102
RTVSPost2010PropOp44
 70
     1
102
RTVSPost2010Prop45
280
     0
102
RTVSPost2010PropOp45
 70
     1
102
RTVSPost2010Prop46
 90
       50
102
RTVSPost2010PropOp46
 70
     1
102
RTVSPost2010Prop47
 90
       50
102
RTVSPost2010PropOp47
 70
     1
102
RTVSPost2010Prop48
 90
       50
102
RTVSPost2010PropOp48
 70
     1
102
RTVSPost2010Prop49
280
     0
102
RTVSPost2010PropOp49
 70
     1
102
RTVSPost2010Prop50
 90
       50
102
RTVSPost2010PropOp50
 70
     1
102
RTVSPost2010Prop51ColorIndex
 90
      256
102
RTVSPost2010Prop51ColorRGB
 90
-16777216
102
RTVSPost2010PropOp51
 70
     0
102
RTVSPost2010Prop52
140
1.0
102
RTVSPost2010PropOp52
 70
     0
102
RTVSPost2010Prop53
 90
        2
102
RTVSPost2010PropOp53
 70
     1
102
RTVSPost2010Prop54
  1
strokes_ogs.tif
102
RTVSPost2010PropOp54
 70
     1
102
RTVSPost2010Prop55
280
     0
102
RTVSPost2010PropOp55
 70
     1
102
RTVSPost2010Prop56
140
1.0
102
RTVSPost2010PropOp56
 70
     1
102
RTVSPost2010Prop57
140
1.0
102
RTVSPost2010PropOp57
 70
     1
  0
XRECORD
  5
493
102
{ACAD_REACTORS
330
492
102
}
330
492
100
AcDbXrecord
280
     1
102
RTVSPropertyOp0
 70
     1
102
RTVSPropertyOp1
 70
     1
102
RTVSPropertyOp2
 70
     1
102
RTVSPropertyOp3
 70
     1
102
RTVSPropertyOp4
 70
     1
102
RTVSPropertyOp5
 70
     1
102
RTVSPropertyOp6
 70
     1
102
RTVSPropertyOp7
 70
     1
102
RTVSPropertyOp8
 70
     1
102
RTVSPropertyOp9
 70
     1
102
RTVSPropertyOp10
 70
     1
102
RTVSPropertyOp11
 70
     1
102
RTVSPropertyOp12
 70
     1
102
RTVSPropertyOp13
 70
     1
102
RTVSPropertyOp14
 70
     1
102
RTVSPropertyOp15
 70
     1
102
RTVSPropertyOp16
 70
     1
102
RTVSPropertyOp17
 70
     1
102
RTVSPropertyOp18
 70
     1
102
RTVSPropertyOp19
 70
     1
102
RTVSPropertyOp20
 70
     1
102
RTVSPropertyOp21
 70
     1
102
RTVSPropertyOp22
 70
     1
102
RTVSPropertyOp23
 70
     1
102
RTVSPropertyOp24
 70
     1
102
RTVSPropertyOp25
 70
     1
102
RTVSPropertyOp26
 70
     1
102
RTVSPropertyOp27
 70
     1
102
RTVSPropertyOp28
 70
     1
102
RTVSPropertyOp29
 70
     1
102
RTVSPropertyOp30
 70
     1
102
RTVSPropertyOp31
 70
     1
102
RTVSPropertyOp32
 70
     1
102
RTVSPropertyOp33
 70
     1
102
RTVSPropertyOp34
 70
     1
102
RTVSPropertyOp35
 70
     1
102
RTVSPropertyOp36
 70
     1
102
RTVSPropertyOp37
 70
     1
102
RTVSPropertyOp38
 70
     1
102
RTVSPropertyOp39
 70
     1
102
RTVSPropertyOp40
 70
     1
102
RTVSPropertyOp41
 70
     1
102
RTVSPropertyOp42
 70
     1
102
RTVSPropertyOp43
 70
     1
102
RTVSPropertyOp44
 70
     1
102
RTVSPropertyOp45
 70
     1
102
RTVSPropertyOp46
 70
     1
102
RTVSPropertyOp47
 70
     1
102
RTVSPropertyOp48
 70
     1
102
RTVSPropertyOp49
 70
     1
102
RTVSPropertyOp50
 70
     1
102
RTVSPropertyOp51
 70
     0
102
RTVSPropertyOp52
 70
     0
102
RTVSPropertyOp53
 70
     1
102
RTVSPropertyOp54
 70
     1
102
RTVSPropertyOp55
 70
     1
102
RTVSPropertyOp56
 70
     1
102
RTVSPropertyOp57
 70
     1
102
RTVSPost2010Prop28
280
     0
102
RTVSPost2010PropOp28
 70
     1
102
RTVSPost2010Prop29
280
     1
102
RTVSPost2010PropOp29
 70
     1
102
RTVSPost2010Prop30
280
     1
102
RTVSPost2010PropOp30
 70
     1
102
RTVSPost2010Prop31
280
     0
102
RTVSPost2010PropOp31
 70
     1
102
RTVSPost2010Prop32
280
     0
102
RTVSPost2010PropOp32
 70
     1
102
RTVSPost2010Prop33
280
     0
102
RTVSPost2010PropOp33
 70
     1
102
RTVSPost2010Prop34
280
     0
102
RTVSPost2010PropOp34
 70
     1
102
RTVSPost2010Prop35
280
     0
102
RTVSPost2010PropOp35
 70
     1
102
RTVSPost2010Prop36
280
     0
102
RTVSPost2010PropOp36
 70
     1
102
RTVSPost2010Prop37
 90
       50
102
RTVSPost2010PropOp37
 70
     1
102
RTVSPost2010Prop38
140
0.0
102
RTVSPost2010PropOp38
 70
     1
102
RTVSPost2010Prop39
140
1.0
102
RTVSPost2010PropOp39
 70
     1
102
RTVSPost2010Prop40
 90
        0
102
RTVSPost2010PropOp40
 70
     1
102
RTVSPost2010Prop41ColorIndex
 90
       18
102
RTVSPost2010Prop41ColorRGB
 90
        0
102
RTVSPost2010PropOp41
 70
     1
102
RTVSPost2010Prop42
 90
       50
102
RTVSPost2010PropOp42
 70
     1
102
RTVSPost2010Prop43
 90
        3
102
RTVSPost2010PropOp43
 70
     1
102
RTVSPost2010Prop44ColorIndex
 90
        5
102
RTVSPost2010Prop44ColorRGB
 90
      255
102
RTVSPost2010PropOp44
 70
     1
102
RTVSPost2010Prop45
280
     0
102
RTVSPost2010PropOp45
 70
     1
102
RTVSPost2010Prop46
 90
       50
102
RTVSPost2010PropOp46
 70
     1
102
RTVSPost2010Prop47
 90
       50
102
RTVSPost2010PropOp47
 70
     1
102
RTVSPost2010Prop48
 90
       50
102
RTVSPost2010PropOp48
 70
     1
102
RTVSPost2010Prop49
280
     0
102
RTVSPost2010PropOp49
 70
     1
102
RTVSPost2010Prop50
 90
       50
102
RTVSPost2010PropOp50
 70
     1
102
RTVSPost2010Prop51ColorIndex
 90
      256
102
RTVSPost2010Prop51ColorRGB
 90
-16777216
102
RTVSPost2010PropOp51
 70
     0
102
RTVSPost2010Prop52
140
1.0
102
RTVSPost2010PropOp52
 70
     0
102
RTVSPost2010Prop53
 90
        2
102
RTVSPost2010PropOp53
 70
     1
102
RTVSPost2010Prop54
  1
strokes_ogs.tif
102
RTVSPost2010PropOp54
 70
     1
102
RTVSPost2010Prop55
280
     0
102
RTVSPost2010PropOp55
 70
     1
102
RTVSPost2010Prop56
140
1.0
102
RTVSPost2010PropOp56
 70
     1
102
RTVSPost2010Prop57
140
1.0
102
RTVSPost2010PropOp57
 70
     1
  0
XRECORD
  5
485
102
{ACAD_REACTORS
330
484
102
}
330
484
100
AcDbXrecord
280
     1
102
RTVSPropertyOp0
 70
     1
102
RTVSPropertyOp1
 70
     1
102
RTVSPropertyOp2
 70
     1
102
RTVSPropertyOp3
 70
     1
102
RTVSPropertyOp4
 70
     1
102
RTVSPropertyOp5
 70
     1
102
RTVSPropertyOp6
 70
     1
102
RTVSPropertyOp7
 70
     1
102
RTVSPropertyOp8
 70
     1
102
RTVSPropertyOp9
 70
     1
102
RTVSPropertyOp10
 70
     1
102
RTVSPropertyOp11
 70
     1
102
RTVSPropertyOp12
 70
     1
102
RTVSPropertyOp13
 70
     1
102
RTVSPropertyOp14
 70
     1
102
RTVSPropertyOp15
 70
     1
102
RTVSPropertyOp16
 70
     1
102
RTVSPropertyOp17
 70
     1
102
RTVSPropertyOp18
 70
     1
102
RTVSPropertyOp19
 70
     1
102
RTVSPropertyOp20
 70
     1
102
RTVSPropertyOp21
 70
     1
102
RTVSPropertyOp22
 70
     1
102
RTVSPropertyOp23
 70
     1
102
RTVSPropertyOp24
 70
     1
102
RTVSPropertyOp25
 70
     1
102
RTVSPropertyOp26
 70
     1
102
RTVSPropertyOp27
 70
     1
102
RTVSPropertyOp28
 70
     1
102
RTVSPropertyOp29
 70
     1
102
RTVSPropertyOp30
 70
     1
102
RTVSPropertyOp31
 70
     1
102
RTVSPropertyOp32
 70
     1
102
RTVSPropertyOp33
 70
     1
102
RTVSPropertyOp34
 70
     1
102
RTVSPropertyOp35
 70
     1
102
RTVSPropertyOp36
 70
     1
102
RTVSPropertyOp37
 70
     1
102
RTVSPropertyOp38
 70
     1
102
RTVSPropertyOp39
 70
     1
102
RTVSPropertyOp40
 70
     1
102
RTVSPropertyOp41
 70
     1
102
RTVSPropertyOp42
 70
     1
102
RTVSPropertyOp43
 70
     1
102
RTVSPropertyOp44
 70
     1
102
RTVSPropertyOp45
 70
     1
102
RTVSPropertyOp46
 70
     1
102
RTVSPropertyOp47
 70
     1
102
RTVSPropertyOp48
 70
     1
102
RTVSPropertyOp49
 70
     1
102
RTVSPropertyOp50
 70
     1
102
RTVSPropertyOp51
 70
     0
102
RTVSPropertyOp52
 70
     0
102
RTVSPropertyOp53
 70
     1
102
RTVSPropertyOp54
 70
     1
102
RTVSPropertyOp55
 70
     1
102
RTVSPropertyOp56
 70
     1
102
RTVSPropertyOp57
 70
     1
102
RTVSPost2010Prop28
280
     0
102
RTVSPost2010PropOp28
 70
     1
102
RTVSPost2010Prop29
280
     1
102
RTVSPost2010PropOp29
 70
     1
102
RTVSPost2010Prop30
280
     1
102
RTVSPost2010PropOp30
 70
     1
102
RTVSPost2010Prop31
280
     0
102
RTVSPost2010PropOp31
 70
     1
102
RTVSPost2010Prop32
280
     0
102
RTVSPost2010PropOp32
 70
     1
102
RTVSPost2010Prop33
280
     0
102
RTVSPost2010PropOp33
 70
     1
102
RTVSPost2010Prop34
280
     0
102
RTVSPost2010PropOp34
 70
     1
102
RTVSPost2010Prop35
280
     0
102
RTVSPost2010PropOp35
 70
     1
102
RTVSPost2010Prop36
280
     0
102
RTVSPost2010PropOp36
 70
     1
102
RTVSPost2010Prop37
 90
       50
102
RTVSPost2010PropOp37
 70
     1
102
RTVSPost2010Prop38
140
0.0
102
RTVSPost2010PropOp38
 70
     1
102
RTVSPost2010Prop39
140
1.0
102
RTVSPost2010PropOp39
 70
     1
102
RTVSPost2010Prop40
 90
        0
102
RTVSPost2010PropOp40
 70
     1
102
RTVSPost2010Prop41ColorIndex
 90
       18
102
RTVSPost2010Prop41ColorRGB
 90
        0
102
RTVSPost2010PropOp41
 70
     1
102
RTVSPost2010Prop42
 90
       50
102
RTVSPost2010PropOp42
 70
     1
102
RTVSPost2010Prop43
 90
        3
102
RTVSPost2010PropOp43
 70
     1
102
RTVSPost2010Prop44ColorIndex
 90
        5
102
RTVSPost2010Prop44ColorRGB
 90
      255
102
RTVSPost2010PropOp44
 70
     1
102
RTVSPost2010Prop45
280
     0
102
RTVSPost2010PropOp45
 70
     1
102
RTVSPost2010Prop46
 90
       50
102
RTVSPost2010PropOp46
 70
     1
102
RTVSPost2010Prop47
 90
       50
102
RTVSPost2010PropOp47
 70
     1
102
RTVSPost2010Prop48
 90
       50
102
RTVSPost2010PropOp48
 70
     1
102
RTVSPost2010Prop49
280
     0
102
RTVSPost2010PropOp49
 70
     1
102
RTVSPost2010Prop50
 90
       50
102
RTVSPost2010PropOp50
 70
     1
102
RTVSPost2010Prop51ColorIndex
 90
      256
102
RTVSPost2010Prop51ColorRGB
 90
-16777216
102
RTVSPost2010PropOp51
 70
     0
102
RTVSPost2010Prop52
140
1.0
102
RTVSPost2010PropOp52
 70
     0
102
RTVSPost2010Prop53
 90
        2
102
RTVSPost2010PropOp53
 70
     1
102
RTVSPost2010Prop54
  1
strokes_ogs.tif
102
RTVSPost2010PropOp54
 70
     1
102
RTVSPost2010Prop55
280
     0
102
RTVSPost2010PropOp55
 70
     1
102
RTVSPost2010Prop56
140
1.0
102
RTVSPost2010PropOp56
 70
     1
102
RTVSPost2010Prop57
140
1.0
102
RTVSPost2010PropOp57
 70
     1
  0
XRECORD
  5
471
102
{ACAD_REACTORS
330
470
102
}
330
470
100
AcDbXrecord
280
     1
102
RTVSPropertyOp0
 70
     1
102
RTVSPropertyOp1
 70
     1
102
RTVSPropertyOp2
 70
     1
102
RTVSPropertyOp3
 70
     1
102
RTVSPropertyOp4
 70
     1
102
RTVSPropertyOp5
 70
     1
102
RTVSPropertyOp6
 70
     1
102
RTVSPropertyOp7
 70
     1
102
RTVSPropertyOp8
 70
     1
102
RTVSPropertyOp9
 70
     1
102
RTVSPropertyOp10
 70
     1
102
RTVSPropertyOp11
 70
     1
102
RTVSPropertyOp12
 70
     1
102
RTVSPropertyOp13
 70
     1
102
RTVSPropertyOp14
 70
     1
102
RTVSPropertyOp15
 70
     1
102
RTVSPropertyOp16
 70
     1
102
RTVSPropertyOp17
 70
     1
102
RTVSPropertyOp18
 70
     1
102
RTVSPropertyOp19
 70
     1
102
RTVSPropertyOp20
 70
     1
102
RTVSPropertyOp21
 70
     1
102
RTVSPropertyOp22
 70
     1
102
RTVSPropertyOp23
 70
     1
102
RTVSPropertyOp24
 70
     1
102
RTVSPropertyOp25
 70
     1
102
RTVSPropertyOp26
 70
     1
102
RTVSPropertyOp27
 70
     1
102
RTVSPropertyOp28
 70
     1
102
RTVSPropertyOp29
 70
     1
102
RTVSPropertyOp30
 70
     1
102
RTVSPropertyOp31
 70
     1
102
RTVSPropertyOp32
 70
     1
102
RTVSPropertyOp33
 70
     1
102
RTVSPropertyOp34
 70
     1
102
RTVSPropertyOp35
 70
     1
102
RTVSPropertyOp36
 70
     1
102
RTVSPropertyOp37
 70
     1
102
RTVSPropertyOp38
 70
     1
102
RTVSPropertyOp39
 70
     1
102
RTVSPropertyOp40
 70
     1
102
RTVSPropertyOp41
 70
     1
102
RTVSPropertyOp42
 70
     1
102
RTVSPropertyOp43
 70
     1
102
RTVSPropertyOp44
 70
     1
102
RTVSPropertyOp45
 70
     1
102
RTVSPropertyOp46
 70
     1
102
RTVSPropertyOp47
 70
     1
102
RTVSPropertyOp48
 70
     1
102
RTVSPropertyOp49
 70
     1
102
RTVSPropertyOp50
 70
     1
102
RTVSPropertyOp51
 70
     0
102
RTVSPropertyOp52
 70
     0
102
RTVSPropertyOp53
 70
     1
102
RTVSPropertyOp54
 70
     1
102
RTVSPropertyOp55
 70
     1
102
RTVSPropertyOp56
 70
     1
102
RTVSPropertyOp57
 70
     1
102
RTVSPost2010Prop28
280
     0
102
RTVSPost2010PropOp28
 70
     1
102
RTVSPost2010Prop29
280
     1
102
RTVSPost2010PropOp29
 70
     1
102
RTVSPost2010Prop30
280
     1
102
RTVSPost2010PropOp30
 70
     1
102
RTVSPost2010Prop31
280
     0
102
RTVSPost2010PropOp31
 70
     1
102
RTVSPost2010Prop32
280
     0
102
RTVSPost2010PropOp32
 70
     1
102
RTVSPost2010Prop33
280
     0
102
RTVSPost2010PropOp33
 70
     1
102
RTVSPost2010Prop34
280
     0
102
RTVSPost2010PropOp34
 70
     1
102
RTVSPost2010Prop35
280
     0
102
RTVSPost2010PropOp35
 70
     1
102
RTVSPost2010Prop36
280
     0
102
RTVSPost2010PropOp36
 70
     1
102
RTVSPost2010Prop37
 90
       50
102
RTVSPost2010PropOp37
 70
     1
102
RTVSPost2010Prop38
140
0.0
102
RTVSPost2010PropOp38
 70
     1
102
RTVSPost2010Prop39
140
1.0
102
RTVSPost2010PropOp39
 70
     1
102
RTVSPost2010Prop40
 90
        0
102
RTVSPost2010PropOp40
 70
     1
102
RTVSPost2010Prop41ColorIndex
 90
       18
102
RTVSPost2010Prop41ColorRGB
 90
        0
102
RTVSPost2010PropOp41
 70
     1
102
RTVSPost2010Prop42
 90
       50
102
RTVSPost2010PropOp42
 70
     1
102
RTVSPost2010Prop43
 90
        3
102
RTVSPost2010PropOp43
 70
     1
102
RTVSPost2010Prop44ColorIndex
 90
        5
102
RTVSPost2010Prop44ColorRGB
 90
      255
102
RTVSPost2010PropOp44
 70
     1
102
RTVSPost2010Prop45
280
     0
102
RTVSPost2010PropOp45
 70
     1
102
RTVSPost2010Prop46
 90
       50
102
RTVSPost2010PropOp46
 70
     1
102
RTVSPost2010Prop47
 90
       50
102
RTVSPost2010PropOp47
 70
     1
102
RTVSPost2010Prop48
 90
       50
102
RTVSPost2010PropOp48
 70
     1
102
RTVSPost2010Prop49
280
     0
102
RTVSPost2010PropOp49
 70
     1
102
RTVSPost2010Prop50
 90
       50
102
RTVSPost2010PropOp50
 70
     1
102
RTVSPost2010Prop51ColorIndex
 90
      256
102
RTVSPost2010Prop51ColorRGB
 90
-16777216
102
RTVSPost2010PropOp51
 70
     0
102
RTVSPost2010Prop52
140
1.0
102
RTVSPost2010PropOp52
 70
     0
102
RTVSPost2010Prop53
 90
        2
102
RTVSPost2010PropOp53
 70
     1
102
RTVSPost2010Prop54
  1
strokes_ogs.tif
102
RTVSPost2010PropOp54
 70
     1
102
RTVSPost2010Prop55
280
     0
102
RTVSPost2010PropOp55
 70
     1
102
RTVSPost2010Prop56
140
1.0
102
RTVSPost2010PropOp56
 70
     1
102
RTVSPost2010Prop57
140
1.0
102
RTVSPost2010PropOp57
 70
     1
  0
XRECORD
  5
495
102
{ACAD_REACTORS
330
494
102
}
330
494
100
AcDbXrecord
280
     1
102
RTVSPropertyOp0
 70
     1
102
RTVSPropertyOp1
 70
     1
102
RTVSPropertyOp2
 70
     1
102
RTVSPropertyOp3
 70
     1
102
RTVSPropertyOp4
 70
     1
102
RTVSPropertyOp5
 70
     1
102
RTVSPropertyOp6
 70
     1
102
RTVSPropertyOp7
 70
     1
102
RTVSPropertyOp8
 70
     1
102
RTVSPropertyOp9
 70
     1
102
RTVSPropertyOp10
 70
     1
102
RTVSPropertyOp11
 70
     1
102
RTVSPropertyOp12
 70
     1
102
RTVSPropertyOp13
 70
     1
102
RTVSPropertyOp14
 70
     1
102
RTVSPropertyOp15
 70
     1
102
RTVSPropertyOp16
 70
     1
102
RTVSPropertyOp17
 70
     1
102
RTVSPropertyOp18
 70
     1
102
RTVSPropertyOp19
 70
     1
102
RTVSPropertyOp20
 70
     1
102
RTVSPropertyOp21
 70
     1
102
RTVSPropertyOp22
 70
     1
102
RTVSPropertyOp23
 70
     1
102
RTVSPropertyOp24
 70
     1
102
RTVSPropertyOp25
 70
     1
102
RTVSPropertyOp26
 70
     1
102
RTVSPropertyOp27
 70
     1
102
RTVSPropertyOp28
 70
     1
102
RTVSPropertyOp29
 70
     1
102
RTVSPropertyOp30
 70
     1
102
RTVSPropertyOp31
 70
     1
102
RTVSPropertyOp32
 70
     1
102
RTVSPropertyOp33
 70
     1
102
RTVSPropertyOp34
 70
     1
102
RTVSPropertyOp35
 70
     1
102
RTVSPropertyOp36
 70
     1
102
RTVSPropertyOp37
 70
     1
102
RTVSPropertyOp38
 70
     1
102
RTVSPropertyOp39
 70
     1
102
RTVSPropertyOp40
 70
     1
102
RTVSPropertyOp41
 70
     1
102
RTVSPropertyOp42
 70
     1
102
RTVSPropertyOp43
 70
     1
102
RTVSPropertyOp44
 70
     1
102
RTVSPropertyOp45
 70
     1
102
RTVSPropertyOp46
 70
     1
102
RTVSPropertyOp47
 70
     1
102
RTVSPropertyOp48
 70
     1
102
RTVSPropertyOp49
 70
     1
102
RTVSPropertyOp50
 70
     1
102
RTVSPropertyOp51
 70
     0
102
RTVSPropertyOp52
 70
     0
102
RTVSPropertyOp53
 70
     1
102
RTVSPropertyOp54
 70
     1
102
RTVSPropertyOp55
 70
     1
102
RTVSPropertyOp56
 70
     1
102
RTVSPropertyOp57
 70
     1
102
RTVSPost2010Prop28
280
     0
102
RTVSPost2010PropOp28
 70
     1
102
RTVSPost2010Prop29
280
     1
102
RTVSPost2010PropOp29
 70
     1
102
RTVSPost2010Prop30
280
     1
102
RTVSPost2010PropOp30
 70
     1
102
RTVSPost2010Prop31
280
     0
102
RTVSPost2010PropOp31
 70
     1
102
RTVSPost2010Prop32
280
     0
102
RTVSPost2010PropOp32
 70
     1
102
RTVSPost2010Prop33
280
     0
102
RTVSPost2010PropOp33
 70
     1
102
RTVSPost2010Prop34
280
     0
102
RTVSPost2010PropOp34
 70
     1
102
RTVSPost2010Prop35
280
     0
102
RTVSPost2010PropOp35
 70
     1
102
RTVSPost2010Prop36
280
     0
102
RTVSPost2010PropOp36
 70
     1
102
RTVSPost2010Prop37
 90
       50
102
RTVSPost2010PropOp37
 70
     1
102
RTVSPost2010Prop38
140
0.0
102
RTVSPost2010PropOp38
 70
     1
102
RTVSPost2010Prop39
140
1.0
102
RTVSPost2010PropOp39
 70
     1
102
RTVSPost2010Prop40
 90
        0
102
RTVSPost2010PropOp40
 70
     1
102
RTVSPost2010Prop41ColorIndex
 90
       18
102
RTVSPost2010Prop41ColorRGB
 90
        0
102
RTVSPost2010PropOp41
 70
     1
102
RTVSPost2010Prop42
 90
       50
102
RTVSPost2010PropOp42
 70
     1
102
RTVSPost2010Prop43
 90
        3
102
RTVSPost2010PropOp43
 70
     1
102
RTVSPost2010Prop44ColorIndex
 90
        5
102
RTVSPost2010Prop44ColorRGB
 90
      255
102
RTVSPost2010PropOp44
 70
     1
102
RTVSPost2010Prop45
280
     0
102
RTVSPost2010PropOp45
 70
     1
102
RTVSPost2010Prop46
 90
       50
102
RTVSPost2010PropOp46
 70
     1
102
RTVSPost2010Prop47
 90
       50
102
RTVSPost2010PropOp47
 70
     1
102
RTVSPost2010Prop48
 90
       50
102
RTVSPost2010PropOp48
 70
     1
102
RTVSPost2010Prop49
280
     0
102
RTVSPost2010PropOp49
 70
     1
102
RTVSPost2010Prop50
 90
       50
102
RTVSPost2010PropOp50
 70
     1
102
RTVSPost2010Prop51ColorIndex
 90
      256
102
RTVSPost2010Prop51ColorRGB
 90
-16777216
102
RTVSPost2010PropOp51
 70
     0
102
RTVSPost2010Prop52
140
1.0
102
RTVSPost2010PropOp52
 70
     0
102
RTVSPost2010Prop53
 90
        2
102
RTVSPost2010PropOp53
 70
     1
102
RTVSPost2010Prop54
  1
strokes_ogs.tif
102
RTVSPost2010PropOp54
 70
     1
102
RTVSPost2010Prop55
280
     0
102
RTVSPost2010PropOp55
 70
     1
102
RTVSPost2010Prop56
140
1.0
102
RTVSPost2010PropOp56
 70
     1
102
RTVSPost2010Prop57
140
1.0
102
RTVSPost2010PropOp57
 70
     1
  0
ENDSEC
  0
EOF
