  0
SECTION
  2
HEADER
  9
$ACADVER
  1
AC1018
  9
$ACADMAINTVER
 70
     0
  9
$DWGCODEPAGE
  3
ANSI_1255
  9
$LASTSAVEDBY
  1
cloudconvert
  9
$INSBASE
 10
90035.93522998356
 20
-154603.0978952169
 30
0.0
  9
$EXTMIN
 10
2038.411601894206
 20
-169326.1537668321
 30
-43097.28430684599
  9
$EXTMAX
 10
608873.9049144303
 20
13361.84042745512
 30
2.9824058775791
  9
$LIMMIN
 10
0.0
 20
0.0
  9
$LIMMAX
 10
420.0
 20
297.0
  9
$ORTHOMODE
 70
     1
  9
$REGENMODE
 70
     1
  9
$FILLMODE
 70
     1
  9
$QTEXTMODE
 70
     0
  9
$MIRRTEXT
 70
     0
  9
$LTSCALE
 40
1.0
  9
$ATTMODE
 70
     1
  9
$TEXTSIZE
 40
2.5
  9
$TRACEWID
 40
1.0
  9
$TEXTSTYLE
  7
Standard
  9
$CLAYER
  8
0
  9
$CELTYPE
  6
ByLayer
  9
$CECOLOR
 62
   256
  9
$CELTSCALE
 40
1.0
  9
$DISPSILH
 70
     0
  9
$DIMSCALE
 40
1.0
  9
$DIMASZ
 40
30.0
  9
$DIMEXO
 40
20.0
  9
$DIMDLI
 40
0.38
  9
$DIMRND
 40
0.0
  9
$DIMDLE
 40
0.0
  9
$DIMEXE
 40
10.0
  9
$DIMTP
 40
0.0
  9
$DIMTM
 40
0.0
  9
$DIMTXT
 40
35.0
  9
$DIMCEN
 40
0.09
  9
$DIMTSZ
 40
0.0
  9
$DIMTOL
 70
     0
  9
$DIMLIM
 70
     0
  9
$DIMTIH
 70
     0
  9
$DIMTOH
 70
     1
  9
$DIMSE1
 70
     0
  9
$DIMSE2
 70
     0
  9
$DIMTAD
 70
     1
  9
$DIMZIN
 70
     8
  9
$DIMBLK
  1

  9
$DIMASO
 70
     1
  9
$DIMSHO
 70
     1
  9
$DIMPOST
  1

  9
$DIMAPOST
  1

  9
$DIMALT
 70
     0
  9
$DIMALTD
 70
     2
  9
$DIMALTF
 40
25.4
  9
$DIMLFAC
 40
1.0
  9
$DIMTOFL
 70
     1
  9
$DIMTVP
 40
0.0
  9
$DIMTIX
 70
     0
  9
$DIMSOXD
 70
     0
  9
$DIMSAH
 70
     0
  9
$DIMBLK1
  1

  9
$DIMBLK2
  1

  9
$DIMSTYLE
  2
PANELIM
  9
$DIMCLRD
 70
    55
  9
$DIMCLRE
 70
    55
  9
$DIMCLRT
 70
     1
  9
$DIMTFAC
 40
1.0
  9
$DIMGAP
 40
10.0
  9
$DIMJUST
 70
     0
  9
$DIMSD1
 70
     0
  9
$DIMSD2
 70
     0
  9
$DIMTOLJ
 70
     1
  9
$DIMTZIN
 70
     0
  9
$DIMALTZ
 70
     0
  9
$DIMALTTZ
 70
     0
  9
$DIMUPT
 70
     0
  9
$DIMDEC
 70
     3
  9
$DIMTDEC
 70
     3
  9
$DIMALTU
 70
     2
  9
$DIMALTTD
 70
     2
  9
$DIMTXSTY
  7
010018$0$DIM
  9
$DIMAUNIT
 70
     0
  9
$DIMADEC
 70
     0
  9
$DIMALTRND
 40
0.0
  9
$DIMAZIN
 70
     2
  9
$DIMDSEP
 70
    46
  9
$DIMATFIT
 70
     3
  9
$DIMFRAC
 70
     0
  9
$DIMLDRBLK
  1

  9
$DIMLUNIT
 70
     2
  9
$DIMLWD
 70
    -2
  9
$DIMLWE
 70
    -2
  9
$DIMTMOVE
 70
     0
  9
$LUNITS
 70
     2
  9
$LUPREC
 70
     4
  9
$SKETCHINC
 40
1.0
  9
$FILLETRAD
 40
0.0
  9
$AUNITS
 70
     0
  9
$AUPREC
 70
     0
  9
$MENU
  1
.
  9
$ELEVATION
 40
0.0
  9
$PELEVATION
 40
0.0
  9
$THICKNESS
 40
0.0
  9
$LIMCHECK
 70
     0
  9
$CHAMFERA
 40
0.0
  9
$CHAMFERB
 40
0.0
  9
$CHAMFERC
 40
0.0
  9
$CHAMFERD
 40
0.0
  9
$SKPOLY
 70
     0
  9
$TDCREATE
 40
2461132.321157407
  9
$TDUCREATE
 40
2461132.321157407
  9
$TDUPDATE
 40
2461285.482244607
  9
$TDUUPDATE
 40
2461285.482244607
  9
$TDINDWG
 40
8.2054861111
  9
$TDUSRTIMER
 40
8.2054861111
  9
$USRTIMER
 70
     1
  9
$ANGBASE
 50
0.0
  9
$ANGDIR
 70
     0
  9
$PDMODE
 70
     0
  9
$PDSIZE
 40
0.0
  9
$PLINEWID
 40
0.0
  9
$SPLFRAME
 70
     0
  9
$SPLINETYPE
 70
     6
  9
$SPLINESEGS
 70
     8
  9
$HANDSEED
  5
672
  9
$SURFTAB1
 70
     6
  9
$SURFTAB2
 70
     6
  9
$SURFTYPE
 70
     6
  9
$SURFU
 70
     6
  9
$SURFV
 70
     6
  9
$UCSBASE
  2

  9
$UCSNAME
  2

  9
$UCSORG
 10
0.0
 20
0.0
 30
0.0
  9
$UCSXDIR
 10
1.0
 20
0.0
 30
0.0
  9
$UCSYDIR
 10
0.0
 20
1.0
 30
0.0
  9
$UCSORTHOREF
  2

  9
$UCSORTHOVIEW
 70
     0
  9
$UCSORGTOP
 10
0.0
 20
0.0
 30
0.0
  9
$UCSORGBOTTOM
 10
0.0
 20
0.0
 30
0.0
  9
$UCSORGLEFT
 10
0.0
 20
0.0
 30
0.0
  9
$UCSORGRIGHT
 10
0.0
 20
0.0
 30
0.0
  9
$UCSORGFRONT
 10
0.0
 20
0.0
 30
0.0
  9
$UCSORGBACK
 10
0.0
 20
0.0
 30
0.0
  9
$PUCSBASE
  2

  9
$PUCSNAME
  2

  9
$PUCSORG
 10
0.0
 20
0.0
 30
0.0
  9
$PUCSXDIR
 10
1.0
 20
0.0
 30
0.0
  9
$PUCSYDIR
 10
0.0
 20
1.0
 30
0.0
  9
$PUCSORTHOREF
  2

  9
$PUCSORTHOVIEW
 70
     0
  9
$PUCSORGTOP
 10
0.0
 20
0.0
 30
0.0
  9
$PUCSORGBOTTOM
 10
0.0
 20
0.0
 30
0.0
  9
$PUCSORGLEFT
 10
0.0
 20
0.0
 30
0.0
  9
$PUCSORGRIGHT
 10
0.0
 20
0.0
 30
0.0
  9
$PUCSORGFRONT
 10
0.0
 20
0.0
 30
0.0
  9
$PUCSORGBACK
 10
0.0
 20
0.0
 30
0.0
  9
$USERI1
 70
     0
  9
$USERI2
 70
     0
  9
$USERI3
 70
     0
  9
$USERI4
 70
     0
  9
$USERI5
 70
     0
  9
$USERR1
 40
0.0
  9
$USERR2
 40
0.0
  9
$USERR3
 40
0.0
  9
$USERR4
 40
0.0
  9
$USERR5
 40
0.0
  9
$WORLDVIEW
 70
     1
  9
$SHADEDGE
 70
     3
  9
$SHADEDIF
 70
    70
  9
$TILEMODE
 70
     1
  9
$MAXACTVP
 70
    64
  9
$PINSBASE
 10
0.0
 20
0.0
 30
0.0
  9
$PLIMCHECK
 70
     0
  9
$PEXTMIN
 10
0.0
 20
0.0
 30
0.0
  9
$PEXTMAX
 10
0.0
 20
0.0
 30
0.0
  9
$PLIMMIN
 10
0.0
 20
0.0
  9
$PLIMMAX
 10
12.0
 20
9.0
  9
$UNITMODE
 70
     0
  9
$VISRETAIN
 70
     1
  9
$PLINEGEN
 70
     0
  9
$PSLTSCALE
 70
     0
  9
$TREEDEPTH
 70
  3020
  9
$CMLSTYLE
  2
Standard
  9
$CMLJUST
 70
     0
  9
$CMLSCALE
 40
20.0
  9
$PROXYGRAPHICS
 70
     1
  9
$MEASUREMENT
 70
     1
  9
$CELWEIGHT
370
    -1
  9
$ENDCAPS
280
     0
  9
$JOINSTYLE
280
     0
  9
$LWDISPLAY
290
     0
  9
$INSUNITS
 70
     0
  9
$HYPERLINKBASE
  1

  9
$STYLESHEET
  1

  9
$XEDIT
290
     1
  9
$CEPSNTYPE
380
     0
  9
$PSTYLEMODE
290
     1
  9
$FINGERPRINTGUID
  2
{72BC5020-845F-4E45-AF0E-EB2E85C97879}
  9
$VERSIONGUID
  2
{73211A62-6BC3-D140-B068-4BBB71343696}
  9
$EXTNAMES
290
     1
  9
$PSVPSCALE
 40
0.0
  9
$OLESTARTUP
290
     0
  9
$SORTENTS
280
   127
  9
$INDEXCTL
280
     0
  9
$HIDETEXT
280
     1
  9
$XCLIPFRAME
290
     0
  9
$HALOGAP
280
     0
  9
$OBSCOLOR
 70
   257
  9
$OBSLTYPE
280
     0
  9
$INTERSECTIONDISPLAY
280
     0
  9
$INTERSECTIONCOLOR
 70
   257
  9
$DIMASSOC
280
     2
  9
$PROJECTNAME
  1

  0
ENDSEC
  0
SECTION
  2
CLASSES
  0
CLASS
  1
ACDBDICTIONARYWDFLT
  2
AcDbDictionaryWithDefault
  3
ObjectDBX Classes
 90
        0
 91
        3
280
     0
281
     0
  0
CLASS
  1
ACDBPLACEHOLDER
  2
AcDbPlaceHolder
  3
ObjectDBX Classes
 90
        0
 91
        1
280
     0
281
     0
  0
CLASS
  1
LAYOUT
  2
AcDbLayout
  3
ObjectDBX Classes
 90
        0
 91
        1
280
     0
281
     0
  0
CLASS
  1
DICTIONARYVAR
  2
AcDbDictionaryVar
  3
ObjectDBX Classes
 90
        0
 91
        3
280
     0
281
     0
  0
CLASS
  1
TABLESTYLE
  2
AcDbTableStyle
  3
ObjectDBX Classes
 90
     4095
 91
        3
280
     0
281
     0
  0
CLASS
  1
MATERIAL
  2
AcDbMaterial
  3
ObjectDBX Classes
 90
     1153
 91
        3
280
     0
281
     0
  0
CLASS
  1
VISUALSTYLE
  2
AcDbVisualStyle
  3
ObjectDBX Classes
 90
     4095
 91
        3
280
     0
281
     0
  0
CLASS
  1
SCALE
  2
AcDbScale
  3
ObjectDBX Classes
 90
     1153
 91
        3
280
     0
281
     0
  0
CLASS
  1
MLEADERSTYLE
  2
AcDbMLeaderStyle
  3
ACDB_MLEADERSTYLE_CLASS
 90
     4095
 91
        3
280
     0
281
     0
  0
CLASS
  1
CELLSTYLEMAP
  2
AcDbCellStyleMap
  3
ObjectDBX Classes
 90
     1152
 91
        3
280
     0
281
     0
  0
CLASS
  1
EXACXREFPANELOBJECT
  2
ExAcXREFPanelObject
  3
EXAC_ESW
 90
     1025
 91
        1
280
     1
281
     0
  0
CLASS
  1
NPOCOLLECTION
  2
AcDbImpNonPersistentObjectsCollection
  3
ObjectDBX Classes
 90
     1153
 91
        1
280
     1
281
     0
  0
CLASS
  1
LAYER_INDEX
  2
AcDbLayerIndex
  3
ObjectDBX Classes
 90
        0
 91
        3
280
     0
281
     0
  0
CLASS
  1
SPATIAL_INDEX
  2
AcDbSpatialIndex
  3
AutoCAD 2000
 90
        0
 91
        3
280
     0
281
     0
  0
CLASS
  1
IDBUFFER
  2
AcDbIdBuffer
  3
ObjectDBX Classes
 90
        0
 91
        3
280
     0
281
     0
  0
CLASS
  1
ACDBSECTIONVIEWSTYLE
  2
AcDbSectionViewStyle
  3
ObjectDBX Classes
 90
     1025
 91
        3
280
     0
281
     0
  0
CLASS
  1
ACDBDETAILVIEWSTYLE
  2
AcDbDetailViewStyle
  3
ObjectDBX Classes
 90
     1025
 91
        3
280
     0
281
     0
  0
CLASS
  1
SORTENTSTABLE
  2
AcDbSortentsTable
  3
ObjectDBX Classes
 90
        0
 91
        3
280
     0
281
     0
  0
CLASS
  1
FIELD
  2
AcDbField
  3
ObjectDBX Classes
 90
     1152
 91
        3
280
     0
281
     0
  0
CLASS
  1
DIMASSOC
  2
AcDbDimAssoc
  3
"AcDbDimAssoc|Product Desc:     AcDim ARX App For Dimension|Company:          Autodesk, Inc.|WEB Address:      www.autodesk.com"
 90
        0
 91
        3
280
     0
281
     0
  0
CLASS
  1
FIELDLIST
  2
AcDbFieldList
  3
ObjectDBX Classes
 90
     1152
 91
        3
280
     0
281
     0
  0
CLASS
  1
ACDBASSOCPERSSUBENTMANAGER
  2
AcDbAssocPersSubentManager
  3
ObjectDBX Classes
 90
     1024
 91
        1
280
     1
281
     0
  0
CLASS
  1
DBCOLOR
  2
AcDbColor
  3
ObjectDBX Classes
 90
        0
 91
        3
280
     0
281
     0
  0
CLASS
  1
ACAD_EVALUATION_GRAPH
  2
AcDbEvalGraph
  3
ObjectDBX Classes
 90
     1153
 91
        3
280
     0
281
     0
  0
CLASS
  1
ACAECUSTOBJ
  2
AcAeEditorObj
  3
AcAeEditorObj
 90
     1024
 91
        1
280
     1
281
     0
  0
CLASS
  1
ACDB_DYNAMICBLOCKPURGEPREVENTER_VERSION
  2
AcDbDynamicBlockPurgePreventer
  3
ObjectDBX Classes
 90
     1153
 91
        3
280
     0
281
     0
  0
ENDSEC
  0
SECTION
  2
TABLES
  0
TABLE
  2
VPORT
  5
29
102
{ACAD_XDICTIONARY
360
629
102
}
330
0
100
AcDbSymbolTable
 70
     1
  0
VPORT
  5
2A
330
29
100
AcDbSymbolTableRecord
100
AcDbViewportTableRecord
  2
*Active
 70
     0
 10
0.0
 20
0.0
 11
1.0
 21
1.0
 12
92655.64668797597
 22
-152425.9986164822
 13
0.0
 23
0.0
 14
10.0
 24
10.0
 15
10.0
 25
10.0
 16
0.0
 26
0.0
 36
1.0
 17
0.0
 27
0.0
 37
0.0
 40
3353.569043922587
 41
2.326607818411097
 42
50.0
 43
0.0
 44
0.0
 50
0.0
 51
0.0
 71
     0
 72
  1000
 73
     1
 74
     3
 75
     0
 76
     0
 77
     0
 78
     0
281
     0
 65
     1
110
0.0
120
0.0
130
0.0
111
1.0
121
0.0
131
0.0
112
0.0
122
1.0
132
0.0
 79
     0
146
0.0
1001
ACAD_NAV_VCDISPLAY
1070
     3
  0
ENDTAB
  0
TABLE
  2
LTYPE
  5
24
330
0
100
AcDbSymbolTable
 70
     3
  0
LTYPE
  5
25
330
24
100
AcDbSymbolTableRecord
100
AcDbLinetypeTableRecord
  2
ByBlock
 70
     0
  3

 72
    65
 73
     0
 40
0.0
  0
LTYPE
  5
26
330
24
100
AcDbSymbolTableRecord
100
AcDbLinetypeTableRecord
  2
ByLayer
 70
     0
  3

 72
    65
 73
     0
 40
0.0
  0
LTYPE
  5
14
330
24
100
AcDbSymbolTableRecord
100
AcDbLinetypeTableRecord
  2
Continuous
 70
     0
  3
Solid line
 72
    65
 73
     0
 40
0.0
  0
LTYPE
  5
295
330
24
100
AcDbSymbolTableRecord
100
AcDbLinetypeTableRecord
  2
DASHEDX2
 70
     0
  3
Dashed (2x) ____  ____  ____  ____  ____  ___
 72
    65
 73
     2
 40
38.09999999999997
 49
25.4
 74
     0
 49
-12.7
 74
     0
  0
LTYPE
  5
245
330
24
100
AcDbSymbolTableRecord
100
AcDbLinetypeTableRecord
  2
HIDDEN
 70
     0
  3
Hidden __ __ __ __ __ __ __ __ __ __ __ __ __ _
 72
    65
 73
     2
 40
9.524999999999999
 49
6.35
 74
     0
 49
-3.175
 74
     0
  0
ENDTAB
  0
TABLE
  2
LAYER
  5
1E
102
{ACAD_XDICTIONARY
360
1F
102
}
330
0
100
AcDbSymbolTable
 70
    13
  0
LAYER
  5
6
330
1E
100
AcDbSymbolTableRecord
100
AcDbLayerTableRecord
  2
0
 70
     0
 62
     7
  6
Continuous
370
    -3
390
8
  0
LAYER
  5
211
330
1E
100
AcDbSymbolTableRecord
100
AcDbLayerTableRecord
  2
צבע
 70
     0
 62
     7
  6
Continuous
370
    -3
390
8
  0
LAYER
  5
E5
330
1E
100
AcDbSymbolTableRecord
100
AcDbLayerTableRecord
  2
A-STRS-1
 70
     0
 62
     6
  6
Continuous
370
    18
390
8
  0
LAYER
  5
A3
330
1E
100
AcDbSymbolTableRecord
100
AcDbLayerTableRecord
  2
Defpoints
 70
     0
 62
     7
  6
Continuous
290
     0
370
    -3
390
8
  0
LAYER
  5
1D5
330
1E
100
AcDbSymbolTableRecord
100
AcDbLayerTableRecord
  2
HAT
 70
     0
 62
     5
  6
Continuous
370
    -3
390
8
1001
AcAecLayerStandard
1000

1000

  0
LAYER
  5
293
330
1E
100
AcDbSymbolTableRecord
100
AcDbLayerTableRecord
  2
KIFOF
 70
     0
 62
    55
  6
DASHEDX2
370
    -3
390
8
  0
LAYER
  5
131
330
1E
100
AcDbSymbolTableRecord
100
AcDbLayerTableRecord
  2
CONTOR
 70
     0
 62
     4
  6
Continuous
370
    -3
390
8
  0
LAYER
  5
34A
330
1E
100
AcDbSymbolTableRecord
100
AcDbLayerTableRecord
  2
hat hide
 70
     0
 62
   146
  6
Continuous
370
    18
390
8
  0
LAYER
  5
529
330
1E
100
AcDbSymbolTableRecord
100
AcDbLayerTableRecord
  2
Dim WidthForAreaNetto
 70
     0
 62
     6
  6
Continuous
290
     0
370
    -3
390
8
  0
LAYER
  5
244
330
1E
100
AcDbSymbolTableRecord
100
AcDbLayerTableRecord
  2
Omega_Lines
 70
     0
 62
   240
  6
HIDDEN
370
    -3
390
8
  0
LAYER
  5
241
330
1E
100
AcDbSymbolTableRecord
100
AcDbLayerTableRecord
  2
Omega_Text
 70
     0
 62
     6
  6
Continuous
370
    -3
390
8
  0
LAYER
  5
475
330
1E
100
AcDbSymbolTableRecord
100
AcDbLayerTableRecord
  2
Dim LengthForAreaNetto
 70
     0
 62
     6
  6
Continuous
290
     0
370
    -3
390
8
  0
LAYER
  5
79
330
1E
100
AcDbSymbolTableRecord
100
AcDbLayerTableRecord
  2
FRAME PROFILE
 70
     0
 62
     1
  6
Continuous
370
    -3
390
8
  0
ENDTAB
  0
TABLE
  2
STYLE
  5
21
330
0
100
AcDbSymbolTable
 70
     7
  0
STYLE
  5
22
330
21
100
AcDbSymbolTableRecord
100
AcDbTextStyleTableRecord
  2
Standard
 70
     0
 40
0.0
 41
1.0
 50
0.0
 71
     0
 42
2.5
  3
arial.ttf
  4

1001
ACAD
1000
Arial
1071
       34
  0
STYLE
  5
E6
330
21
100
AcDbSymbolTableRecord
100
AcDbTextStyleTableRecord
  2
HEBTXT
 70
     0
 40
0.0
 41
1.0
 50
0.0
 71
     0
 42
2.5
  3
HEBTXT.shx
  4

  0
STYLE
  5
31
330
21
100
AcDbSymbolTableRecord
100
AcDbTextStyleTableRecord
  2
010018$0$DIM
 70
     0
 40
0.0
 41
1.0
 50
15.0
 71
     0
 42
3546.905420245137
  3
SIMPLEX.shx
  4

  0
STYLE
  5
213
330
21
100
AcDbSymbolTableRecord
100
AcDbTextStyleTableRecord
  2
S
 70
     0
 40
10.0
 41
1.0
 50
0.0
 71
     2
 42
10.0
  3
SIVAN_M.SHX
  4

  0
STYLE
  5
242
330
21
100
AcDbSymbolTableRecord
100
AcDbTextStyleTableRecord
  2
ORON1
 70
     0
 40
0.0
 41
1.0
 50
0.0
 71
     0
 42
2.3
  3
ORON1
  4

  0
STYLE
  5
77
330
21
100
AcDbSymbolTableRecord
100
AcDbTextStyleTableRecord
  2
TEXTHEB
 70
     0
 40
0.0
 41
1.0
 50
0.0
 71
     2
 42
0.25
  3
techno_m
  4

  0
STYLE
  5
1DA
330
21
100
AcDbSymbolTableRecord
100
AcDbTextStyleTableRecord
  2
MIHAL
 70
     0
 40
20.0
 41
1.0
 50
0.0
 71
     2
 42
20.0
  3
sivan.shx
  4

  0
ENDTAB
  0
TABLE
  2
VIEW
  5
27
330
0
100
AcDbSymbolTable
 70
     0
  0
ENDTAB
  0
TABLE
  2
UCS
  5
28
330
0
100
AcDbSymbolTable
 70
     0
  0
ENDTAB
  0
TABLE
  2
APPID
  5
2E
330
0
100
AcDbSymbolTable
 70
    15
  0
APPID
  5
13
330
2E
100
AcDbSymbolTableRecord
100
AcDbRegAppTableRecord
  2
ACAD
 70
     0
  0
APPID
  5
19
330
2E
100
AcDbSymbolTableRecord
100
AcDbRegAppTableRecord
  2
ACAD_PSEXT
 70
     0
  0
APPID
  5
FD
330
2E
100
AcDbSymbolTableRecord
100
AcDbRegAppTableRecord
  2
AcadAnnotative
 70
     0
  0
APPID
  5
32
330
2E
100
AcDbSymbolTableRecord
100
AcDbRegAppTableRecord
  2
ACAD_DSTYLE_DIMJAG
 70
     0
  0
APPID
  5
33
330
2E
100
AcDbSymbolTableRecord
100
AcDbRegAppTableRecord
  2
ACAD_DSTYLE_DIMTALN
 70
     0
  0
APPID
  5
2D
330
2E
100
AcDbSymbolTableRecord
100
AcDbRegAppTableRecord
  2
ACAD_NAV_VCDISPLAY
 70
     0
  0
APPID
  5
214
330
2E
100
AcDbSymbolTableRecord
100
AcDbRegAppTableRecord
  2
PSPanelLink
 70
     0
  0
APPID
  5
216
330
2E
100
AcDbSymbolTableRecord
100
AcDbRegAppTableRecord
  2
AcDbDynamicBlockGUID
 70
     0
  0
APPID
  5
1D6
330
2E
100
AcDbSymbolTableRecord
100
AcDbRegAppTableRecord
  2
AcAecLayerStandard
 70
     0
  0
APPID
  5
5E5
330
2E
100
AcDbSymbolTableRecord
100
AcDbRegAppTableRecord
  2
PSPanelO2
 70
     0
  0
APPID
  5
8F
330
2E
100
AcDbSymbolTableRecord
100
AcDbRegAppTableRecord
  2
PSPanelO
 70
     0
  0
APPID
  5
122
330
2E
100
AcDbSymbolTableRecord
100
AcDbRegAppTableRecord
  2
PSPanelH
 70
     0
  0
APPID
  5
627
330
2E
100
AcDbSymbolTableRecord
100
AcDbRegAppTableRecord
  2
AcDbAttr
 70
     0
  0
APPID
  5
628
330
2E
100
AcDbSymbolTableRecord
100
AcDbRegAppTableRecord
  2
ACAD_DSTYLE_DIMJOGGED_JOGANGLE_SYMBOL
 70
     0
  0
APPID
  5
631
330
2E
100
AcDbSymbolTableRecord
100
AcDbRegAppTableRecord
  2
ACAD_MLEADERVER
 70
     0
  0
ENDTAB
  0
TABLE
  2
DIMSTYLE
  5
2F
330
0
100
AcDbSymbolTable
 70
     1
100
AcDbDimStyleTable
  0
DIMSTYLE
105
30
102
{ACAD_REACTORS
330
113
330
123
330
133
330
141
330
14F
330
15D
330
16D
330
17C
330
18B
330
199
330
1A7
330
1B7
330
1C4
330
1DC
330
1EF
330
1FE
330
219
330
226
330
233
330
249
330
256
330
264
330
272
330
282
330
296
330
2A9
330
2B8
330
2CA
330
2DD
330
2EC
330
304
330
319
330
329
330
33A
330
34C
330
35C
330
371
330
383
330
396
330
3A8
330
3B5
330
3C9
330
3D8
330
3EB
330
3FB
330
40A
330
425
330
438
330
44B
330
45A
330
474
330
482
330
492
330
4A2
330
4AF
330
4C0
330
4CF
330
4DE
330
4EE
330
504
330
518
330
528
330
536
330
545
330
554
330
561
330
56F
330
581
330
591
330
5A1
330
5B0
330
5C4
330
5D4
330
5E6
330
5F7
330
95
330
A8
330
B7
330
C4
330
D3
102
}
330
2F
100
AcDbSymbolTableRecord
100
AcDbDimStyleTableRecord
  2
PANELIM
 70
     0
 41
30.0
 42
20.0
 44
10.0
 73
     0
 77
     1
 78
     8
 79
     2
140
35.0
147
10.0
172
     1
176
    55
177
    55
271
     3
178
     1
271
     3
272
     3
340
31
1001
ACAD_DSTYLE_DIMJAG
1070
   388
1040
1.5
1001
ACAD_DSTYLE_DIMTALN
1070
   392
1070
     0
  0
ENDTAB
  0
TABLE
  2
BLOCK_RECORD
  5
1
330
0
100
AcDbSymbolTable
 70
    84
  0
BLOCK_RECORD
  5
2
102
{ACAD_XDICTIONARY
360
3
102
}
330
1
100
AcDbSymbolTableRecord
100
AcDbBlockTableRecord
  2
*Model_Space
340
16
  0
BLOCK_RECORD
  5
1A
330
1
100
AcDbSymbolTableRecord
100
AcDbBlockTableRecord
  2
*Paper_Space
340
1D
  0
BLOCK_RECORD
  5
20C
330
1
100
AcDbSymbolTableRecord
100
AcDbBlockTableRecord
  2
Zeva
340
0
102
{BLKREFS
331
20B
331
370
331
467
331
48F
331
56E
102
}
1001
AcDbDynamicBlockGUID
1000
{FAA3D492-9314-414F-AF33-1C135A62F0B7}
  0
BLOCK_RECORD
  5
EB
102
{ACAD_XDICTIONARY
360
EC
102
}
330
1
100
AcDbSymbolTableRecord
100
AcDbBlockTableRecord
  2
LineProfilesTable
340
0
102
{BLKREFS
331
EA
102
}
  0
BLOCK_RECORD
  5
91
102
{ACAD_XDICTIONARY
360
92
102
}
330
1
100
AcDbSymbolTableRecord
100
AcDbBlockTableRecord
  2
Omega-25_40_50
340
0
102
{BLKREFS
331
90
102
}
  0
BLOCK_RECORD
  5
73
330
1
100
AcDbSymbolTableRecord
100
AcDbBlockTableRecord
  2
TitleProfilesTable
340
0
102
{BLKREFS
331
72
102
}
  0
BLOCK_RECORD
  5
96
330
1
100
AcDbSymbolTableRecord
100
AcDbBlockTableRecord
  2
*D4
340
0
  0
BLOCK_RECORD
  5
A9
330
1
100
AcDbSymbolTableRecord
100
AcDbBlockTableRecord
  2
*D5
340
0
  0
BLOCK_RECORD
  5
B8
330
1
100
AcDbSymbolTableRecord
100
AcDbBlockTableRecord
  2
*D6
340
0
  0
BLOCK_RECORD
  5
C5
330
1
100
AcDbSymbolTableRecord
100
AcDbBlockTableRecord
  2
*D7
340
0
  0
BLOCK_RECORD
  5
D4
330
1
100
AcDbSymbolTableRecord
100
AcDbBlockTableRecord
  2
*D8
340
0
  0
BLOCK_RECORD
  5
114
330
1
100
AcDbSymbolTableRecord
100
AcDbBlockTableRecord
  2
*D9
340
0
  0
BLOCK_RECORD
  5
124
330
1
100
AcDbSymbolTableRecord
100
AcDbBlockTableRecord
  2
*D10
340
0
  0
BLOCK_RECORD
  5
134
330
1
100
AcDbSymbolTableRecord
100
AcDbBlockTableRecord
  2
*D11
340
0
  0
BLOCK_RECORD
  5
142
330
1
100
AcDbSymbolTableRecord
100
AcDbBlockTableRecord
  2
*D12
340
0
  0
BLOCK_RECORD
  5
150
330
1
100
AcDbSymbolTableRecord
100
AcDbBlockTableRecord
  2
*D13
340
0
  0
BLOCK_RECORD
  5
15E
330
1
100
AcDbSymbolTableRecord
100
AcDbBlockTableRecord
  2
*D14
340
0
  0
BLOCK_RECORD
  5
17D
330
1
100
AcDbSymbolTableRecord
100
AcDbBlockTableRecord
  2
*D15
340
0
  0
BLOCK_RECORD
  5
18C
330
1
100
AcDbSymbolTableRecord
100
AcDbBlockTableRecord
  2
*D16
340
0
  0
BLOCK_RECORD
  5
19A
330
1
100
AcDbSymbolTableRecord
100
AcDbBlockTableRecord
  2
*D17
340
0
  0
BLOCK_RECORD
  5
1A8
330
1
100
AcDbSymbolTableRecord
100
AcDbBlockTableRecord
  2
*D18
340
0
  0
BLOCK_RECORD
  5
1B8
330
1
100
AcDbSymbolTableRecord
100
AcDbBlockTableRecord
  2
*D19
340
0
  0
BLOCK_RECORD
  5
1C5
330
1
100
AcDbSymbolTableRecord
100
AcDbBlockTableRecord
  2
*D20
340
0
  0
BLOCK_RECORD
  5
1DD
330
1
100
AcDbSymbolTableRecord
100
AcDbBlockTableRecord
  2
*D21
340
0
  0
BLOCK_RECORD
  5
1F0
330
1
100
AcDbSymbolTableRecord
100
AcDbBlockTableRecord
  2
*D22
340
0
  0
BLOCK_RECORD
  5
1FF
330
1
100
AcDbSymbolTableRecord
100
AcDbBlockTableRecord
  2
*D23
340
0
  0
BLOCK_RECORD
  5
21A
330
1
100
AcDbSymbolTableRecord
100
AcDbBlockTableRecord
  2
*D24
340
0
  0
BLOCK_RECORD
  5
227
330
1
100
AcDbSymbolTableRecord
100
AcDbBlockTableRecord
  2
*D25
340
0
  0
BLOCK_RECORD
  5
234
330
1
100
AcDbSymbolTableRecord
100
AcDbBlockTableRecord
  2
*D26
340
0
  0
BLOCK_RECORD
  5
24A
330
1
100
AcDbSymbolTableRecord
100
AcDbBlockTableRecord
  2
*D27
340
0
  0
BLOCK_RECORD
  5
257
330
1
100
AcDbSymbolTableRecord
100
AcDbBlockTableRecord
  2
*D28
340
0
  0
BLOCK_RECORD
  5
265
330
1
100
AcDbSymbolTableRecord
100
AcDbBlockTableRecord
  2
*D29
340
0
  0
BLOCK_RECORD
  5
273
330
1
100
AcDbSymbolTableRecord
100
AcDbBlockTableRecord
  2
*D30
340
0
  0
BLOCK_RECORD
  5
283
330
1
100
AcDbSymbolTableRecord
100
AcDbBlockTableRecord
  2
*D31
340
0
  0
BLOCK_RECORD
  5
2AA
330
1
100
AcDbSymbolTableRecord
100
AcDbBlockTableRecord
  2
*D32
340
0
  0
BLOCK_RECORD
  5
2B9
330
1
100
AcDbSymbolTableRecord
100
AcDbBlockTableRecord
  2
*D33
340
0
  0
BLOCK_RECORD
  5
2DE
330
1
100
AcDbSymbolTableRecord
100
AcDbBlockTableRecord
  2
*D34
340
0
  0
BLOCK_RECORD
  5
2ED
330
1
100
AcDbSymbolTableRecord
100
AcDbBlockTableRecord
  2
*D35
340
0
  0
BLOCK_RECORD
  5
305
330
1
100
AcDbSymbolTableRecord
100
AcDbBlockTableRecord
  2
*D36
340
0
  0
BLOCK_RECORD
  5
31A
330
1
100
AcDbSymbolTableRecord
100
AcDbBlockTableRecord
  2
*D37
340
0
  0
BLOCK_RECORD
  5
32A
330
1
100
AcDbSymbolTableRecord
100
AcDbBlockTableRecord
  2
*D38
340
0
  0
BLOCK_RECORD
  5
33B
330
1
100
AcDbSymbolTableRecord
100
AcDbBlockTableRecord
  2
*D39
340
0
  0
BLOCK_RECORD
  5
372
330
1
100
AcDbSymbolTableRecord
100
AcDbBlockTableRecord
  2
*D40
340
0
  0
BLOCK_RECORD
  5
384
330
1
100
AcDbSymbolTableRecord
100
AcDbBlockTableRecord
  2
*D41
340
0
  0
BLOCK_RECORD
  5
397
330
1
100
AcDbSymbolTableRecord
100
AcDbBlockTableRecord
  2
*D42
340
0
  0
BLOCK_RECORD
  5
3A9
330
1
100
AcDbSymbolTableRecord
100
AcDbBlockTableRecord
  2
*D43
340
0
  0
BLOCK_RECORD
  5
3B6
330
1
100
AcDbSymbolTableRecord
100
AcDbBlockTableRecord
  2
*D44
340
0
  0
BLOCK_RECORD
  5
3CA
330
1
100
AcDbSymbolTableRecord
100
AcDbBlockTableRecord
  2
*D45
340
0
  0
BLOCK_RECORD
  5
3D9
330
1
100
AcDbSymbolTableRecord
100
AcDbBlockTableRecord
  2
*D46
340
0
  0
BLOCK_RECORD
  5
3EC
330
1
100
AcDbSymbolTableRecord
100
AcDbBlockTableRecord
  2
*D47
340
0
  0
BLOCK_RECORD
  5
3FC
330
1
100
AcDbSymbolTableRecord
100
AcDbBlockTableRecord
  2
*D48
340
0
  0
BLOCK_RECORD
  5
40B
330
1
100
AcDbSymbolTableRecord
100
AcDbBlockTableRecord
  2
*D49
340
0
  0
BLOCK_RECORD
  5
439
330
1
100
AcDbSymbolTableRecord
100
AcDbBlockTableRecord
  2
*D50
340
0
  0
BLOCK_RECORD
  5
44C
330
1
100
AcDbSymbolTableRecord
100
AcDbBlockTableRecord
  2
*D51
340
0
  0
BLOCK_RECORD
  5
45B
330
1
100
AcDbSymbolTableRecord
100
AcDbBlockTableRecord
  2
*D52
340
0
  0
BLOCK_RECORD
  5
476
330
1
100
AcDbSymbolTableRecord
100
AcDbBlockTableRecord
  2
*D53
340
0
  0
BLOCK_RECORD
  5
493
330
1
100
AcDbSymbolTableRecord
100
AcDbBlockTableRecord
  2
*D54
340
0
  0
BLOCK_RECORD
  5
4A3
330
1
100
AcDbSymbolTableRecord
100
AcDbBlockTableRecord
  2
*D55
340
0
  0
BLOCK_RECORD
  5
4B0
330
1
100
AcDbSymbolTableRecord
100
AcDbBlockTableRecord
  2
*D56
340
0
  0
BLOCK_RECORD
  5
4C1
330
1
100
AcDbSymbolTableRecord
100
AcDbBlockTableRecord
  2
*D57
340
0
  0
BLOCK_RECORD
  5
4D0
330
1
100
AcDbSymbolTableRecord
100
AcDbBlockTableRecord
  2
*D58
340
0
  0
BLOCK_RECORD
  5
4DF
330
1
100
AcDbSymbolTableRecord
100
AcDbBlockTableRecord
  2
*D59
340
0
  0
BLOCK_RECORD
  5
4EF
330
1
100
AcDbSymbolTableRecord
100
AcDbBlockTableRecord
  2
*D60
340
0
  0
BLOCK_RECORD
  5
505
330
1
100
AcDbSymbolTableRecord
100
AcDbBlockTableRecord
  2
*D61
340
0
  0
BLOCK_RECORD
  5
519
330
1
100
AcDbSymbolTableRecord
100
AcDbBlockTableRecord
  2
*D62
340
0
  0
BLOCK_RECORD
  5
52A
330
1
100
AcDbSymbolTableRecord
100
AcDbBlockTableRecord
  2
*D63
340
0
  0
BLOCK_RECORD
  5
555
330
1
100
AcDbSymbolTableRecord
100
AcDbBlockTableRecord
  2
*D64
340
0
  0
BLOCK_RECORD
  5
562
330
1
100
AcDbSymbolTableRecord
100
AcDbBlockTableRecord
  2
*D65
340
0
  0
BLOCK_RECORD
  5
570
330
1
100
AcDbSymbolTableRecord
100
AcDbBlockTableRecord
  2
*D66
340
0
  0
BLOCK_RECORD
  5
582
330
1
100
AcDbSymbolTableRecord
100
AcDbBlockTableRecord
  2
*D67
340
0
  0
BLOCK_RECORD
  5
592
330
1
100
AcDbSymbolTableRecord
100
AcDbBlockTableRecord
  2
*D68
340
0
  0
BLOCK_RECORD
  5
5A2
330
1
100
AcDbSymbolTableRecord
100
AcDbBlockTableRecord
  2
*D69
340
0
  0
BLOCK_RECORD
  5
5B1
330
1
100
AcDbSymbolTableRecord
100
AcDbBlockTableRecord
  2
*D70
340
0
  0
BLOCK_RECORD
  5
5C5
330
1
100
AcDbSymbolTableRecord
100
AcDbBlockTableRecord
  2
*D71
340
0
  0
BLOCK_RECORD
  5
5D5
330
1
100
AcDbSymbolTableRecord
100
AcDbBlockTableRecord
  2
*D72
340
0
  0
BLOCK_RECORD
  5
5E7
330
1
100
AcDbSymbolTableRecord
100
AcDbBlockTableRecord
  2
*D73
340
0
  0
BLOCK_RECORD
  5
5F8
330
1
100
AcDbSymbolTableRecord
100
AcDbBlockTableRecord
  2
*D74
340
0
  0
BLOCK_RECORD
  5
16E
330
1
100
AcDbSymbolTableRecord
100
AcDbBlockTableRecord
  2
*D75
340
0
  0
BLOCK_RECORD
  5
297
330
1
100
AcDbSymbolTableRecord
100
AcDbBlockTableRecord
  2
*D76
340
0
  0
BLOCK_RECORD
  5
2CB
330
1
100
AcDbSymbolTableRecord
100
AcDbBlockTableRecord
  2
*D77
340
0
  0
BLOCK_RECORD
  5
34D
330
1
100
AcDbSymbolTableRecord
100
AcDbBlockTableRecord
  2
*D78
340
0
  0
BLOCK_RECORD
  5
35D
330
1
100
AcDbSymbolTableRecord
100
AcDbBlockTableRecord
  2
*D79
340
0
  0
BLOCK_RECORD
  5
426
330
1
100
AcDbSymbolTableRecord
100
AcDbBlockTableRecord
  2
*D80
340
0
  0
BLOCK_RECORD
  5
483
330
1
100
AcDbSymbolTableRecord
100
AcDbBlockTableRecord
  2
*D81
340
0
  0
BLOCK_RECORD
  5
537
330
1
100
AcDbSymbolTableRecord
100
AcDbBlockTableRecord
  2
*D82
340
0
  0
BLOCK_RECORD
  5
546
330
1
100
AcDbSymbolTableRecord
100
AcDbBlockTableRecord
  2
*D83
340
0
  0
ENDTAB
  0
ENDSEC
  0
SECTION
  2
BLOCKS
  0
BLOCK
  5
5
330
2
100
AcDbEntity
  8
0
100
AcDbBlockBegin
  2
*Model_Space
 70
     0
 10
0.0
 20
0.0
 30
0.0
  3
*Model_Space
  1

  0
ENDBLK
  5
15
330
2
100
AcDbEntity
  8
0
100
AcDbBlockEnd
  0
BLOCK
  5
1B
330
1A
100
AcDbEntity
 67
     1
  8
0
100
AcDbBlockBegin
  2
*Paper_Space
 70
     0
 10
0.0
 20
0.0
 30
0.0
  3
*Paper_Space
  1

  0
ENDBLK
  5
1C
330
1A
100
AcDbEntity
 67
     1
  8
0
100
AcDbBlockEnd
  0
BLOCK
  5
20E
330
20C
100
AcDbEntity
  8
0
100
AcDbBlockBegin
  2
Zeva
 70
     0
 10
0.0
 20
0.0
 30
0.0
  3
Zeva
  1

  0
LWPOLYLINE
  5
20F
330
20C
100
AcDbEntity
  8
0
100
AcDbPolyline
 90
        3
 70
     1
 43
0.0
 10
19.83512437008355
 20
-17.20710662260262
 10
-19.83512437008355
 20
-17.20710662260262
 10
0.0
 20
0.0
  0
TEXT
  5
210
330
20C
100
AcDbEntity
  8
צבע
 62
     1
100
AcDbText
 10
36.00659937891214
 20
-48.98139805345454
 30
0.0
 40
25.0
  1
mcg
 41
0.8
  7
S
 71
     2
100
AcDbText
1001
PSPanelLink
1002
{
1000
4050913590219-1
1000
2
1002
}
  0
ENDBLK
  5
215
330
20C
100
AcDbEntity
  8
0
100
AcDbBlockEnd
  0
BLOCK
  5
EE
330
EB
100
AcDbEntity
  8
0
100
AcDbBlockBegin
  2
LineProfilesTable
 70
     2
 10
0.0
 20
0.0
 30
0.0
  3
LineProfilesTable
  1

  0
LINE
  5
EF
330
EB
100
AcDbEntity
  8
FRAME PROFILE
100
AcDbLine
 10
-299.9609486321278
 20
0.0
 30
0.0
 11
-299.9609486321278
 21
-360.6273194205951
 31
0.0
  0
LINE
  5
F0
330
EB
100
AcDbEntity
  8
FRAME PROFILE
100
AcDbLine
 10
-1699.957263093915
 20
0.0
 30
0.0
 11
-1699.957263093915
 21
-360.6273194205951
 31
0.0
  0
LWPOLYLINE
  5
F1
330
EB
100
AcDbEntity
  8
FRAME PROFILE
100
AcDbPolyline
 90
        2
 70
     0
 43
0.0
 10
0.0
 20
-360.6273194205951
 10
0.0
 20
0.0
  0
LWPOLYLINE
  5
F2
330
EB
100
AcDbEntity
  8
FRAME PROFILE
100
AcDbPolyline
 90
        2
 70
     0
 43
0.0
 10
-2199.957263093907
 20
0.0
 10
-2199.957263093907
 20
-360.6273194205951
  0
LINE
  5
F3
330
EB
100
AcDbEntity
  8
FRAME PROFILE
100
AcDbLine
 10
0.0
 20
-360.6273194205951
 30
0.0
 11
-2199.957263093907
 21
-360.6273194205951
 31
0.0
  0
LINE
  5
F4
330
EB
100
AcDbEntity
  8
FRAME PROFILE
100
AcDbLine
 10
0.0
 20
-360.6273194205951
 30
0.0
 11
-2199.957263093907
 21
-360.6273194205951
 31
0.0
  0
LINE
  5
F5
330
EB
100
AcDbEntity
  8
FRAME PROFILE
100
AcDbLine
 10
-599.9572630939074
 20
0.0
 30
0.0
 11
-599.9572630939074
 21
-360.6273194205951
 31
0.0
  0
LINE
  5
F6
330
EB
100
AcDbEntity
  8
FRAME PROFILE
100
AcDbLine
 10
-899.9572630939147
 20
0.0
 30
0.0
 11
-899.9572630939147
 21
-360.6273194205951
 31
0.0
  0
LINE
  5
F7
330
EB
100
AcDbEntity
  8
FRAME PROFILE
100
AcDbLine
 10
-1199.957263093907
 20
0.0
 30
0.0
 11
-1199.957263093907
 21
-360.6273194205951
 31
0.0
  0
ATTDEF
  5
F8
330
EB
100
AcDbEntity
  8
A-STRS-1
100
AcDbText
 10
-1785.762149741738
 20
-55.21160930508177
 30
-43097.28430684599
 40
36.0
  1
zfr
 41
0.8
 51
350.0
  7
HEBTXT
 72
     2
 11
-1708.962149741738
 21
-37.21160930508177
 31
-43097.28430684599
100
AcDbAttributeDefinition
  3

  2
סוג
 70
     0
 74
     2
1001
AcDbAttr
1070
     0
1070
     1
  0
ATTDEF
  5
F9
102
{ACAD_XDICTIONARY
360
FA
102
}
330
EB
100
AcDbEntity
  8
A-STRS-1
100
AcDbText
 10
-1612.774675716018
 20
-190.8586797716998
 30
-43097.28430684599
 40
58.0
  1
RAL 9007
 41
0.8
 51
350.0
  7
HEBTXT
 72
     4
 11
-1445.95562809697
 21
-161.8586797716998
 31
-43097.28430684599
100
AcDbAttributeDefinition
  3

  2
צבע
 70
     0
1001
AcadAnnotative
1000
AnnotativeData
1002
{
1070
     1
1070
     0
1002
}
1001
AcDbAttr
1070
     0
1070
     1
  0
ATTDEF
  5
FE
102
{ACAD_XDICTIONARY
360
FF
102
}
330
EB
100
AcDbEntity
  8
A-STRS-1
100
AcDbText
 10
-1118.056037373914
 20
-190.4828271113997
 30
-43097.28430684599
 40
58.0
  1
1200
 41
0.8
 51
350.0
 72
     4
 11
-1045.95562809697
 21
-161.8586797716998
 31
-43097.28430684599
100
AcDbAttributeDefinition
  3

  2
אורך
 70
     0
1001
AcadAnnotative
1000
AnnotativeData
1002
{
1070
     1
1070
     0
1002
}
1001
AcDbAttr
1070
     0
1070
     1
  0
ATTDEF
  5
102
102
{ACAD_XDICTIONARY
360
103
102
}
330
EB
100
AcDbEntity
  8
A-STRS-1
100
AcDbText
 10
-763.980730416206
 20
-190.4828271113997
 30
-43097.28430684599
 40
58.0
  1
0
 41
0.8
 51
350.0
 72
     4
 11
-745.95562809697
 21
-161.8586797716998
 31
-43097.28430684599
100
AcDbAttributeDefinition
  3

  2
חיתוך_במעלות
 70
     0
1001
AcadAnnotative
1000
AnnotativeData
1002
{
1070
     1
1070
     0
1002
}
1001
AcDbAttr
1070
     0
1070
     1
  0
ATTDEF
  5
106
330
EB
100
AcDbEntity
  8
A-STRS-1
100
AcDbText
 10
-375.5283016944359
 20
-187.0263625474348
 30
-43097.28430684599
 40
58.0
  1
hnhi
 51
10.0
  7
TEXTHEB
 71
     2
 72
     4
 11
-445.6116350277692
 21
-161.8586797716998
 31
-43097.28430684599
100
AcDbAttributeDefinition
  3

  2
צד_חיתוך
 70
     0
1001
AcDbAttr
1070
     0
1070
     1
  0
ATTDEF
  5
107
102
{ACAD_XDICTIONARY
360
108
102
}
330
EB
100
AcDbEntity
  8
A-STRS-1
100
AcDbText
 10
-163.9807304162061
 20
-190.9773700854788
 30
-43097.28430684599
 40
58.0
  1
1
 41
0.8
 51
350.0
 72
     4
 11
-145.95562809697
 21
-161.8586797716998
 31
-43097.28430684599
100
AcDbAttributeDefinition
  3

  2
כמות_יחידות
 70
     0
1001
AcadAnnotative
1000
AnnotativeData
1002
{
1070
     1
1070
     0
1002
}
1001
AcDbAttr
1070
     0
1070
     1
  0
ENDBLK
  5
10B
330
EB
100
AcDbEntity
  8
0
100
AcDbBlockEnd
  0
BLOCK
  5
94
330
91
100
AcDbEntity
  8
0
100
AcDbBlockBegin
  2
Omega-25_40_50
 70
     2
 10
0.0
 20
0.0
 30
0.0
  3
Omega-25_40_50
  1

  0
DIMENSION
  5
95
330
91
100
AcDbEntity
  8
0
100
AcDbDimension
  2
*D4
 10
-414.4213859324534
 20
-270.6062644434498
 30
0.0
 11
-455.7771634666647
 21
-313.1062644434496
 31
0.0
  1
25
 71
     5
 42
40.00000000000003
  3
PANELIM
100
AcDbAlignedDimension
 13
-363.864716908517
 23
-230.6062644434496
 33
0.0
 14
-363.864716908517
 24
-270.6062644434496
 34
0.0
 50
90.0
100
AcDbRotatedDimension
  0
DIMENSION
  5
A8
330
91
100
AcDbEntity
  8
0
100
AcDbDimension
  2
*D5
 10
-363.864716908517
 20
-373.5098356086021
 30
0.0
 11
-323.864716908517
 21
-373.5098356086021
 31
0.0
 70
   128
  1
40
 71
     5
 42
80.0
  3
PANELIM
100
AcDbAlignedDimension
 13
-283.864716908517
 23
-234.6062644434496
 33
0.0
 14
-363.864716908517
 24
-270.6062644434496
 34
0.0
100
AcDbRotatedDimension
  0
DIMENSION
  5
B7
330
91
100
AcDbEntity
  8
0
100
AcDbDimension
  2
*D6
 10
-194.0411431786788
 20
-234.6062644434497
 30
0.0
 11
-194.0411431786788
 21
-193.8539497313395
 31
0.0
 70
   128
  1
50
 71
     5
 42
100.0
  3
PANELIM
100
AcDbAlignedDimension
 13
-283.864716908517
 23
-134.6062644434496
 33
0.0
 14
-283.864716908517
 24
-234.6062644434496
 34
0.0
 50
90.0
100
AcDbRotatedDimension
  0
DIMENSION
  5
C4
330
91
100
AcDbEntity
  8
0
100
AcDbDimension
  2
*D7
 10
-283.864716908517
 20
-60.80210587582678
 30
0.0
 11
-323.864716908517
 21
-60.80210587582678
 31
0.0
 70
   128
  1
40
 71
     5
 42
80.0
  3
PANELIM
100
AcDbAlignedDimension
 13
-363.864716908517
 23
-98.60626444344962
 33
0.0
 14
-283.864716908517
 24
-134.6062644434496
 34
0.0
100
AcDbRotatedDimension
  0
DIMENSION
  5
D3
330
91
100
AcDbEntity
  8
0
100
AcDbDimension
  2
*D8
 10
-454.9563728883238
 20
-138.6062644434497
 30
0.0
 11
-496.3121504225351
 21
-181.1062644434495
 31
0.0
  1
25
 71
     5
 42
40.0
  3
PANELIM
100
AcDbAlignedDimension
 13
-363.864716908517
 23
-98.60626444344962
 33
0.0
 14
-363.864716908517
 24
-138.6062644434496
 34
0.0
 50
90.0
100
AcDbRotatedDimension
  0
LWPOLYLINE
  5
E3
330
91
100
AcDbEntity
  8
0
 62
     1
100
AcDbPolyline
 90
       12
 70
     1
 43
0.0
 10
-359.864716908517
 20
-270.6062644434496
 10
-359.864716908517
 20
-234.6062644434496
 10
-283.864716908517
 20
-234.6062644434496
 10
-283.864716908517
 20
-134.6062644434496
 10
-359.864716908517
 20
-134.6062644434496
 10
-359.864716908517
 20
-98.60626444344962
 10
-363.864716908517
 20
-98.60626444344962
 10
-363.864716908517
 20
-138.6062644434496
 10
-287.864716908517
 20
-138.6062644434496
 10
-287.864716908517
 20
-230.6062644434496
 10
-363.864716908517
 20
-230.6062644434496
 10
-363.864716908517
 20
-270.6062644434496
  0
ATTDEF
  5
E4
330
91
100
AcDbEntity
  8
A-STRS-1
100
AcDbText
 10
-6.301147571198102
 20
-43.17201610184588
 30
0.0
 40
35.0
  1
OMEGA-5
 51
350.0
  7
HEBTXT
 72
     2
 11
227.0321857621352
 21
-25.67201610184588
 31
0.0
100
AcDbAttributeDefinition
  3

  2
OMEGA-25*40*50
 70
     0
 74
     2
1001
AcDbAttr
1070
     0
1070
     1
  0
ENDBLK
  5
E7
330
91
100
AcDbEntity
  8
0
100
AcDbBlockEnd
  0
BLOCK
  5
75
330
73
100
AcDbEntity
  8
0
100
AcDbBlockBegin
  2
TitleProfilesTable
 70
     0
 10
0.0
 20
0.0
 30
0.0
  3
TitleProfilesTable
  1

  0
TEXT
  5
76
330
73
100
AcDbEntity
  8
0
 62
     6
100
AcDbText
 10
-948.4257731096295
 20
-173.0571239213477
 30
0.0
 40
49.90512384000002
  1
cn"n
 51
10.0
  7
TEXTHEB
 71
     2
100
AcDbText
  0
LINE
  5
78
330
73
100
AcDbEntity
  8
FRAME PROFILE
100
AcDbLine
 10
-299.9609486321278
 20
0.0
 30
0.0
 11
-299.9609486321278
 21
-219.1137422525862
 31
0.0
  0
TEXT
  5
7B
330
73
100
AcDbEntity
  8
0
 62
     6
100
AcDbText
 10
-23.84294885487179
 20
-173.0571239213477
 30
0.0
 40
49.90512384000002
  1
hjhsu,
 51
10.0
  7
TEXTHEB
 71
     2
100
AcDbText
  0
LINE
  5
7C
330
73
100
AcDbEntity
  8
FRAME PROFILE
100
AcDbLine
 10
-1699.957263093907
 20
0.0
 30
0.0
 11
-1699.957263093907
 21
-219.1137422525862
 31
0.0
  0
LWPOLYLINE
  5
7D
330
73
100
AcDbEntity
  8
FRAME PROFILE
100
AcDbPolyline
 90
        4
 70
     0
 43
0.0
 10
0.0
 20
-219.1137422525844
 10
0.0
 20
0.0
 10
-2199.957263093907
 20
0.0
 10
-2199.957263093907
 20
-219.1137422525844
  0
LINE
  5
7E
330
73
100
AcDbEntity
  8
FRAME PROFILE
100
AcDbLine
 10
0.0
 20
-219.1137422525844
 30
0.0
 11
-2199.957263093907
 21
-219.1137422525844
 31
0.0
  0
TEXT
  5
7F
330
73
100
AcDbEntity
  8
0
 62
     6
100
AcDbText
 10
-1390.872024318727
 20
-139.7612387322497
 30
0.0
 40
49.90512384000002
  1
mcg
 51
10.0
  7
TEXTHEB
 71
     2
100
AcDbText
  0
LINE
  5
80
330
73
100
AcDbEntity
  8
FRAME PROFILE
100
AcDbLine
 10
0.0
 20
-219.1137422525844
 30
0.0
 11
-2199.957263093907
 21
-219.1137422525844
 31
0.0
  0
TEXT
  5
81
330
73
100
AcDbEntity
  8
0
 62
     7
100
AcDbText
 10
-799.3903139837057
 20
39.53655149650876
 30
0.0
 40
49.90512384000002
  1
yckv pruphkho
 51
10.0
  7
TEXTHEB
 71
     2
100
AcDbText
  0
LINE
  5
82
330
73
100
AcDbEntity
  8
FRAME PROFILE
100
AcDbLine
 10
-1699.957263093907
 20
0.0
 30
0.0
 11
-1699.957263093907
 21
-219.1137422525862
 31
0.0
  0
TEXT
  5
83
330
73
100
AcDbEntity
  8
0
 62
     6
100
AcDbText
 10
-1742.574234130574
 20
-139.7612387322497
 30
0.0
 40
49.90512384000002
  1
xud pruphk
 51
10.0
  7
TEXTHEB
 71
     2
100
AcDbText
  0
TEXT
  5
84
330
73
100
AcDbEntity
  8
0
 62
     6
100
AcDbText
 10
-57.64303711408138
 20
-77.8118052844602
 30
0.0
 40
49.90512384000002
  1
fnu,
 51
10.0
  7
TEXTHEB
 71
     2
100
AcDbText
  0
LINE
  5
85
330
73
100
AcDbEntity
  8
FRAME PROFILE
100
AcDbLine
 10
-299.9609486321278
 20
0.0
 30
0.0
 11
-299.9609486321278
 21
-219.1137422525862
 31
0.0
  0
TEXT
  5
86
330
73
100
AcDbEntity
  8
0
 62
     6
100
AcDbText
 10
-972.9683837479461
 20
-77.8118052844602
 30
0.0
 40
49.90512384000002
  1
turl
 51
10.0
  7
TEXTHEB
 71
     2
100
AcDbText
  0
LINE
  5
87
330
73
100
AcDbEntity
  8
FRAME PROFILE
100
AcDbLine
 10
-599.9572630939074
 20
0.0
 30
0.0
 11
-599.9572630939074
 21
-219.1137422525862
 31
0.0
  0
TEXT
  5
88
330
73
100
AcDbEntity
  8
0
 62
     6
100
AcDbText
 10
-403.5478132755306
 20
-75.44272633390028
 30
0.0
 40
49.90512384000002
  1
ms
 51
10.0
  7
TEXTHEB
 71
     2
100
AcDbText
  0
TEXT
  5
89
330
73
100
AcDbEntity
  8
0
 62
     6
100
AcDbText
 10
-659.0252151872992
 20
-75.44272633390028
 30
0.0
 40
49.90512384000002
  1
jh,ul
 51
10.0
  7
TEXTHEB
 71
     2
100
AcDbText
  0
TEXT
  5
8A
330
73
100
AcDbEntity
  8
0
 62
     6
100
AcDbText
 10
-354.0483632628893
 20
-171.9318463773288
 30
0.0
 40
49.90512384000002
  1
jh,ul
 51
10.0
  7
TEXTHEB
 71
     2
100
AcDbText
  0
TEXT
  5
8B
330
73
100
AcDbEntity
  8
0
 62
     6
100
AcDbText
 10
-606.9671859839582
 20
-171.9318463773288
 30
0.0
 40
49.90512384000002
  1
cngku,
 51
10.0
  7
TEXTHEB
 71
     2
100
AcDbText
  0
LINE
  5
8C
330
73
100
AcDbEntity
  8
FRAME PROFILE
100
AcDbLine
 10
-899.9572630939074
 20
0.0
 30
0.0
 11
-899.9572630939074
 21
-219.1137422525862
 31
0.0
  0
LINE
  5
8D
330
73
100
AcDbEntity
  8
FRAME PROFILE
100
AcDbLine
 10
-1199.957263093907
 20
0.0
 30
0.0
 11
-1199.957263093915
 21
-219.1137422525862
 31
0.0
  0
ENDBLK
  5
8E
330
73
100
AcDbEntity
  8
0
100
AcDbBlockEnd
  0
BLOCK
  5
97
330
96
100
AcDbEntity
  8
0
 62
     7
100
AcDbBlockBegin
  2
*D4
 70
     1
 10
0.0
 20
0.0
 30
0.0
  3
*D4
  1

  0
LINE
  5
98
330
96
100
AcDbEntity
  8
0
 62
    55
440
 16777216
370
    -2
100
AcDbLine
 10
-383.8647169085172
 20
-230.6062644434497
 30
0.0
 11
-424.4213859324534
 21
-230.6062644434497
 31
0.0
  0
LINE
  5
99
330
96
100
AcDbEntity
  8
0
 62
    55
440
 16777216
370
    -2
100
AcDbLine
 10
-383.8647169085172
 20
-270.6062644434497
 30
0.0
 11
-424.4213859324534
 21
-270.6062644434498
 31
0.0
  0
LINE
  5
9A
330
96
100
AcDbEntity
  8
0
 62
    55
440
 16777216
370
    -2
100
AcDbLine
 10
-414.4213859324534
 20
-195.6062644434497
 30
0.0
 11
-414.4213859324534
 21
-160.6062644434497
 31
0.0
  0
LINE
  5
9B
330
96
100
AcDbEntity
  8
0
 62
    55
440
 16777216
370
    -2
100
AcDbLine
 10
-414.4213859324534
 20
-305.6062644434498
 30
0.0
 11
-414.4213859324534
 21
-340.6062644434498
 31
0.0
  0
LINE
  5
9C
330
96
100
AcDbEntity
  8
0
 62
    55
440
 16777216
370
    -2
100
AcDbLine
 10
-414.4213859324534
 20
-340.6062644434498
 30
0.0
 11
-487.132941000876
 21
-340.6062644434498
 31
0.0
  0
LINE
  5
9D
330
96
100
AcDbEntity
  8
0
 62
    55
440
 16777216
370
    -2
100
AcDbLine
 10
-414.4213859324534
 20
-230.6062644434497
 30
0.0
 11
-414.4213859324534
 21
-270.6062644434498
 31
0.0
  0
SOLID
  5
9E
330
96
100
AcDbEntity
  8
0
 62
    55
440
 16777216
100
AcDbTrace
 10
-420.2547192657867
 20
-195.6062644434497
 30
0.0
 11
-408.5880525991201
 21
-195.6062644434497
 31
0.0
 12
-414.4213859324534
 22
-230.6062644434497
 32
0.0
 13
-414.4213859324534
 23
-230.6062644434497
 33
0.0
  0
SOLID
  5
A0
330
96
100
AcDbEntity
  8
0
 62
    55
440
 16777216
100
AcDbTrace
 10
-420.2547192657867
 20
-305.6062644434498
 30
0.0
 11
-408.5880525991201
 21
-305.6062644434498
 31
0.0
 12
-414.4213859324534
 22
-270.6062644434498
 32
0.0
 13
-414.4213859324534
 23
-270.6062644434498
 33
0.0
  0
MTEXT
  5
A1
330
96
100
AcDbEntity
  8
0
 62
     1
440
 16777216
100
AcDbMText
 10
-455.7771634666647
 20
-313.1062644434496
 30
0.0
 40
35.0
 41
0.0
 71
     5
 72
     1
  1
\A1;25
  7
010018$0$DIM
 73
     1
 44
1.0
  0
POINT
  5
A2
330
96
100
AcDbEntity
  8
Defpoints
 62
     0
440
 16777216
100
AcDbPoint
 10
-363.8647169085172
 20
-230.6062644434497
 30
0.0
  0
POINT
  5
A5
330
96
100
AcDbEntity
  8
Defpoints
 62
     0
440
 16777216
100
AcDbPoint
 10
-363.8647169085172
 20
-270.6062644434497
 30
0.0
  0
POINT
  5
A6
330
96
100
AcDbEntity
  8
Defpoints
 62
     0
440
 16777216
100
AcDbPoint
 10
-414.4213859324534
 20
-270.6062644434498
 30
0.0
  0
ENDBLK
  5
A7
330
96
100
AcDbEntity
  8
0
 62
     7
100
AcDbBlockEnd
  0
BLOCK
  5
AA
330
A9
100
AcDbEntity
  8
0
 62
     7
100
AcDbBlockBegin
  2
*D5
 70
     1
 10
0.0
 20
0.0
 30
0.0
  3
*D5
  1

  0
LINE
  5
AB
330
A9
100
AcDbEntity
  8
0
 62
    55
440
 16777216
370
    -2
100
AcDbLine
 10
-283.864716908517
 20
-254.6062644434496
 30
0.0
 11
-283.864716908517
 21
-383.5098356086021
 31
0.0
  0
LINE
  5
AC
330
A9
100
AcDbEntity
  8
0
 62
    55
440
 16777216
370
    -2
100
AcDbLine
 10
-363.864716908517
 20
-290.6062644434496
 30
0.0
 11
-363.864716908517
 21
-383.5098356086021
 31
0.0
  0
LINE
  5
AD
330
A9
100
AcDbEntity
  8
0
 62
    55
440
 16777216
370
    -2
100
AcDbLine
 10
-248.864716908517
 20
-373.5098356086021
 30
0.0
 11
-213.864716908517
 21
-373.5098356086021
 31
0.0
  0
LINE
  5
AE
330
A9
100
AcDbEntity
  8
0
 62
    55
440
 16777216
370
    -2
100
AcDbLine
 10
-398.864716908517
 20
-373.5098356086021
 30
0.0
 11
-433.864716908517
 21
-373.5098356086021
 31
0.0
  0
LINE
  5
AF
330
A9
100
AcDbEntity
  8
0
 62
    55
440
 16777216
370
    -2
100
AcDbLine
 10
-283.864716908517
 20
-373.5098356086021
 30
0.0
 11
-363.864716908517
 21
-373.5098356086021
 31
0.0
  0
SOLID
  5
B0
330
A9
100
AcDbEntity
  8
0
 62
    55
440
 16777216
100
AcDbTrace
 10
-248.864716908517
 20
-367.6765022752688
 30
0.0
 11
-248.864716908517
 21
-379.3431689419354
 31
0.0
 12
-283.864716908517
 22
-373.5098356086021
 32
0.0
 13
-283.864716908517
 23
-373.5098356086021
 33
0.0
  0
SOLID
  5
B1
330
A9
100
AcDbEntity
  8
0
 62
    55
440
 16777216
100
AcDbTrace
 10
-398.864716908517
 20
-367.6765022752688
 30
0.0
 11
-398.864716908517
 21
-379.3431689419354
 31
0.0
 12
-363.864716908517
 22
-373.5098356086021
 32
0.0
 13
-363.864716908517
 23
-373.5098356086021
 33
0.0
  0
MTEXT
  5
B2
330
A9
100
AcDbEntity
  8
0
 62
     1
440
 16777216
100
AcDbMText
 10
-323.864716908517
 20
-346.0098356086021
 30
0.0
 40
35.0
 41
0.0
 71
     5
 72
     1
  1
\A1;40
  7
010018$0$DIM
 73
     1
 44
1.0
  0
POINT
  5
B3
330
A9
100
AcDbEntity
  8
Defpoints
 62
     0
440
 16777216
100
AcDbPoint
 10
-283.864716908517
 20
-234.6062644434496
 30
0.0
  0
POINT
  5
B4
330
A9
100
AcDbEntity
  8
Defpoints
 62
     0
440
 16777216
100
AcDbPoint
 10
-363.864716908517
 20
-270.6062644434496
 30
0.0
  0
POINT
  5
B5
330
A9
100
AcDbEntity
  8
Defpoints
 62
     0
440
 16777216
100
AcDbPoint
 10
-363.864716908517
 20
-373.5098356086021
 30
0.0
  0
ENDBLK
  5
B6
330
A9
100
AcDbEntity
  8
0
 62
     7
100
AcDbBlockEnd
  0
BLOCK
  5
B9
330
B8
100
AcDbEntity
  8
0
 62
     7
100
AcDbBlockBegin
  2
*D6
 70
     1
 10
0.0
 20
0.0
 30
0.0
  3
*D6
  1

  0
LINE
  5
BA
330
B8
100
AcDbEntity
  8
0
 62
    55
440
 16777216
370
    -2
100
AcDbLine
 10
-263.8647169085172
 20
-134.6062644434497
 30
0.0
 11
-184.0411431786788
 21
-134.6062644434496
 31
0.0
  0
LINE
  5
BB
330
B8
100
AcDbEntity
  8
0
 62
    55
440
 16777216
370
    -2
100
AcDbLine
 10
-263.8647169085172
 20
-234.6062644434497
 30
0.0
 11
-184.0411431786788
 21
-234.6062644434497
 31
0.0
  0
LINE
  5
BC
330
B8
100
AcDbEntity
  8
0
 62
    55
440
 16777216
370
    -2
100
AcDbLine
 10
-194.0411431786788
 20
-169.6062644434497
 30
0.0
 11
-194.0411431786788
 21
-199.6062644434497
 31
0.0
  0
SOLID
  5
BD
330
B8
100
AcDbEntity
  8
0
 62
    55
440
 16777216
100
AcDbTrace
 10
-199.8744765120122
 20
-169.6062644434497
 30
0.0
 11
-188.2078098453455
 21
-169.6062644434496
 31
0.0
 12
-194.0411431786788
 22
-134.6062644434497
 32
0.0
 13
-194.0411431786788
 23
-134.6062644434497
 33
0.0
  0
SOLID
  5
BE
330
B8
100
AcDbEntity
  8
0
 62
    55
440
 16777216
100
AcDbTrace
 10
-199.8744765120121
 20
-199.6062644434497
 30
0.0
 11
-188.2078098453454
 21
-199.6062644434497
 31
0.0
 12
-194.0411431786788
 22
-234.6062644434497
 32
0.0
 13
-194.0411431786788
 23
-234.6062644434497
 33
0.0
  0
MTEXT
  5
BF
330
B8
100
AcDbEntity
  8
0
 62
     1
440
 16777216
100
AcDbMText
 10
-221.5411431786788
 20
-193.8539497313395
 30
0.0
 40
35.0
 41
0.0
 71
     5
 72
     1
  1
\A1;50
  7
010018$0$DIM
 11
6.123233995736766E-17
 21
1.0
 31
0.0
 73
     1
 44
1.0
  0
POINT
  5
C0
330
B8
100
AcDbEntity
  8
Defpoints
 62
     0
440
 16777216
100
AcDbPoint
 10
-283.8647169085172
 20
-134.6062644434497
 30
0.0
  0
POINT
  5
C1
330
B8
100
AcDbEntity
  8
Defpoints
 62
     0
440
 16777216
100
AcDbPoint
 10
-283.8647169085172
 20
-234.6062644434497
 30
0.0
  0
POINT
  5
C2
330
B8
100
AcDbEntity
  8
Defpoints
 62
     0
440
 16777216
100
AcDbPoint
 10
-194.0411431786788
 20
-234.6062644434497
 30
0.0
  0
ENDBLK
  5
C3
330
B8
100
AcDbEntity
  8
0
 62
     7
100
AcDbBlockEnd
  0
BLOCK
  5
C6
330
C5
100
AcDbEntity
  8
0
 62
     7
100
AcDbBlockBegin
  2
*D7
 70
     1
 10
0.0
 20
0.0
 30
0.0
  3
*D7
  1

  0
LINE
  5
C7
330
C5
100
AcDbEntity
  8
0
 62
    55
440
 16777216
370
    -2
100
AcDbLine
 10
-363.864716908517
 20
-78.60626444344962
 30
0.0
 11
-363.864716908517
 21
-50.80210587582678
 31
0.0
  0
LINE
  5
C8
330
C5
100
AcDbEntity
  8
0
 62
    55
440
 16777216
370
    -2
100
AcDbLine
 10
-283.864716908517
 20
-114.6062644434496
 30
0.0
 11
-283.864716908517
 21
-50.80210587582678
 31
0.0
  0
LINE
  5
C9
330
C5
100
AcDbEntity
  8
0
 62
    55
440
 16777216
370
    -2
100
AcDbLine
 10
-398.864716908517
 20
-60.80210587582678
 30
0.0
 11
-433.864716908517
 21
-60.80210587582678
 31
0.0
  0
LINE
  5
CA
330
C5
100
AcDbEntity
  8
0
 62
    55
440
 16777216
370
    -2
100
AcDbLine
 10
-248.864716908517
 20
-60.80210587582678
 30
0.0
 11
-213.864716908517
 21
-60.80210587582678
 31
0.0
  0
LINE
  5
CB
330
C5
100
AcDbEntity
  8
0
 62
    55
440
 16777216
370
    -2
100
AcDbLine
 10
-363.864716908517
 20
-60.80210587582678
 30
0.0
 11
-283.864716908517
 21
-60.80210587582678
 31
0.0
  0
SOLID
  5
CC
330
C5
100
AcDbEntity
  8
0
 62
    55
440
 16777216
100
AcDbTrace
 10
-398.864716908517
 20
-54.96877254249345
 30
0.0
 11
-398.864716908517
 21
-66.63543920916011
 31
0.0
 12
-363.864716908517
 22
-60.80210587582678
 32
0.0
 13
-363.864716908517
 23
-60.80210587582678
 33
0.0
  0
SOLID
  5
CD
330
C5
100
AcDbEntity
  8
0
 62
    55
440
 16777216
100
AcDbTrace
 10
-248.864716908517
 20
-54.96877254249345
 30
0.0
 11
-248.864716908517
 21
-66.63543920916011
 31
0.0
 12
-283.864716908517
 22
-60.80210587582678
 32
0.0
 13
-283.864716908517
 23
-60.80210587582678
 33
0.0
  0
MTEXT
  5
CE
330
C5
100
AcDbEntity
  8
0
 62
     1
440
 16777216
100
AcDbMText
 10
-323.864716908517
 20
-33.30210587582678
 30
0.0
 40
35.0
 41
0.0
 71
     5
 72
     1
  1
\A1;40
  7
010018$0$DIM
 73
     1
 44
1.0
  0
POINT
  5
CF
330
C5
100
AcDbEntity
  8
Defpoints
 62
     0
440
 16777216
100
AcDbPoint
 10
-363.864716908517
 20
-98.60626444344962
 30
0.0
  0
POINT
  5
D0
330
C5
100
AcDbEntity
  8
Defpoints
 62
     0
440
 16777216
100
AcDbPoint
 10
-283.864716908517
 20
-134.6062644434496
 30
0.0
  0
POINT
  5
D1
330
C5
100
AcDbEntity
  8
Defpoints
 62
     0
440
 16777216
100
AcDbPoint
 10
-283.864716908517
 20
-60.80210587582678
 30
0.0
  0
ENDBLK
  5
D2
330
C5
100
AcDbEntity
  8
0
 62
     7
100
AcDbBlockEnd
  0
BLOCK
  5
D5
330
D4
100
AcDbEntity
  8
0
 62
     7
100
AcDbBlockBegin
  2
*D8
 70
     1
 10
0.0
 20
0.0
 30
0.0
  3
*D8
  1

  0
LINE
  5
D6
330
D4
100
AcDbEntity
  8
0
 62
    55
440
 16777216
370
    -2
100
AcDbLine
 10
-383.8647169085172
 20
-98.60626444344967
 30
0.0
 11
-464.9563728883239
 21
-98.60626444344969
 31
0.0
  0
LINE
  5
D7
330
D4
100
AcDbEntity
  8
0
 62
    55
440
 16777216
370
    -2
100
AcDbLine
 10
-383.8647169085172
 20
-138.6062644434497
 30
0.0
 11
-464.9563728883238
 21
-138.6062644434497
 31
0.0
  0
LINE
  5
D8
330
D4
100
AcDbEntity
  8
0
 62
    55
440
 16777216
370
    -2
100
AcDbLine
 10
-454.9563728883239
 20
-63.60626444344967
 30
0.0
 11
-454.9563728883239
 21
-28.60626444344967
 31
0.0
  0
LINE
  5
D9
330
D4
100
AcDbEntity
  8
0
 62
    55
440
 16777216
370
    -2
100
AcDbLine
 10
-454.9563728883238
 20
-173.6062644434497
 30
0.0
 11
-454.9563728883238
 21
-208.6062644434497
 31
0.0
  0
LINE
  5
DA
330
D4
100
AcDbEntity
  8
0
 62
    55
440
 16777216
370
    -2
100
AcDbLine
 10
-454.9563728883238
 20
-208.6062644434497
 30
0.0
 11
-527.6679279567464
 21
-208.6062644434497
 31
0.0
  0
LINE
  5
DB
330
D4
100
AcDbEntity
  8
0
 62
    55
440
 16777216
370
    -2
100
AcDbLine
 10
-454.9563728883239
 20
-98.60626444344969
 30
0.0
 11
-454.9563728883238
 21
-138.6062644434497
 31
0.0
  0
SOLID
  5
DC
330
D4
100
AcDbEntity
  8
0
 62
    55
440
 16777216
100
AcDbTrace
 10
-460.7897062216572
 20
-63.60626444344967
 30
0.0
 11
-449.1230395549906
 21
-63.60626444344967
 31
0.0
 12
-454.9563728883239
 22
-98.60626444344969
 32
0.0
 13
-454.9563728883239
 23
-98.60626444344969
 33
0.0
  0
SOLID
  5
DD
330
D4
100
AcDbEntity
  8
0
 62
    55
440
 16777216
100
AcDbTrace
 10
-460.7897062216571
 20
-173.6062644434497
 30
0.0
 11
-449.1230395549905
 21
-173.6062644434497
 31
0.0
 12
-454.9563728883238
 22
-138.6062644434497
 32
0.0
 13
-454.9563728883238
 23
-138.6062644434497
 33
0.0
  0
MTEXT
  5
DE
330
D4
100
AcDbEntity
  8
0
 62
     1
440
 16777216
100
AcDbMText
 10
-496.3121504225351
 20
-181.1062644434495
 30
0.0
 40
35.0
 41
0.0
 71
     5
 72
     1
  1
\A1;25
  7
010018$0$DIM
 73
     1
 44
1.0
  0
POINT
  5
DF
330
D4
100
AcDbEntity
  8
Defpoints
 62
     0
440
 16777216
100
AcDbPoint
 10
-363.8647169085172
 20
-98.60626444344967
 30
0.0
  0
POINT
  5
E0
330
D4
100
AcDbEntity
  8
Defpoints
 62
     0
440
 16777216
100
AcDbPoint
 10
-363.8647169085172
 20
-138.6062644434497
 30
0.0
  0
POINT
  5
E1
330
D4
100
AcDbEntity
  8
Defpoints
 62
     0
440
 16777216
100
AcDbPoint
 10
-454.9563728883238
 20
-138.6062644434497
 30
0.0
  0
ENDBLK
  5
E2
330
D4
100
AcDbEntity
  8
0
 62
     7
100
AcDbBlockEnd
  0
BLOCK
  5
115
330
114
100
AcDbEntity
  8
0
100
AcDbBlockBegin
  2
*D9
 70
     1
 10
0.0
 20
0.0
 30
0.0
  3
*D9
  1

  0
LINE
  5
116
330
114
100
AcDbEntity
  8
0
 62
    55
440
 16777216
370
    -2
100
AcDbLine
 10
92395.16395886418
 20
-152574.716345954
 30
0.0
 11
92395.16395886424
 21
-152655.216345954
 31
0.0
  0
LINE
  5
117
330
114
100
AcDbEntity
  8
0
 62
    55
440
 16777216
370
    -2
100
AcDbLine
 10
92345.16395886417
 20
-152565.216345954
 30
0.0
 11
92345.16395886424
 21
-152655.216345954
 31
0.0
  0
LINE
  5
118
330
114
100
AcDbEntity
  8
0
 62
    55
440
 16777216
370
    -2
100
AcDbLine
 10
92425.16395886424
 20
-152645.216345954
 30
0.0
 11
92455.16395886424
 21
-152645.216345954
 31
0.0
  0
LINE
  5
119
330
114
100
AcDbEntity
  8
0
 62
    55
440
 16777216
370
    -2
100
AcDbLine
 10
92315.16395886424
 20
-152645.2163459541
 30
0.0
 11
92204.35839302823
 21
-152645.2163459542
 31
0.0
  0
LINE
  5
11A
330
114
100
AcDbEntity
  8
0
 62
    55
440
 16777216
370
    -2
100
AcDbLine
 10
92395.16395886424
 20
-152645.216345954
 30
0.0
 11
92345.16395886424
 21
-152645.216345954
 31
0.0
  0
SOLID
  5
11B
330
114
100
AcDbEntity
  8
0
 62
    55
440
 16777216
100
AcDbTrace
 10
92425.16395886423
 20
-152640.216345954
 30
0.0
 11
92425.16395886424
 21
-152650.216345954
 31
0.0
 12
92395.16395886424
 22
-152645.216345954
 32
0.0
 13
92395.16395886424
 23
-152645.216345954
 33
0.0
  0
SOLID
  5
11C
330
114
100
AcDbEntity
  8
0
 62
    55
440
 16777216
100
AcDbTrace
 10
92315.16395886423
 20
-152640.2163459541
 30
0.0
 11
92315.16395886424
 21
-152650.2163459541
 31
0.0
 12
92345.16395886424
 22
-152645.216345954
 32
0.0
 13
92345.16395886424
 23
-152645.216345954
 33
0.0
  0
MTEXT
  5
11D
330
114
100
AcDbEntity
  8
0
 62
     1
440
 16777216
100
AcDbMText
 10
92244.76117594625
 20
-152617.7163459541
 30
0.0
 40
35.0
 41
0.0
 71
     5
 72
     1
  1
\A1;50
  7
010018$0$DIM
 73
     1
 44
1.0
  0
POINT
  5
11E
330
114
100
AcDbEntity
  8
Defpoints
 62
     0
440
 16777216
100
AcDbPoint
 10
92395.16395886417
 20
-152554.716345954
 30
0.0
  0
POINT
  5
11F
330
114
100
AcDbEntity
  8
Defpoints
 62
     0
440
 16777216
100
AcDbPoint
 10
92345.16395886416
 20
-152545.216345954
 30
0.0
  0
POINT
  5
120
330
114
100
AcDbEntity
  8
Defpoints
 62
     0
440
 16777216
100
AcDbPoint
 10
92345.16395886424
 20
-152645.216345954
 30
0.0
  0
ENDBLK
  5
121
330
114
100
AcDbEntity
  8
0
100
AcDbBlockEnd
  0
BLOCK
  5
125
330
124
100
AcDbEntity
  8
0
100
AcDbBlockBegin
  2
*D10
 70
     1
 10
0.0
 20
0.0
 30
0.0
  3
*D10
  1

  0
LINE
  5
126
330
124
100
AcDbEntity
  8
0
 62
    55
440
 16777216
370
    -2
100
AcDbLine
 10
92749.28895886413
 20
-152574.7163459537
 30
0.0
 11
92749.28895886418
 21
-152655.2163459537
 31
0.0
  0
LINE
  5
127
330
124
100
AcDbEntity
  8
0
 62
    55
440
 16777216
370
    -2
100
AcDbLine
 10
92395.16395886418
 20
-152574.716345954
 30
0.0
 11
92395.16395886424
 21
-152655.216345954
 31
0.0
  0
LINE
  5
128
330
124
100
AcDbEntity
  8
0
 62
    55
440
 16777216
370
    -2
100
AcDbLine
 10
92719.28895886418
 20
-152645.2163459538
 30
0.0
 11
92425.16395886424
 21
-152645.216345954
 31
0.0
  0
SOLID
  5
129
330
124
100
AcDbEntity
  8
0
 62
    55
440
 16777216
100
AcDbTrace
 10
92719.28895886417
 20
-152640.2163459538
 30
0.0
 11
92719.28895886418
 21
-152650.2163459538
 31
0.0
 12
92749.28895886418
 22
-152645.2163459537
 32
0.0
 13
92749.28895886418
 23
-152645.2163459537
 33
0.0
  0
SOLID
  5
12A
330
124
100
AcDbEntity
  8
0
 62
    55
440
 16777216
100
AcDbTrace
 10
92425.16395886423
 20
-152640.216345954
 30
0.0
 11
92425.16395886424
 21
-152650.216345954
 31
0.0
 12
92395.16395886424
 22
-152645.216345954
 32
0.0
 13
92395.16395886424
 23
-152645.216345954
 33
0.0
  0
MTEXT
  5
12B
330
124
100
AcDbEntity
  8
0
 62
     1
440
 16777216
100
AcDbMText
 10
92572.22645886418
 20
-152617.7163459539
 30
0.0
 40
35.0
 41
0.0
 71
     5
 72
     1
  1
\A1;354.1
  7
010018$0$DIM
 73
     1
 44
1.0
  0
POINT
  5
12C
330
124
100
AcDbEntity
  8
Defpoints
 62
     0
440
 16777216
100
AcDbPoint
 10
92749.28895886411
 20
-152554.7163459537
 30
0.0
  0
POINT
  5
12D
330
124
100
AcDbEntity
  8
Defpoints
 62
     0
440
 16777216
100
AcDbPoint
 10
92395.16395886417
 20
-152554.716345954
 30
0.0
  0
POINT
  5
12E
330
124
100
AcDbEntity
  8
Defpoints
 62
     0
440
 16777216
100
AcDbPoint
 10
92395.16395886424
 20
-152645.216345954
 30
0.0
  0
ENDBLK
  5
12F
330
124
100
AcDbEntity
  8
0
100
AcDbBlockEnd
  0
BLOCK
  5
135
330
134
100
AcDbEntity
  8
0
100
AcDbBlockBegin
  2
*D11
 70
     1
 10
0.0
 20
0.0
 30
0.0
  3
*D11
  1

  0
LINE
  5
136
330
134
100
AcDbEntity
  8
0
 62
    55
440
 16777216
370
    -2
100
AcDbLine
 10
93103.41395886407
 20
-152574.7163459535
 30
0.0
 11
93103.41395886413
 21
-152655.2163459535
 31
0.0
  0
LINE
  5
137
330
134
100
AcDbEntity
  8
0
 62
    55
440
 16777216
370
    -2
100
AcDbLine
 10
92749.28895886413
 20
-152574.7163459537
 30
0.0
 11
92749.28895886418
 21
-152655.2163459537
 31
0.0
  0
LINE
  5
138
330
134
100
AcDbEntity
  8
0
 62
    55
440
 16777216
370
    -2
100
AcDbLine
 10
93073.41395886413
 20
-152645.2163459535
 30
0.0
 11
92779.28895886418
 21
-152645.2163459537
 31
0.0
  0
SOLID
  5
139
330
134
100
AcDbEntity
  8
0
 62
    55
440
 16777216
100
AcDbTrace
 10
93073.41395886411
 20
-152640.2163459535
 30
0.0
 11
93073.41395886413
 21
-152650.2163459535
 31
0.0
 12
93103.41395886413
 22
-152645.2163459535
 32
0.0
 13
93103.41395886413
 23
-152645.2163459535
 33
0.0
  0
SOLID
  5
13A
330
134
100
AcDbEntity
  8
0
 62
    55
440
 16777216
100
AcDbTrace
 10
92779.28895886417
 20
-152640.2163459537
 30
0.0
 11
92779.28895886418
 21
-152650.2163459537
 31
0.0
 12
92749.28895886418
 22
-152645.2163459537
 32
0.0
 13
92749.28895886418
 23
-152645.2163459537
 33
0.0
  0
MTEXT
  5
13B
330
134
100
AcDbEntity
  8
0
 62
     1
440
 16777216
100
AcDbMText
 10
92926.35145886413
 20
-152617.7163459536
 30
0.0
 40
35.0
 41
0.0
 71
     5
 72
     1
  1
\A1;354.1
  7
010018$0$DIM
 73
     1
 44
1.0
  0
POINT
  5
13C
330
134
100
AcDbEntity
  8
Defpoints
 62
     0
440
 16777216
100
AcDbPoint
 10
93103.41395886405
 20
-152554.7163459535
 30
0.0
  0
POINT
  5
13D
330
134
100
AcDbEntity
  8
Defpoints
 62
     0
440
 16777216
100
AcDbPoint
 10
92749.28895886411
 20
-152554.7163459537
 30
0.0
  0
POINT
  5
13E
330
134
100
AcDbEntity
  8
Defpoints
 62
     0
440
 16777216
100
AcDbPoint
 10
92749.28895886418
 20
-152645.2163459537
 30
0.0
  0
ENDBLK
  5
13F
330
134
100
AcDbEntity
  8
0
100
AcDbBlockEnd
  0
BLOCK
  5
143
330
142
100
AcDbEntity
  8
0
100
AcDbBlockBegin
  2
*D12
 70
     1
 10
0.0
 20
0.0
 30
0.0
  3
*D12
  1

  0
LINE
  5
144
330
142
100
AcDbEntity
  8
0
 62
    55
440
 16777216
370
    -2
100
AcDbLine
 10
93457.53895886401
 20
-152574.7163459532
 30
0.0
 11
93457.53895886407
 21
-152655.2163459532
 31
0.0
  0
LINE
  5
145
330
142
100
AcDbEntity
  8
0
 62
    55
440
 16777216
370
    -2
100
AcDbLine
 10
93103.41395886407
 20
-152574.7163459535
 30
0.0
 11
93103.41395886413
 21
-152655.2163459535
 31
0.0
  0
LINE
  5
146
330
142
100
AcDbEntity
  8
0
 62
    55
440
 16777216
370
    -2
100
AcDbLine
 10
93427.53895886407
 20
-152645.2163459532
 30
0.0
 11
93133.41395886413
 21
-152645.2163459534
 31
0.0
  0
SOLID
  5
147
330
142
100
AcDbEntity
  8
0
 62
    55
440
 16777216
100
AcDbTrace
 10
93427.53895886405
 20
-152640.2163459532
 30
0.0
 11
93427.53895886407
 21
-152650.2163459532
 31
0.0
 12
93457.53895886407
 22
-152645.2163459532
 32
0.0
 13
93457.53895886407
 23
-152645.2163459532
 33
0.0
  0
SOLID
  5
148
330
142
100
AcDbEntity
  8
0
 62
    55
440
 16777216
100
AcDbTrace
 10
93133.41395886411
 20
-152640.2163459534
 30
0.0
 11
93133.41395886413
 21
-152650.2163459534
 31
0.0
 12
93103.41395886413
 22
-152645.2163459535
 32
0.0
 13
93103.41395886413
 23
-152645.2163459535
 33
0.0
  0
MTEXT
  5
149
330
142
100
AcDbEntity
  8
0
 62
     1
440
 16777216
100
AcDbMText
 10
93280.47645886407
 20
-152617.7163459533
 30
0.0
 40
35.0
 41
0.0
 71
     5
 72
     1
  1
\A1;354.1
  7
010018$0$DIM
 73
     1
 44
1.0
  0
POINT
  5
14A
330
142
100
AcDbEntity
  8
Defpoints
 62
     0
440
 16777216
100
AcDbPoint
 10
93457.538958864
 20
-152554.7163459532
 30
0.0
  0
POINT
  5
14B
330
142
100
AcDbEntity
  8
Defpoints
 62
     0
440
 16777216
100
AcDbPoint
 10
93103.41395886405
 20
-152554.7163459535
 30
0.0
  0
POINT
  5
14C
330
142
100
AcDbEntity
  8
Defpoints
 62
     0
440
 16777216
100
AcDbPoint
 10
93103.41395886413
 20
-152645.2163459535
 30
0.0
  0
ENDBLK
  5
14D
330
142
100
AcDbEntity
  8
0
100
AcDbBlockEnd
  0
BLOCK
  5
151
330
150
100
AcDbEntity
  8
0
100
AcDbBlockBegin
  2
*D13
 70
     1
 10
0.0
 20
0.0
 30
0.0
  3
*D13
  1

  0
LINE
  5
152
330
150
100
AcDbEntity
  8
0
 62
    55
440
 16777216
370
    -2
100
AcDbLine
 10
93811.66395886395
 20
-152574.7163459529
 30
0.0
 11
93811.66395886401
 21
-152655.2163459529
 31
0.0
  0
LINE
  5
153
330
150
100
AcDbEntity
  8
0
 62
    55
440
 16777216
370
    -2
100
AcDbLine
 10
93457.53895886401
 20
-152574.7163459532
 30
0.0
 11
93457.53895886407
 21
-152655.2163459532
 31
0.0
  0
LINE
  5
154
330
150
100
AcDbEntity
  8
0
 62
    55
440
 16777216
370
    -2
100
AcDbLine
 10
93781.66395886401
 20
-152645.2163459529
 30
0.0
 11
93487.53895886407
 21
-152645.2163459532
 31
0.0
  0
SOLID
  5
155
330
150
100
AcDbEntity
  8
0
 62
    55
440
 16777216
100
AcDbTrace
 10
93781.663958864
 20
-152640.2163459529
 30
0.0
 11
93781.66395886401
 21
-152650.2163459529
 31
0.0
 12
93811.66395886401
 22
-152645.2163459529
 32
0.0
 13
93811.66395886401
 23
-152645.2163459529
 33
0.0
  0
SOLID
  5
156
330
150
100
AcDbEntity
  8
0
 62
    55
440
 16777216
100
AcDbTrace
 10
93487.53895886405
 20
-152640.2163459532
 30
0.0
 11
93487.53895886407
 21
-152650.2163459532
 31
0.0
 12
93457.53895886407
 22
-152645.2163459532
 32
0.0
 13
93457.53895886407
 23
-152645.2163459532
 33
0.0
  0
MTEXT
  5
157
330
150
100
AcDbEntity
  8
0
 62
     1
440
 16777216
100
AcDbMText
 10
93634.60145886401
 20
-152617.7163459531
 30
0.0
 40
35.0
 41
0.0
 71
     5
 72
     1
  1
\A1;354.1
  7
010018$0$DIM
 73
     1
 44
1.0
  0
POINT
  5
158
330
150
100
AcDbEntity
  8
Defpoints
 62
     0
440
 16777216
100
AcDbPoint
 10
93811.66395886394
 20
-152554.7163459529
 30
0.0
  0
POINT
  5
159
330
150
100
AcDbEntity
  8
Defpoints
 62
     0
440
 16777216
100
AcDbPoint
 10
93457.538958864
 20
-152554.7163459532
 30
0.0
  0
POINT
  5
15A
330
150
100
AcDbEntity
  8
Defpoints
 62
     0
440
 16777216
100
AcDbPoint
 10
93457.53895886407
 20
-152645.2163459532
 30
0.0
  0
ENDBLK
  5
15B
330
150
100
AcDbEntity
  8
0
100
AcDbBlockEnd
  0
BLOCK
  5
15F
330
15E
100
AcDbEntity
  8
0
100
AcDbBlockBegin
  2
*D14
 70
     1
 10
0.0
 20
0.0
 30
0.0
  3
*D14
  1

  0
LINE
  5
160
330
15E
100
AcDbEntity
  8
0
 62
    55
440
 16777216
370
    -2
100
AcDbLine
 10
93861.66395886394
 20
-152565.2163459529
 30
0.0
 11
93861.66395886401
 21
-152655.2163459529
 31
0.0
  0
LINE
  5
161
330
15E
100
AcDbEntity
  8
0
 62
    55
440
 16777216
370
    -2
100
AcDbLine
 10
93811.66395886395
 20
-152574.7163459529
 30
0.0
 11
93811.66395886401
 21
-152655.2163459529
 31
0.0
  0
LINE
  5
162
330
15E
100
AcDbEntity
  8
0
 62
    55
440
 16777216
370
    -2
100
AcDbLine
 10
93781.66395886401
 20
-152645.2163459529
 30
0.0
 11
93751.66395886401
 21
-152645.2163459529
 31
0.0
  0
LINE
  5
163
330
15E
100
AcDbEntity
  8
0
 62
    55
440
 16777216
370
    -2
100
AcDbLine
 10
93891.66395886401
 20
-152645.2163459528
 30
0.0
 11
94002.46952470002
 21
-152645.2163459527
 31
0.0
  0
LINE
  5
164
330
15E
100
AcDbEntity
  8
0
 62
    55
440
 16777216
370
    -2
100
AcDbLine
 10
93811.66395886401
 20
-152645.2163459529
 30
0.0
 11
93861.66395886401
 21
-152645.2163459529
 31
0.0
  0
SOLID
  5
165
330
15E
100
AcDbEntity
  8
0
 62
    55
440
 16777216
100
AcDbTrace
 10
93781.663958864
 20
-152640.2163459529
 30
0.0
 11
93781.66395886401
 21
-152650.2163459529
 31
0.0
 12
93811.66395886401
 22
-152645.2163459529
 32
0.0
 13
93811.66395886401
 23
-152645.2163459529
 33
0.0
  0
SOLID
  5
166
330
15E
100
AcDbEntity
  8
0
 62
    55
440
 16777216
100
AcDbTrace
 10
93891.663958864
 20
-152640.2163459528
 30
0.0
 11
93891.66395886401
 21
-152650.2163459528
 31
0.0
 12
93861.66395886401
 22
-152645.2163459529
 32
0.0
 13
93861.66395886401
 23
-152645.2163459529
 33
0.0
  0
MTEXT
  5
167
330
15E
100
AcDbEntity
  8
0
 62
     1
440
 16777216
100
AcDbMText
 10
93962.06674178201
 20
-152617.7163459528
 30
0.0
 40
35.0
 41
0.0
 71
     5
 72
     1
  1
\A1;50
  7
010018$0$DIM
 73
     1
 44
1.0
  0
POINT
  5
168
330
15E
100
AcDbEntity
  8
Defpoints
 62
     0
440
 16777216
100
AcDbPoint
 10
93861.66395886392
 20
-152545.2163459529
 30
0.0
  0
POINT
  5
169
330
15E
100
AcDbEntity
  8
Defpoints
 62
     0
440
 16777216
100
AcDbPoint
 10
93811.66395886394
 20
-152554.7163459529
 30
0.0
  0
POINT
  5
16A
330
15E
100
AcDbEntity
  8
Defpoints
 62
     0
440
 16777216
100
AcDbPoint
 10
93811.66395886401
 20
-152645.2163459529
 30
0.0
  0
ENDBLK
  5
16B
330
15E
100
AcDbEntity
  8
0
100
AcDbBlockEnd
  0
BLOCK
  5
17E
330
17D
100
AcDbEntity
  8
0
100
AcDbBlockBegin
  2
*D15
 70
     1
 10
0.0
 20
0.0
 30
0.0
  3
*D15
  1

  0
LINE
  5
17F
330
17D
100
AcDbEntity
  8
0
 62
    55
440
 16777216
370
    -2
100
AcDbLine
 10
94401.66395886424
 20
-152028.2163459541
 30
0.0
 11
94522.16395886439
 21
-152028.2163459541
 31
0.0
  0
LINE
  5
180
330
17D
100
AcDbEntity
  8
0
 62
    55
440
 16777216
370
    -2
100
AcDbLine
 10
94392.16395886424
 20
-152078.2163459541
 30
0.0
 11
94522.16395886439
 21
-152078.2163459541
 31
0.0
  0
LINE
  5
181
330
17D
100
AcDbEntity
  8
0
 62
    55
440
 16777216
370
    -2
100
AcDbLine
 10
94512.16395886439
 20
-151998.2163459541
 30
0.0
 11
94512.16395886439
 21
-151968.2163459541
 31
0.0
  0
LINE
  5
182
330
17D
100
AcDbEntity
  8
0
 62
    55
440
 16777216
370
    -2
100
AcDbLine
 10
94512.16395886439
 20
-152108.2163459541
 30
0.0
 11
94512.16395886439
 21
-152138.2163459541
 31
0.0
  0
LINE
  5
183
330
17D
100
AcDbEntity
  8
0
 62
    55
440
 16777216
370
    -2
100
AcDbLine
 10
94512.16395886439
 20
-152028.2163459541
 30
0.0
 11
94512.16395886439
 21
-152078.2163459541
 31
0.0
  0
SOLID
  5
184
330
17D
100
AcDbEntity
  8
0
 62
    55
440
 16777216
100
AcDbTrace
 10
94507.16395886439
 20
-151998.2163459541
 30
0.0
 11
94517.16395886439
 21
-151998.2163459541
 31
0.0
 12
94512.16395886439
 22
-152028.2163459541
 32
0.0
 13
94512.16395886439
 23
-152028.2163459541
 33
0.0
  0
SOLID
  5
185
330
17D
100
AcDbEntity
  8
0
 62
    55
440
 16777216
100
AcDbTrace
 10
94507.16395886439
 20
-152108.2163459541
 30
0.0
 11
94517.16395886439
 21
-152108.2163459541
 31
0.0
 12
94512.16395886439
 22
-152078.2163459541
 32
0.0
 13
94512.16395886439
 23
-152078.2163459541
 33
0.0
  0
MTEXT
  5
186
330
17D
100
AcDbEntity
  8
0
 62
     1
440
 16777216
100
AcDbMText
 10
94484.66395886433
 20
-152053.2163459541
 30
0.0
 40
35.0
 41
0.0
 71
     5
 72
     1
  1
\A1;50
  7
010018$0$DIM
 11
6.123233995736766E-17
 21
1.0
 31
0.0
 73
     1
 44
1.0
  0
POINT
  5
187
330
17D
100
AcDbEntity
  8
Defpoints
 62
     0
440
 16777216
100
AcDbPoint
 10
94381.66395886424
 20
-152028.2163459541
 30
0.0
  0
POINT
  5
188
330
17D
100
AcDbEntity
  8
Defpoints
 62
     0
440
 16777216
100
AcDbPoint
 10
94372.16395886424
 20
-152078.2163459541
 30
0.0
  0
POINT
  5
189
330
17D
100
AcDbEntity
  8
Defpoints
 62
     0
440
 16777216
100
AcDbPoint
 10
94512.16395886439
 20
-152078.2163459541
 30
0.0
  0
ENDBLK
  5
18A
330
17D
100
AcDbEntity
  8
0
100
AcDbBlockEnd
  0
BLOCK
  5
18D
330
18C
100
AcDbEntity
  8
0
100
AcDbBlockBegin
  2
*D16
 70
     1
 10
0.0
 20
0.0
 30
0.0
  3
*D16
  1

  0
LINE
  5
18E
330
18C
100
AcDbEntity
  8
0
 62
    55
440
 16777216
370
    -2
100
AcDbLine
 10
94401.66395886424
 20
-151783.7163459538
 30
0.0
 11
94522.16395886459
 21
-151783.7163459538
 31
0.0
  0
LINE
  5
18F
330
18C
100
AcDbEntity
  8
0
 62
    55
440
 16777216
370
    -2
100
AcDbLine
 10
94401.66395886424
 20
-152028.2163459541
 30
0.0
 11
94522.16395886459
 21
-152028.2163459541
 31
0.0
  0
LINE
  5
190
330
18C
100
AcDbEntity
  8
0
 62
    55
440
 16777216
370
    -2
100
AcDbLine
 10
94512.16395886459
 20
-151813.7163459538
 30
0.0
 11
94512.16395886459
 21
-151998.2163459541
 31
0.0
  0
SOLID
  5
191
330
18C
100
AcDbEntity
  8
0
 62
    55
440
 16777216
100
AcDbTrace
 10
94507.16395886459
 20
-151813.7163459538
 30
0.0
 11
94517.16395886459
 21
-151813.7163459538
 31
0.0
 12
94512.16395886459
 22
-151783.7163459538
 32
0.0
 13
94512.16395886459
 23
-151783.7163459538
 33
0.0
  0
SOLID
  5
192
330
18C
100
AcDbEntity
  8
0
 62
    55
440
 16777216
100
AcDbTrace
 10
94507.16395886459
 20
-151998.2163459541
 30
0.0
 11
94517.16395886459
 21
-151998.2163459541
 31
0.0
 12
94512.16395886459
 22
-152028.2163459541
 32
0.0
 13
94512.16395886459
 23
-152028.2163459541
 33
0.0
  0
MTEXT
  5
193
330
18C
100
AcDbEntity
  8
0
 62
     1
440
 16777216
100
AcDbMText
 10
94484.66395886453
 20
-151905.966345954
 30
0.0
 40
35.0
 41
0.0
 71
     5
 72
     1
  1
\A1;244.5
  7
010018$0$DIM
 11
6.123233995736766E-17
 21
1.0
 31
0.0
 73
     1
 44
1.0
  0
POINT
  5
194
330
18C
100
AcDbEntity
  8
Defpoints
 62
     0
440
 16777216
100
AcDbPoint
 10
94381.66395886424
 20
-151783.7163459538
 30
0.0
  0
POINT
  5
195
330
18C
100
AcDbEntity
  8
Defpoints
 62
     0
440
 16777216
100
AcDbPoint
 10
94381.66395886424
 20
-152028.2163459541
 30
0.0
  0
POINT
  5
196
330
18C
100
AcDbEntity
  8
Defpoints
 62
     0
440
 16777216
100
AcDbPoint
 10
94512.16395886459
 20
-152028.2163459541
 30
0.0
  0
ENDBLK
  5
197
330
18C
100
AcDbEntity
  8
0
100
AcDbBlockEnd
  0
BLOCK
  5
19B
330
19A
100
AcDbEntity
  8
0
100
AcDbBlockBegin
  2
*D17
 70
     1
 10
0.0
 20
0.0
 30
0.0
  3
*D17
  1

  0
LINE
  5
19C
330
19A
100
AcDbEntity
  8
0
 62
    55
440
 16777216
370
    -2
100
AcDbLine
 10
94401.66395886424
 20
-151539.2163459536
 30
0.0
 11
94522.16395886459
 21
-151539.2163459536
 31
0.0
  0
LINE
  5
19D
330
19A
100
AcDbEntity
  8
0
 62
    55
440
 16777216
370
    -2
100
AcDbLine
 10
94401.66395886424
 20
-151783.7163459538
 30
0.0
 11
94522.16395886459
 21
-151783.7163459538
 31
0.0
  0
LINE
  5
19E
330
19A
100
AcDbEntity
  8
0
 62
    55
440
 16777216
370
    -2
100
AcDbLine
 10
94512.16395886459
 20
-151569.2163459536
 30
0.0
 11
94512.16395886459
 21
-151753.7163459538
 31
0.0
  0
SOLID
  5
19F
330
19A
100
AcDbEntity
  8
0
 62
    55
440
 16777216
100
AcDbTrace
 10
94507.16395886459
 20
-151569.2163459536
 30
0.0
 11
94517.16395886459
 21
-151569.2163459536
 31
0.0
 12
94512.16395886459
 22
-151539.2163459536
 32
0.0
 13
94512.16395886459
 23
-151539.2163459536
 33
0.0
  0
SOLID
  5
1A0
330
19A
100
AcDbEntity
  8
0
 62
    55
440
 16777216
100
AcDbTrace
 10
94507.16395886459
 20
-151753.7163459538
 30
0.0
 11
94517.16395886459
 21
-151753.7163459538
 31
0.0
 12
94512.16395886459
 22
-151783.7163459538
 32
0.0
 13
94512.16395886459
 23
-151783.7163459538
 33
0.0
  0
MTEXT
  5
1A1
330
19A
100
AcDbEntity
  8
0
 62
     1
440
 16777216
100
AcDbMText
 10
94484.66395886453
 20
-151661.4663459537
 30
0.0
 40
35.0
 41
0.0
 71
     5
 72
     1
  1
\A1;244.5
  7
010018$0$DIM
 11
6.123233995736766E-17
 21
1.0
 31
0.0
 73
     1
 44
1.0
  0
POINT
  5
1A2
330
19A
100
AcDbEntity
  8
Defpoints
 62
     0
440
 16777216
100
AcDbPoint
 10
94381.66395886424
 20
-151539.2163459536
 30
0.0
  0
POINT
  5
1A3
330
19A
100
AcDbEntity
  8
Defpoints
 62
     0
440
 16777216
100
AcDbPoint
 10
94381.66395886424
 20
-151783.7163459538
 30
0.0
  0
POINT
  5
1A4
330
19A
100
AcDbEntity
  8
Defpoints
 62
     0
440
 16777216
100
AcDbPoint
 10
94512.16395886459
 20
-151783.7163459538
 30
0.0
  0
ENDBLK
  5
1A5
330
19A
100
AcDbEntity
  8
0
100
AcDbBlockEnd
  0
BLOCK
  5
1A9
330
1A8
100
AcDbEntity
  8
0
100
AcDbBlockBegin
  2
*D18
 70
     1
 10
0.0
 20
0.0
 30
0.0
  3
*D18
  1

  0
LINE
  5
1AA
330
1A8
100
AcDbEntity
  8
0
 62
    55
440
 16777216
370
    -2
100
AcDbLine
 10
94392.16395886424
 20
-151489.2163459536
 30
0.0
 11
94522.16395886439
 21
-151489.2163459536
 31
0.0
  0
LINE
  5
1AB
330
1A8
100
AcDbEntity
  8
0
 62
    55
440
 16777216
370
    -2
100
AcDbLine
 10
94401.66395886424
 20
-151539.2163459536
 30
0.0
 11
94522.16395886439
 21
-151539.2163459536
 31
0.0
  0
LINE
  5
1AC
330
1A8
100
AcDbEntity
  8
0
 62
    55
440
 16777216
370
    -2
100
AcDbLine
 10
94512.16395886439
 20
-151459.2163459536
 30
0.0
 11
94512.16395886439
 21
-151429.2163459536
 31
0.0
  0
LINE
  5
1AD
330
1A8
100
AcDbEntity
  8
0
 62
    55
440
 16777216
370
    -2
100
AcDbLine
 10
94512.16395886439
 20
-151569.2163459536
 30
0.0
 11
94512.16395886439
 21
-151599.2163459536
 31
0.0
  0
LINE
  5
1AE
330
1A8
100
AcDbEntity
  8
0
 62
    55
440
 16777216
370
    -2
100
AcDbLine
 10
94512.16395886439
 20
-151489.2163459536
 30
0.0
 11
94512.16395886439
 21
-151539.2163459536
 31
0.0
  0
SOLID
  5
1AF
330
1A8
100
AcDbEntity
  8
0
 62
    55
440
 16777216
100
AcDbTrace
 10
94507.16395886439
 20
-151459.2163459536
 30
0.0
 11
94517.16395886439
 21
-151459.2163459536
 31
0.0
 12
94512.16395886439
 22
-151489.2163459536
 32
0.0
 13
94512.16395886439
 23
-151489.2163459536
 33
0.0
  0
SOLID
  5
1B0
330
1A8
100
AcDbEntity
  8
0
 62
    55
440
 16777216
100
AcDbTrace
 10
94507.16395886439
 20
-151569.2163459536
 30
0.0
 11
94517.16395886439
 21
-151569.2163459536
 31
0.0
 12
94512.16395886439
 22
-151539.2163459536
 32
0.0
 13
94512.16395886439
 23
-151539.2163459536
 33
0.0
  0
MTEXT
  5
1B1
330
1A8
100
AcDbEntity
  8
0
 62
     1
440
 16777216
100
AcDbMText
 10
94484.66395886433
 20
-151514.2163459536
 30
0.0
 40
35.0
 41
0.0
 71
     5
 72
     1
  1
\A1;50
  7
010018$0$DIM
 11
6.123233995736766E-17
 21
1.0
 31
0.0
 73
     1
 44
1.0
  0
POINT
  5
1B2
330
1A8
100
AcDbEntity
  8
Defpoints
 62
     0
440
 16777216
100
AcDbPoint
 10
94372.16395886424
 20
-151489.2163459536
 30
0.0
  0
POINT
  5
1B3
330
1A8
100
AcDbEntity
  8
Defpoints
 62
     0
440
 16777216
100
AcDbPoint
 10
94381.66395886424
 20
-151539.2163459536
 30
0.0
  0
POINT
  5
1B4
330
1A8
100
AcDbEntity
  8
Defpoints
 62
     0
440
 16777216
100
AcDbPoint
 10
94512.16395886439
 20
-151539.2163459536
 30
0.0
  0
ENDBLK
  5
1B5
330
1A8
100
AcDbEntity
  8
0
100
AcDbBlockEnd
  0
BLOCK
  5
1B9
330
1B8
100
AcDbEntity
  8
0
100
AcDbBlockBegin
  2
*D19
 70
     1
 10
0.0
 20
0.0
 30
0.0
  3
*D19
  1

  0
LINE
  5
1BA
330
1B8
100
AcDbEntity
  8
0
 62
    55
440
 16777216
370
    -2
100
AcDbLine
 10
93863.16395886398
 20
-152454.5322951898
 30
0.0
 11
93863.16395886398
 21
-152444.5322951899
 31
0.0
  0
LINE
  5
1BB
330
1B8
100
AcDbEntity
  8
0
 62
    55
440
 16777216
370
    -2
100
AcDbLine
 10
92347.16395886416
 20
-152414.5322951899
 30
0.0
 11
92347.16395886416
 21
-152424.5322951899
 31
0.0
  0
LINE
  5
1BC
330
1B8
100
AcDbEntity
  8
0
 62
    55
440
 16777216
370
    -2
100
AcDbLine
 10
93833.16395886398
 20
-152434.5322951899
 30
0.0
 11
92377.16395886416
 21
-152434.5322951899
 31
0.0
  0
SOLID
  5
1BD
330
1B8
100
AcDbEntity
  8
0
 62
    55
440
 16777216
100
AcDbTrace
 10
93833.16395886398
 20
-152429.5322951899
 30
0.0
 11
93833.16395886398
 21
-152439.5322951899
 31
0.0
 12
93863.16395886398
 22
-152434.5322951899
 32
0.0
 13
93863.16395886398
 23
-152434.5322951899
 33
0.0
  0
SOLID
  5
1BE
330
1B8
100
AcDbEntity
  8
0
 62
    55
440
 16777216
100
AcDbTrace
 10
92377.16395886416
 20
-152429.5322951899
 30
0.0
 11
92377.16395886416
 21
-152439.5322951899
 31
0.0
 12
92347.16395886416
 22
-152434.5322951899
 32
0.0
 13
92347.16395886416
 23
-152434.5322951899
 33
0.0
  0
MTEXT
  5
1BF
330
1B8
100
AcDbEntity
  8
0
 62
     1
440
 16777216
100
AcDbMText
 10
93105.16395886407
 20
-152407.0322951899
 30
0.0
 40
35.0
 41
0.0
 71
     5
 72
     1
  1
\A1;1516
  7
010018$0$DIM
 73
     1
 44
1.0
  0
POINT
  5
1C0
330
1B8
100
AcDbEntity
  8
Defpoints
 62
     0
440
 16777216
100
AcDbPoint
 10
93863.16395886398
 20
-152434.5322951898
 30
0.0
  0
POINT
  5
1C1
330
1B8
100
AcDbEntity
  8
Defpoints
 62
     0
440
 16777216
100
AcDbPoint
 10
92347.16395886416
 20
-152434.5322951899
 30
0.0
  0
POINT
  5
1C2
330
1B8
100
AcDbEntity
  8
Defpoints
 62
     0
440
 16777216
100
AcDbPoint
 10
92347.16395886416
 20
-152434.5322951899
 30
0.0
  0
ENDBLK
  5
1C3
330
1B8
100
AcDbEntity
  8
0
100
AcDbBlockEnd
  0
BLOCK
  5
1C6
330
1C5
100
AcDbEntity
  8
0
100
AcDbBlockBegin
  2
*D20
 70
     1
 10
0.0
 20
0.0
 30
0.0
  3
*D20
  1

  0
LINE
  5
1C7
330
1C5
100
AcDbEntity
  8
0
 62
    55
440
 16777216
370
    -2
100
AcDbLine
 10
93885.16395886418
 20
-153534.4260194002
 30
0.0
 11
93906.78163248049
 21
-153534.4260194002
 31
0.0
  0
LINE
  5
1C8
330
1C5
100
AcDbEntity
  8
0
 62
    55
440
 16777216
370
    -2
100
AcDbLine
 10
93885.16395886418
 20
-153494.4260194002
 30
0.0
 11
93906.78163248049
 21
-153494.4260194002
 31
0.0
  0
LINE
  5
1C9
330
1C5
100
AcDbEntity
  8
0
 62
    55
440
 16777216
370
    -2
100
AcDbLine
 10
93896.78163248049
 20
-153564.4260194002
 30
0.0
 11
93896.78163248049
 21
-153594.4260194002
 31
0.0
  0
LINE
  5
1CA
330
1C5
100
AcDbEntity
  8
0
 62
    55
440
 16777216
370
    -2
100
AcDbLine
 10
93896.78163248049
 20
-153464.4260194002
 30
0.0
 11
93896.78163248049
 21
-153434.4260194002
 31
0.0
  0
LINE
  5
1CB
330
1C5
100
AcDbEntity
  8
0
 62
    55
440
 16777216
370
    -2
100
AcDbLine
 10
93896.78163248049
 20
-153434.4260194002
 30
0.0
 11
93966.24745235434
 21
-153434.4260194002
 31
0.0
  0
LINE
  5
1CC
330
1C5
100
AcDbEntity
  8
0
 62
    55
440
 16777216
370
    -2
100
AcDbLine
 10
93896.78163248049
 20
-153534.4260194002
 30
0.0
 11
93896.78163248049
 21
-153494.4260194002
 31
0.0
  0
SOLID
  5
1CD
330
1C5
100
AcDbEntity
  8
0
 62
    55
440
 16777216
100
AcDbTrace
 10
93891.78163248049
 20
-153564.4260194002
 30
0.0
 11
93901.78163248049
 21
-153564.4260194002
 31
0.0
 12
93896.78163248049
 22
-153534.4260194002
 32
0.0
 13
93896.78163248049
 23
-153534.4260194002
 33
0.0
  0
SOLID
  5
1CE
330
1C5
100
AcDbEntity
  8
0
 62
    55
440
 16777216
100
AcDbTrace
 10
93891.78163248049
 20
-153464.4260194002
 30
0.0
 11
93901.78163248049
 21
-153464.4260194002
 31
0.0
 12
93896.78163248049
 22
-153494.4260194002
 32
0.0
 13
93896.78163248049
 23
-153494.4260194002
 33
0.0
  0
MTEXT
  5
1CF
330
1C5
100
AcDbEntity
  8
0
 62
     1
440
 16777216
100
AcDbMText
 10
93936.51454241735
 20
-153406.9260194002
 30
0.0
 40
35.0
 41
0.0
 71
     5
 72
     1
  1
\A1;40
  7
010018$0$DIM
 73
     1
 44
1.0
  0
POINT
  5
1D0
330
1C5
100
AcDbEntity
  8
Defpoints
 62
     0
440
 16777216
100
AcDbPoint
 10
93865.16395886418
 20
-153534.4260194002
 30
0.0
  0
POINT
  5
1D1
330
1C5
100
AcDbEntity
  8
Defpoints
 62
     0
440
 16777216
100
AcDbPoint
 10
93865.16395886418
 20
-153494.4260194002
 30
0.0
  0
POINT
  5
1D2
330
1C5
100
AcDbEntity
  8
Defpoints
 62
     0
440
 16777216
100
AcDbPoint
 10
93896.78163248049
 20
-153494.4260194002
 30
0.0
  0
ENDBLK
  5
1D3
330
1C5
100
AcDbEntity
  8
0
100
AcDbBlockEnd
  0
BLOCK
  5
1DE
330
1DD
100
AcDbEntity
  8
0
100
AcDbBlockBegin
  2
*D21
 70
     1
 10
0.0
 20
0.0
 30
0.0
  3
*D21
  1

  0
LINE
  5
1DF
330
1DD
100
AcDbEntity
  8
0
 62
    55
440
 16777216
370
    -2
100
AcDbLine
 10
92367.16395886418
 20
-153441.4260194002
 30
0.0
 11
92428.44118009256
 21
-153441.4260194002
 31
0.0
  0
LINE
  5
1E0
330
1DD
100
AcDbEntity
  8
0
 62
    55
440
 16777216
370
    -2
100
AcDbLine
 10
92365.16395886418
 20
-153496.4260194002
 30
0.0
 11
92428.44118009256
 21
-153496.4260194002
 31
0.0
  0
LINE
  5
1E1
330
1DD
100
AcDbEntity
  8
0
 62
    55
440
 16777216
370
    -2
100
AcDbLine
 10
92418.44118009256
 20
-153411.4260194002
 30
0.0
 11
92418.44118009256
 21
-153381.4260194002
 31
0.0
  0
LINE
  5
1E2
330
1DD
100
AcDbEntity
  8
0
 62
    55
440
 16777216
370
    -2
100
AcDbLine
 10
92418.44118009256
 20
-153526.4260194002
 30
0.0
 11
92418.44118009256
 21
-153556.4260194002
 31
0.0
  0
LINE
  5
1E3
330
1DD
100
AcDbEntity
  8
0
 62
    55
440
 16777216
370
    -2
100
AcDbLine
 10
92418.44118009256
 20
-153441.4260194002
 30
0.0
 11
92418.44118009256
 21
-153496.4260194002
 31
0.0
  0
SOLID
  5
1E4
330
1DD
100
AcDbEntity
  8
0
 62
    55
440
 16777216
100
AcDbTrace
 10
92413.44118009256
 20
-153411.4260194002
 30
0.0
 11
92423.44118009256
 21
-153411.4260194002
 31
0.0
 12
92418.44118009256
 22
-153441.4260194002
 32
0.0
 13
92418.44118009256
 23
-153441.4260194002
 33
0.0
  0
SOLID
  5
1E5
330
1DD
100
AcDbEntity
  8
0
 62
    55
440
 16777216
100
AcDbTrace
 10
92413.44118009256
 20
-153526.4260194002
 30
0.0
 11
92423.44118009256
 21
-153526.4260194002
 31
0.0
 12
92418.44118009256
 22
-153496.4260194002
 32
0.0
 13
92418.44118009256
 23
-153496.4260194002
 33
0.0
  0
MTEXT
  5
1E6
330
1DD
100
AcDbEntity
  8
0
 62
     1
440
 16777216
100
AcDbMText
 10
92390.9411800925
 20
-153468.9260194002
 30
0.0
 40
35.0
 41
0.0
 71
     5
 72
     1
  1
\A1;55
  7
010018$0$DIM
 11
6.123233995736766E-17
 21
1.0
 31
0.0
 73
     1
 44
1.0
  0
POINT
  5
1E7
330
1DD
100
AcDbEntity
  8
Defpoints
 62
     0
440
 16777216
100
AcDbPoint
 10
92347.16395886418
 20
-153441.4260194002
 30
0.0
  0
POINT
  5
1E8
330
1DD
100
AcDbEntity
  8
Defpoints
 62
     0
440
 16777216
100
AcDbPoint
 10
92345.16395886418
 20
-153496.4260194002
 30
0.0
  0
POINT
  5
1E9
330
1DD
100
AcDbEntity
  8
Defpoints
 62
     0
440
 16777216
100
AcDbPoint
 10
92418.44118009256
 20
-153496.4260194002
 30
0.0
  0
ENDBLK
  5
1EA
330
1DD
100
AcDbEntity
  8
0
100
AcDbBlockEnd
  0
BLOCK
  5
1F1
330
1F0
100
AcDbEntity
  8
0
100
AcDbBlockBegin
  2
*D22
 70
     1
 10
0.0
 20
0.0
 30
0.0
  3
*D22
  1

  0
LINE
  5
1F2
330
1F0
100
AcDbEntity
  8
0
 62
    55
440
 16777216
370
    -2
100
AcDbLine
 10
92347.16395886416
 20
-153421.4260194002
 30
0.0
 11
92347.16395886416
 21
-153358.8222764431
 31
0.0
  0
LINE
  5
1F3
330
1F0
100
AcDbEntity
  8
0
 62
    55
440
 16777216
370
    -2
100
AcDbLine
 10
92307.16395886416
 20
-153421.4260194002
 30
0.0
 11
92307.16395886416
 21
-153358.8222764431
 31
0.0
  0
LINE
  5
1F4
330
1F0
100
AcDbEntity
  8
0
 62
    55
440
 16777216
370
    -2
100
AcDbLine
 10
92377.16395886416
 20
-153368.8222764431
 30
0.0
 11
92407.16395886416
 21
-153368.8222764431
 31
0.0
  0
LINE
  5
1F5
330
1F0
100
AcDbEntity
  8
0
 62
    55
440
 16777216
370
    -2
100
AcDbLine
 10
92277.16395886416
 20
-153368.8222764431
 30
0.0
 11
92247.16395886416
 21
-153368.8222764431
 31
0.0
  0
LINE
  5
1F6
330
1F0
100
AcDbEntity
  8
0
 62
    55
440
 16777216
370
    -2
100
AcDbLine
 10
92347.16395886416
 20
-153368.8222764431
 30
0.0
 11
92307.16395886416
 21
-153368.8222764431
 31
0.0
  0
SOLID
  5
1F7
330
1F0
100
AcDbEntity
  8
0
 62
    55
440
 16777216
100
AcDbTrace
 10
92377.16395886416
 20
-153363.8222764431
 30
0.0
 11
92377.16395886416
 21
-153373.8222764431
 31
0.0
 12
92347.16395886416
 22
-153368.8222764431
 32
0.0
 13
92347.16395886416
 23
-153368.8222764431
 33
0.0
  0
SOLID
  5
1F8
330
1F0
100
AcDbEntity
  8
0
 62
    55
440
 16777216
100
AcDbTrace
 10
92277.16395886416
 20
-153363.8222764431
 30
0.0
 11
92277.16395886416
 21
-153373.8222764431
 31
0.0
 12
92307.16395886416
 22
-153368.8222764431
 32
0.0
 13
92307.16395886416
 23
-153368.8222764431
 33
0.0
  0
MTEXT
  5
1F9
330
1F0
100
AcDbEntity
  8
0
 62
     1
440
 16777216
100
AcDbMText
 10
92327.16395886416
 20
-153341.3222764431
 30
0.0
 40
35.0
 41
0.0
 71
     5
 72
     1
  1
\A1;40
  7
010018$0$DIM
 73
     1
 44
1.0
  0
POINT
  5
1FA
330
1F0
100
AcDbEntity
  8
Defpoints
 62
     0
440
 16777216
100
AcDbPoint
 10
92347.16395886416
 20
-153441.4260194002
 30
0.0
  0
POINT
  5
1FB
330
1F0
100
AcDbEntity
  8
Defpoints
 62
     0
440
 16777216
100
AcDbPoint
 10
92307.16395886416
 20
-153441.4260194002
 30
0.0
  0
POINT
  5
1FC
330
1F0
100
AcDbEntity
  8
Defpoints
 62
     0
440
 16777216
100
AcDbPoint
 10
92307.16395886416
 20
-153368.8222764431
 30
0.0
  0
ENDBLK
  5
1FD
330
1F0
100
AcDbEntity
  8
0
100
AcDbBlockEnd
  0
BLOCK
  5
200
330
1FF
100
AcDbEntity
  8
0
100
AcDbBlockBegin
  2
*D23
 70
     1
 10
0.0
 20
0.0
 30
0.0
  3
*D23
  1

  0
LINE
  5
201
330
1FF
100
AcDbEntity
  8
0
 62
    55
440
 16777216
370
    -2
100
AcDbLine
 10
92345.16395886416
 20
-153516.4260194002
 30
0.0
 11
92345.16395886416
 21
-153590.7953541578
 31
0.0
  0
LINE
  5
202
330
1FF
100
AcDbEntity
  8
0
 62
    55
440
 16777216
370
    -2
100
AcDbLine
 10
93865.16395886416
 20
-153554.4260194002
 30
0.0
 11
93865.16395886416
 21
-153590.7953541578
 31
0.0
  0
LINE
  5
203
330
1FF
100
AcDbEntity
  8
0
 62
    55
440
 16777216
370
    -2
100
AcDbLine
 10
92375.16395886416
 20
-153580.7953541578
 30
0.0
 11
93835.16395886416
 21
-153580.7953541578
 31
0.0
  0
SOLID
  5
204
330
1FF
100
AcDbEntity
  8
0
 62
    55
440
 16777216
100
AcDbTrace
 10
92375.16395886416
 20
-153575.7953541578
 30
0.0
 11
92375.16395886416
 21
-153585.7953541578
 31
0.0
 12
92345.16395886416
 22
-153580.7953541578
 32
0.0
 13
92345.16395886416
 23
-153580.7953541578
 33
0.0
  0
SOLID
  5
205
330
1FF
100
AcDbEntity
  8
0
 62
    55
440
 16777216
100
AcDbTrace
 10
93835.16395886416
 20
-153575.7953541578
 30
0.0
 11
93835.16395886416
 21
-153585.7953541578
 31
0.0
 12
93865.16395886416
 22
-153580.7953541578
 32
0.0
 13
93865.16395886416
 23
-153580.7953541578
 33
0.0
  0
MTEXT
  5
206
330
1FF
100
AcDbEntity
  8
0
 62
     1
440
 16777216
100
AcDbMText
 10
93105.16395886416
 20
-153553.2953541578
 30
0.0
 40
35.0
 41
0.0
 71
     5
 72
     1
  1
\A1;1520
  7
010018$0$DIM
 73
     1
 44
1.0
  0
POINT
  5
207
330
1FF
100
AcDbEntity
  8
Defpoints
 62
     0
440
 16777216
100
AcDbPoint
 10
92345.16395886416
 20
-153496.4260194002
 30
0.0
  0
POINT
  5
208
330
1FF
100
AcDbEntity
  8
Defpoints
 62
     0
440
 16777216
100
AcDbPoint
 10
93865.16395886416
 20
-153534.4260194002
 30
0.0
  0
POINT
  5
209
330
1FF
100
AcDbEntity
  8
Defpoints
 62
     0
440
 16777216
100
AcDbPoint
 10
93865.16395886416
 20
-153580.7953541578
 30
0.0
  0
ENDBLK
  5
20A
330
1FF
100
AcDbEntity
  8
0
100
AcDbBlockEnd
  0
BLOCK
  5
21B
330
21A
100
AcDbEntity
  8
0
100
AcDbBlockBegin
  2
*D24
 70
     1
 10
0.0
 20
0.0
 30
0.0
  3
*D24
  1

  0
LINE
  5
21C
330
21A
100
AcDbEntity
  8
0
 62
    55
440
 16777216
370
    -2
100
AcDbLine
 10
93310.16395886413
 20
-151897.2163230657
 30
0.0
 11
93310.16395886413
 21
-151907.2163230657
 31
0.0
  0
LINE
  5
21D
330
21A
100
AcDbEntity
  8
0
 62
    55
440
 16777216
370
    -2
100
AcDbLine
 10
92347.16395886416
 20
-151897.2163230657
 30
0.0
 11
92347.16395886416
 21
-151907.2163230657
 31
0.0
  0
LINE
  5
21E
330
21A
100
AcDbEntity
  8
0
 62
    55
440
 16777216
370
    -2
100
AcDbLine
 10
93280.16395886413
 20
-151917.2163230657
 30
0.0
 11
92377.16395886416
 21
-151917.2163230657
 31
0.0
  0
SOLID
  5
21F
330
21A
100
AcDbEntity
  8
0
 62
    55
440
 16777216
100
AcDbTrace
 10
93280.16395886413
 20
-151912.2163230657
 30
0.0
 11
93280.16395886413
 21
-151922.2163230657
 31
0.0
 12
93310.16395886413
 22
-151917.2163230657
 32
0.0
 13
93310.16395886413
 23
-151917.2163230657
 33
0.0
  0
SOLID
  5
220
330
21A
100
AcDbEntity
  8
0
 62
    55
440
 16777216
100
AcDbTrace
 10
92377.16395886416
 20
-151912.2163230657
 30
0.0
 11
92377.16395886416
 21
-151922.2163230657
 31
0.0
 12
92347.16395886416
 22
-151917.2163230657
 32
0.0
 13
92347.16395886416
 23
-151917.2163230657
 33
0.0
  0
MTEXT
  5
221
330
21A
100
AcDbEntity
  8
0
 62
     1
440
 16777216
100
AcDbMText
 10
92828.66395886414
 20
-151889.7163230657
 30
0.0
 40
35.0
 41
0.0
 71
     5
 72
     1
  1
\A1;963
  7
010018$0$DIM
 73
     1
 44
1.0
  0
POINT
  5
222
330
21A
100
AcDbEntity
  8
Defpoints
 62
     0
440
 16777216
100
AcDbPoint
 10
93310.16395886413
 20
-151917.2163230657
 30
0.0
  0
POINT
  5
223
330
21A
100
AcDbEntity
  8
Defpoints
 62
     0
440
 16777216
100
AcDbPoint
 10
92347.16395886416
 20
-151917.2163230657
 30
0.0
  0
POINT
  5
224
330
21A
100
AcDbEntity
  8
Defpoints
 62
     0
440
 16777216
100
AcDbPoint
 10
92347.16395886416
 20
-151917.2163230657
 30
0.0
  0
ENDBLK
  5
225
330
21A
100
AcDbEntity
  8
0
100
AcDbBlockEnd
  0
BLOCK
  5
228
330
227
100
AcDbEntity
  8
0
100
AcDbBlockBegin
  2
*D25
 70
     1
 10
0.0
 20
0.0
 30
0.0
  3
*D25
  1

  0
LINE
  5
229
330
227
100
AcDbEntity
  8
0
 62
    55
440
 16777216
370
    -2
100
AcDbLine
 10
93440.16395886416
 20
-152097.2163230659
 30
0.0
 11
93430.16395886465
 21
-152097.2163230659
 31
0.0
  0
LINE
  5
22A
330
227
100
AcDbEntity
  8
0
 62
    55
440
 16777216
370
    -2
100
AcDbLine
 10
93440.16395886416
 20
-151488.2163459541
 30
0.0
 11
93430.16395886465
 21
-151488.2163459541
 31
0.0
  0
LINE
  5
22B
330
227
100
AcDbEntity
  8
0
 62
    55
440
 16777216
370
    -2
100
AcDbLine
 10
93420.16395886465
 20
-152067.2163230659
 30
0.0
 11
93420.16395886465
 21
-151518.2163459541
 31
0.0
  0
SOLID
  5
22C
330
227
100
AcDbEntity
  8
0
 62
    55
440
 16777216
100
AcDbTrace
 10
93415.16395886465
 20
-152067.2163230659
 30
0.0
 11
93425.16395886465
 21
-152067.2163230659
 31
0.0
 12
93420.16395886465
 22
-152097.2163230659
 32
0.0
 13
93420.16395886465
 23
-152097.2163230659
 33
0.0
  0
SOLID
  5
22D
330
227
100
AcDbEntity
  8
0
 62
    55
440
 16777216
100
AcDbTrace
 10
93415.16395886465
 20
-151518.2163459541
 30
0.0
 11
93425.16395886465
 21
-151518.2163459541
 31
0.0
 12
93420.16395886465
 22
-151488.2163459541
 32
0.0
 13
93420.16395886465
 23
-151488.2163459541
 33
0.0
  0
MTEXT
  5
22E
330
227
100
AcDbEntity
  8
0
 62
     1
440
 16777216
100
AcDbMText
 10
93392.66395886459
 20
-151792.71633451
 30
0.0
 40
35.0
 41
0.0
 71
     5
 72
     1
  1
\A1;609
  7
010018$0$DIM
 11
6.123233995736766E-17
 21
1.0
 31
0.0
 73
     1
 44
1.0
  0
POINT
  5
22F
330
227
100
AcDbEntity
  8
Defpoints
 62
     0
440
 16777216
100
AcDbPoint
 10
93420.16395886416
 20
-152097.2163230659
 30
0.0
  0
POINT
  5
230
330
227
100
AcDbEntity
  8
Defpoints
 62
     0
440
 16777216
100
AcDbPoint
 10
93420.16395886416
 20
-151488.2163459541
 30
0.0
  0
POINT
  5
231
330
227
100
AcDbEntity
  8
Defpoints
 62
     0
440
 16777216
100
AcDbPoint
 10
93420.16395886465
 20
-151488.2163459541
 30
0.0
  0
ENDBLK
  5
232
330
227
100
AcDbEntity
  8
0
100
AcDbBlockEnd
  0
BLOCK
  5
235
330
234
100
AcDbEntity
  8
0
100
AcDbBlockBegin
  2
*D26
 70
     1
 10
0.0
 20
0.0
 30
0.0
  3
*D26
  1

  0
LINE
  5
236
330
234
100
AcDbEntity
  8
0
 62
    55
440
 16777216
370
    -2
100
AcDbLine
 10
94323.16395886416
 20
-151897.2163230657
 30
0.0
 11
94323.16395886416
 21
-151907.2163230657
 31
0.0
  0
LINE
  5
237
330
234
100
AcDbEntity
  8
0
 62
    55
440
 16777216
370
    -2
100
AcDbLine
 10
93360.16395886413
 20
-151897.2163230657
 30
0.0
 11
93360.16395886413
 21
-151907.2163230657
 31
0.0
  0
LINE
  5
238
330
234
100
AcDbEntity
  8
0
 62
    55
440
 16777216
370
    -2
100
AcDbLine
 10
94293.16395886416
 20
-151917.2163230657
 30
0.0
 11
93390.16395886413
 21
-151917.2163230657
 31
0.0
  0
SOLID
  5
239
330
234
100
AcDbEntity
  8
0
 62
    55
440
 16777216
100
AcDbTrace
 10
94293.16395886416
 20
-151912.2163230657
 30
0.0
 11
94293.16395886416
 21
-151922.2163230657
 31
0.0
 12
94323.16395886416
 22
-151917.2163230657
 32
0.0
 13
94323.16395886416
 23
-151917.2163230657
 33
0.0
  0
SOLID
  5
23A
330
234
100
AcDbEntity
  8
0
 62
    55
440
 16777216
100
AcDbTrace
 10
93390.16395886413
 20
-151912.2163230657
 30
0.0
 11
93390.16395886413
 21
-151922.2163230657
 31
0.0
 12
93360.16395886413
 22
-151917.2163230657
 32
0.0
 13
93360.16395886413
 23
-151917.2163230657
 33
0.0
  0
MTEXT
  5
23B
330
234
100
AcDbEntity
  8
0
 62
     1
440
 16777216
100
AcDbMText
 10
93841.66395886414
 20
-151889.7163230657
 30
0.0
 40
35.0
 41
0.0
 71
     5
 72
     1
  1
\A1;963
  7
010018$0$DIM
 73
     1
 44
1.0
  0
POINT
  5
23C
330
234
100
AcDbEntity
  8
Defpoints
 62
     0
440
 16777216
100
AcDbPoint
 10
94323.16395886416
 20
-151917.2163230657
 30
0.0
  0
POINT
  5
23D
330
234
100
AcDbEntity
  8
Defpoints
 62
     0
440
 16777216
100
AcDbPoint
 10
93360.16395886413
 20
-151917.2163230657
 30
0.0
  0
POINT
  5
23E
330
234
100
AcDbEntity
  8
Defpoints
 62
     0
440
 16777216
100
AcDbPoint
 10
93360.16395886413
 20
-151917.2163230657
 30
0.0
  0
ENDBLK
  5
23F
330
234
100
AcDbEntity
  8
0
100
AcDbBlockEnd
  0
BLOCK
  5
24B
330
24A
100
AcDbEntity
  8
0
100
AcDbBlockBegin
  2
*D27
 70
     1
 10
0.0
 20
0.0
 30
0.0
  3
*D27
  1

  0
LINE
  5
24C
330
24A
100
AcDbEntity
  8
0
 62
    55
440
 16777216
370
    -2
100
AcDbLine
 10
92597.16395910196
 20
-152142.2163446329
 30
0.0
 11
92597.1639597097
 21
-152257.2163446331
 31
0.0
  0
LINE
  5
24D
330
24A
100
AcDbEntity
  8
0
 62
    55
440
 16777216
370
    -2
100
AcDbLine
 10
92347.16395896985
 20
-152117.2163459541
 30
0.0
 11
92347.1639597097
 21
-152257.2163459543
 31
0.0
  0
LINE
  5
24E
330
24A
100
AcDbEntity
  8
0
 62
    55
440
 16777216
370
    -2
100
AcDbLine
 10
92567.16395965684
 20
-152247.2163447917
 30
0.0
 11
92377.16395965684
 21
-152247.2163457957
 31
0.0
  0
SOLID
  5
24F
330
24A
100
AcDbEntity
  8
0
 62
    55
440
 16777216
100
AcDbTrace
 10
92567.16395963043
 20
-152242.2163447917
 30
0.0
 11
92567.16395968327
 21
-152252.2163447917
 31
0.0
 12
92597.16395965684
 22
-152247.2163446331
 32
0.0
 13
92597.16395965684
 23
-152247.2163446331
 33
0.0
  0
SOLID
  5
250
330
24A
100
AcDbEntity
  8
0
 62
    55
440
 16777216
100
AcDbTrace
 10
92377.16395963043
 20
-152242.2163457957
 30
0.0
 11
92377.16395968327
 21
-152252.2163457957
 31
0.0
 12
92347.16395965684
 22
-152247.2163459543
 32
0.0
 13
92347.16395965684
 23
-152247.2163459543
 33
0.0
  0
MTEXT
  5
251
330
24A
100
AcDbEntity
  8
0
 62
     1
440
 16777216
100
AcDbMText
 10
92472.16395951153
 20
-152219.7163452937
 30
0.0
 40
35.0
 41
0.0
 71
     5
 72
     1
  1
\A1;250
  7
010018$0$DIM
 11
1.0
 21
5.284576332087454E-9
 31
0.0
 73
     1
 44
1.0
  0
POINT
  5
252
330
24A
100
AcDbEntity
  8
Defpoints
 62
     0
440
 16777216
100
AcDbPoint
 10
92597.16395899627
 20
-152122.2163446329
 30
0.0
  0
POINT
  5
253
330
24A
100
AcDbEntity
  8
Defpoints
 62
     0
440
 16777216
100
AcDbPoint
 10
92347.16395886416
 20
-152097.2163459541
 30
0.0
  0
POINT
  5
254
330
24A
100
AcDbEntity
  8
Defpoints
 62
     0
440
 16777216
100
AcDbPoint
 10
92347.16395965684
 20
-152247.2163459543
 30
0.0
  0
ENDBLK
  5
255
330
24A
100
AcDbEntity
  8
0
100
AcDbBlockEnd
  0
BLOCK
  5
258
330
257
100
AcDbEntity
  8
0
100
AcDbBlockBegin
  2
*D28
 70
     1
 10
0.0
 20
0.0
 30
0.0
  3
*D28
  1

  0
LINE
  5
259
330
257
100
AcDbEntity
  8
0
 62
    55
440
 16777216
370
    -2
100
AcDbLine
 10
93103.16395879806
 20
-152142.2163419589
 30
0.0
 11
93103.16395940579
 21
-152257.2163419589
 31
0.0
  0
LINE
  5
25A
330
257
100
AcDbEntity
  8
0
 62
    55
440
 16777216
370
    -2
100
AcDbLine
 10
92597.16395910196
 20
-152142.2163446329
 30
0.0
 11
92597.1639597097
 21
-152257.2163446329
 31
0.0
  0
LINE
  5
25B
330
257
100
AcDbEntity
  8
0
 62
    55
440
 16777216
370
    -2
100
AcDbLine
 10
93073.16395935294
 20
-152247.2163421175
 30
0.0
 11
92627.16395965684
 21
-152247.2163444744
 31
0.0
  0
SOLID
  5
25C
330
257
100
AcDbEntity
  8
0
 62
    55
440
 16777216
100
AcDbTrace
 10
93073.16395932653
 20
-152242.2163421175
 30
0.0
 11
93073.16395937937
 21
-152252.2163421175
 31
0.0
 12
93103.16395935294
 22
-152247.2163419589
 32
0.0
 13
93103.16395935294
 23
-152247.2163419589
 33
0.0
  0
SOLID
  5
25D
330
257
100
AcDbEntity
  8
0
 62
    55
440
 16777216
100
AcDbTrace
 10
92627.16395963043
 20
-152242.2163444744
 30
0.0
 11
92627.16395968327
 21
-152252.2163444744
 31
0.0
 12
92597.16395965684
 22
-152247.2163446329
 32
0.0
 13
92597.16395965684
 23
-152247.2163446329
 33
0.0
  0
MTEXT
  5
25E
330
257
100
AcDbEntity
  8
0
 62
     1
440
 16777216
100
AcDbMText
 10
92850.16395935958
 20
-152219.7163432959
 30
0.0
 40
35.0
 41
0.0
 71
     5
 72
     1
  1
\A1;506
  7
010018$0$DIM
 11
1.0
 21
5.284576332087454E-9
 31
0.0
 73
     1
 44
1.0
  0
POINT
  5
25F
330
257
100
AcDbEntity
  8
Defpoints
 62
     0
440
 16777216
100
AcDbPoint
 10
93103.16395869237
 20
-152122.2163419589
 30
0.0
  0
POINT
  5
260
330
257
100
AcDbEntity
  8
Defpoints
 62
     0
440
 16777216
100
AcDbPoint
 10
92597.16395899627
 20
-152122.2163446329
 30
0.0
  0
POINT
  5
261
330
257
100
AcDbEntity
  8
Defpoints
 62
     0
440
 16777216
100
AcDbPoint
 10
92597.16395965684
 20
-152247.2163446329
 30
0.0
  0
ENDBLK
  5
262
330
257
100
AcDbEntity
  8
0
100
AcDbBlockEnd
  0
BLOCK
  5
266
330
265
100
AcDbEntity
  8
0
100
AcDbBlockBegin
  2
*D29
 70
     1
 10
0.0
 20
0.0
 30
0.0
  3
*D29
  1

  0
LINE
  5
267
330
265
100
AcDbEntity
  8
0
 62
    55
440
 16777216
370
    -2
100
AcDbLine
 10
93609.16395849416
 20
-152142.2163392849
 30
0.0
 11
93609.16395910189
 21
-152257.2163392851
 31
0.0
  0
LINE
  5
268
330
265
100
AcDbEntity
  8
0
 62
    55
440
 16777216
370
    -2
100
AcDbLine
 10
93103.16395879806
 20
-152142.2163419589
 30
0.0
 11
93103.16395940579
 21
-152257.2163419591
 31
0.0
  0
LINE
  5
269
330
265
100
AcDbEntity
  8
0
 62
    55
440
 16777216
370
    -2
100
AcDbLine
 10
93579.16395904904
 20
-152247.2163394437
 30
0.0
 11
93133.16395935294
 21
-152247.2163418006
 31
0.0
  0
SOLID
  5
26A
330
265
100
AcDbEntity
  8
0
 62
    55
440
 16777216
100
AcDbTrace
 10
93579.16395902263
 20
-152242.2163394437
 30
0.0
 11
93579.16395907546
 21
-152252.2163394437
 31
0.0
 12
93609.16395904904
 22
-152247.2163392851
 32
0.0
 13
93609.16395904904
 23
-152247.2163392851
 33
0.0
  0
SOLID
  5
26B
330
265
100
AcDbEntity
  8
0
 62
    55
440
 16777216
100
AcDbTrace
 10
93133.16395932653
 20
-152242.2163418006
 30
0.0
 11
93133.16395937937
 21
-152252.2163418006
 31
0.0
 12
93103.16395935294
 22
-152247.2163419591
 32
0.0
 13
93103.16395935294
 23
-152247.2163419591
 33
0.0
  0
MTEXT
  5
26C
330
265
100
AcDbEntity
  8
0
 62
     1
440
 16777216
100
AcDbMText
 10
93356.16395905567
 20
-152219.7163406221
 30
0.0
 40
35.0
 41
0.0
 71
     5
 72
     1
  1
\A1;506
  7
010018$0$DIM
 11
1.0
 21
5.284576332087454E-9
 31
0.0
 73
     1
 44
1.0
  0
POINT
  5
26D
330
265
100
AcDbEntity
  8
Defpoints
 62
     0
440
 16777216
100
AcDbPoint
 10
93609.16395838847
 20
-152122.2163392849
 30
0.0
  0
POINT
  5
26E
330
265
100
AcDbEntity
  8
Defpoints
 62
     0
440
 16777216
100
AcDbPoint
 10
93103.16395869237
 20
-152122.2163419589
 30
0.0
  0
POINT
  5
26F
330
265
100
AcDbEntity
  8
Defpoints
 62
     0
440
 16777216
100
AcDbPoint
 10
93103.16395935294
 20
-152247.2163419591
 30
0.0
  0
ENDBLK
  5
270
330
265
100
AcDbEntity
  8
0
100
AcDbBlockEnd
  0
BLOCK
  5
274
330
273
100
AcDbEntity
  8
0
100
AcDbBlockBegin
  2
*D30
 70
     1
 10
0.0
 20
0.0
 30
0.0
  3
*D30
  1

  0
LINE
  5
275
330
273
100
AcDbEntity
  8
0
 62
    55
440
 16777216
370
    -2
100
AcDbLine
 10
93859.16395836204
 20
-152117.2163379638
 30
0.0
 11
93859.16395910189
 21
-152257.2163379638
 31
0.0
  0
LINE
  5
276
330
273
100
AcDbEntity
  8
0
 62
    55
440
 16777216
370
    -2
100
AcDbLine
 10
93609.16395849416
 20
-152142.2163392849
 30
0.0
 11
93609.16395910189
 21
-152257.2163392849
 31
0.0
  0
LINE
  5
277
330
273
100
AcDbEntity
  8
0
 62
    55
440
 16777216
370
    -2
100
AcDbLine
 10
93829.16395904904
 20
-152247.2163381223
 30
0.0
 11
93639.16395904904
 21
-152247.2163391263
 31
0.0
  0
SOLID
  5
278
330
273
100
AcDbEntity
  8
0
 62
    55
440
 16777216
100
AcDbTrace
 10
93829.16395902263
 20
-152242.2163381223
 30
0.0
 11
93829.16395907546
 21
-152252.2163381223
 31
0.0
 12
93859.16395904904
 22
-152247.2163379638
 32
0.0
 13
93859.16395904904
 23
-152247.2163379638
 33
0.0
  0
SOLID
  5
279
330
273
100
AcDbEntity
  8
0
 62
    55
440
 16777216
100
AcDbTrace
 10
93639.16395902263
 20
-152242.2163391263
 30
0.0
 11
93639.16395907546
 21
-152252.2163391263
 31
0.0
 12
93609.16395904904
 22
-152247.2163392849
 32
0.0
 13
93609.16395904904
 23
-152247.2163392849
 33
0.0
  0
MTEXT
  5
27A
330
273
100
AcDbEntity
  8
0
 62
     1
440
 16777216
100
AcDbMText
 10
93734.16395890372
 20
-152219.7163386243
 30
0.0
 40
35.0
 41
0.0
 71
     5
 72
     1
  1
\A1;250
  7
010018$0$DIM
 11
1.0
 21
5.284576332087454E-9
 31
0.0
 73
     1
 44
1.0
  0
POINT
  5
27B
330
273
100
AcDbEntity
  8
Defpoints
 62
     0
440
 16777216
100
AcDbPoint
 10
93859.16395825635
 20
-152097.2163379638
 30
0.0
  0
POINT
  5
27C
330
273
100
AcDbEntity
  8
Defpoints
 62
     0
440
 16777216
100
AcDbPoint
 10
93609.16395838847
 20
-152122.2163392849
 30
0.0
  0
POINT
  5
27D
330
273
100
AcDbEntity
  8
Defpoints
 62
     0
440
 16777216
100
AcDbPoint
 10
93609.16395904904
 20
-152247.2163392849
 30
0.0
  0
ENDBLK
  5
27E
330
273
100
AcDbEntity
  8
0
100
AcDbBlockEnd
  0
BLOCK
  5
284
330
283
100
AcDbEntity
  8
0
100
AcDbBlockBegin
  2
*D31
 70
     1
 10
0.0
 20
0.0
 30
0.0
  3
*D31
  1

  0
LINE
  5
285
330
283
100
AcDbEntity
  8
0
 62
    55
440
 16777216
370
    -2
100
AcDbLine
 10
93777.92001788413
 20
-151400.2163459541
 30
0.0
 11
93782.11427351231
 21
-151400.2163459541
 31
0.0
  0
LINE
  5
286
330
283
100
AcDbEntity
  8
0
 62
    55
440
 16777216
370
    -2
100
AcDbLine
 10
93810.38777620434
 20
-151372.2163459541
 30
0.0
 11
93802.11427351231
 21
-151372.2163459541
 31
0.0
  0
LINE
  5
287
330
283
100
AcDbEntity
  8
0
 62
    55
440
 16777216
370
    -2
100
AcDbLine
 10
93792.11427351231
 20
-151342.2163459541
 30
0.0
 11
93792.11427351231
 21
-151312.2163459541
 31
0.0
  0
LINE
  5
288
330
283
100
AcDbEntity
  8
0
 62
    55
440
 16777216
370
    -2
100
AcDbLine
 10
93792.11427351231
 20
-151430.2163459541
 30
0.0
 11
93792.11427351231
 21
-151533.97241032
 31
0.0
  0
LINE
  5
289
330
283
100
AcDbEntity
  8
0
 62
    55
440
 16777216
370
    -2
100
AcDbLine
 10
93792.11427351231
 20
-151533.97241032
 30
0.0
 11
93719.07579773938
 21
-151533.97241032
 31
0.0
  0
LINE
  5
28A
330
283
100
AcDbEntity
  8
0
 62
    55
440
 16777216
370
    -2
100
AcDbLine
 10
93792.11427351231
 20
-151372.2163459541
 30
0.0
 11
93792.11427351231
 21
-151400.2163459541
 31
0.0
  0
SOLID
  5
28B
330
283
100
AcDbEntity
  8
0
 62
    55
440
 16777216
100
AcDbTrace
 10
93787.11427351231
 20
-151342.2163459541
 30
0.0
 11
93797.11427351231
 21
-151342.2163459541
 31
0.0
 12
93792.11427351231
 22
-151372.2163459541
 32
0.0
 13
93792.11427351231
 23
-151372.2163459541
 33
0.0
  0
SOLID
  5
28C
330
283
100
AcDbEntity
  8
0
 62
    55
440
 16777216
100
AcDbTrace
 10
93787.11427351231
 20
-151430.2163459541
 30
0.0
 11
93797.11427351231
 21
-151430.2163459541
 31
0.0
 12
93792.11427351231
 22
-151400.2163459541
 32
0.0
 13
93792.11427351231
 23
-151400.2163459541
 33
0.0
  0
MTEXT
  5
28D
330
283
100
AcDbEntity
  8
0
 62
     1
440
 16777216
100
AcDbMText
 10
93750.59503562578
 20
-151506.47241032
 30
0.0
 40
35.0
 41
0.0
 71
     5
 72
     1
  1
\A1;28
  7
010018$0$DIM
 73
     1
 44
1.0
  0
POINT
  5
28E
330
283
100
AcDbEntity
  8
Defpoints
 62
     0
440
 16777216
100
AcDbPoint
 10
93797.92001788413
 20
-151400.2163459541
 30
0.0
  0
POINT
  5
28F
330
283
100
AcDbEntity
  8
Defpoints
 62
     0
440
 16777216
100
AcDbPoint
 10
93790.38777620434
 20
-151372.2163459541
 30
0.0
  0
POINT
  5
290
330
283
100
AcDbEntity
  8
Defpoints
 62
     0
440
 16777216
100
AcDbPoint
 10
93792.11427351231
 20
-151372.2163459541
 30
0.0
  0
ENDBLK
  5
291
330
283
100
AcDbEntity
  8
0
100
AcDbBlockEnd
  0
BLOCK
  5
2AB
330
2AA
100
AcDbEntity
  8
0
100
AcDbBlockBegin
  2
*D32
 70
     1
 10
0.0
 20
0.0
 30
0.0
  3
*D32
  1

  0
LINE
  5
2AC
330
2AA
100
AcDbEntity
  8
0
 62
    55
440
 16777216
370
    -2
100
AcDbLine
 10
91107.79104105041
 20
-151488.2163459541
 30
0.0
 11
91203.18319012325
 21
-151488.2163459541
 31
0.0
  0
LINE
  5
2AD
330
2AA
100
AcDbEntity
  8
0
 62
    55
440
 16777216
370
    -2
100
AcDbLine
 10
91135.79104105041
 20
-151445.2163459541
 30
0.0
 11
91203.18319012325
 21
-151445.2163459541
 31
0.0
  0
LINE
  5
2AE
330
2AA
100
AcDbEntity
  8
0
 62
    55
440
 16777216
370
    -2
100
AcDbLine
 10
91193.18319012325
 20
-151518.2163459541
 30
0.0
 11
91193.18319012325
 21
-151548.2163459541
 31
0.0
  0
LINE
  5
2AF
330
2AA
100
AcDbEntity
  8
0
 62
    55
440
 16777216
370
    -2
100
AcDbLine
 10
91193.18319012325
 20
-151415.2163459541
 30
0.0
 11
91193.18319012325
 21
-151385.2163459541
 31
0.0
  0
LINE
  5
2B0
330
2AA
100
AcDbEntity
  8
0
 62
    55
440
 16777216
370
    -2
100
AcDbLine
 10
91193.18319012325
 20
-151488.2163459541
 30
0.0
 11
91193.18319012325
 21
-151445.2163459541
 31
0.0
  0
SOLID
  5
2B1
330
2AA
100
AcDbEntity
  8
0
 62
    55
440
 16777216
100
AcDbTrace
 10
91188.18319012325
 20
-151518.2163459541
 30
0.0
 11
91198.18319012325
 21
-151518.2163459541
 31
0.0
 12
91193.18319012325
 22
-151488.2163459541
 32
0.0
 13
91193.18319012325
 23
-151488.2163459541
 33
0.0
  0
SOLID
  5
2B2
330
2AA
100
AcDbEntity
  8
0
 62
    55
440
 16777216
100
AcDbTrace
 10
91188.18319012325
 20
-151415.2163459541
 30
0.0
 11
91198.18319012325
 21
-151415.2163459541
 31
0.0
 12
91193.18319012325
 22
-151445.2163459541
 32
0.0
 13
91193.18319012325
 23
-151445.2163459541
 33
0.0
  0
MTEXT
  5
2B3
330
2AA
100
AcDbEntity
  8
0
 62
     1
440
 16777216
100
AcDbMText
 10
91165.68319012319
 20
-151466.7163459541
 30
0.0
 40
35.0
 41
0.0
 71
     5
 72
     1
  1
\A1;43
  7
010018$0$DIM
 11
6.123233995736766E-17
 21
1.0
 31
0.0
 73
     1
 44
1.0
  0
POINT
  5
2B4
330
2AA
100
AcDbEntity
  8
Defpoints
 62
     0
440
 16777216
100
AcDbPoint
 10
91087.79104105041
 20
-151488.2163459541
 30
0.0
  0
POINT
  5
2B5
330
2AA
100
AcDbEntity
  8
Defpoints
 62
     0
440
 16777216
100
AcDbPoint
 10
91115.79104105041
 20
-151445.2163459541
 30
0.0
  0
POINT
  5
2B6
330
2AA
100
AcDbEntity
  8
Defpoints
 62
     0
440
 16777216
100
AcDbPoint
 10
91193.18319012325
 20
-151445.2163459541
 30
0.0
  0
ENDBLK
  5
2B7
330
2AA
100
AcDbEntity
  8
0
100
AcDbBlockEnd
  0
BLOCK
  5
2BA
330
2B9
100
AcDbEntity
  8
0
100
AcDbBlockBegin
  2
*D33
 70
     1
 10
0.0
 20
0.0
 30
0.0
  3
*D33
  1

  0
LINE
  5
2BB
330
2B9
100
AcDbEntity
  8
0
 62
    55
440
 16777216
370
    -2
100
AcDbLine
 10
91087.79104105038
 20
-151467.216345954
 30
0.0
 11
91087.79104105038
 21
-151579.9438715672
 31
0.0
  0
LINE
  5
2BC
330
2B9
100
AcDbEntity
  8
0
 62
    55
440
 16777216
370
    -2
100
AcDbLine
 10
91034.79104105038
 20
-151506.216345954
 30
0.0
 11
91034.79104105038
 21
-151579.9438715672
 31
0.0
  0
LINE
  5
2BD
330
2B9
100
AcDbEntity
  8
0
 62
    55
440
 16777216
370
    -2
100
AcDbLine
 10
91004.79104105038
 20
-151569.9438715672
 30
0.0
 11
90974.79104105038
 21
-151569.9438715672
 31
0.0
  0
LINE
  5
2BE
330
2B9
100
AcDbEntity
  8
0
 62
    55
440
 16777216
370
    -2
100
AcDbLine
 10
91117.79104105038
 20
-151569.9438715672
 30
0.0
 11
91230.38293483593
 21
-151569.9438715672
 31
0.0
  0
LINE
  5
2BF
330
2B9
100
AcDbEntity
  8
0
 62
    55
440
 16777216
370
    -2
100
AcDbLine
 10
91034.79104105038
 20
-151569.9438715672
 30
0.0
 11
91087.79104105038
 21
-151569.9438715672
 31
0.0
  0
SOLID
  5
2C0
330
2B9
100
AcDbEntity
  8
0
 62
    55
440
 16777216
100
AcDbTrace
 10
91004.79104105038
 20
-151564.9438715672
 30
0.0
 11
91004.79104105038
 21
-151574.9438715672
 31
0.0
 12
91034.79104105038
 22
-151569.9438715672
 32
0.0
 13
91034.79104105038
 23
-151569.9438715672
 33
0.0
  0
SOLID
  5
2C1
330
2B9
100
AcDbEntity
  8
0
 62
    55
440
 16777216
100
AcDbTrace
 10
91117.79104105038
 20
-151564.9438715672
 30
0.0
 11
91117.79104105038
 21
-151574.9438715672
 31
0.0
 12
91087.79104105038
 22
-151569.9438715672
 32
0.0
 13
91087.79104105038
 23
-151569.9438715672
 33
0.0
  0
MTEXT
  5
2C2
330
2B9
100
AcDbEntity
  8
0
 62
     1
440
 16777216
100
AcDbMText
 10
91189.08698794316
 20
-151542.4438715672
 30
0.0
 40
35.0
 41
0.0
 71
     5
 72
     1
  1
\A1;53
  7
010018$0$DIM
 73
     1
 44
1.0
  0
POINT
  5
2C3
330
2B9
100
AcDbEntity
  8
Defpoints
 62
     0
440
 16777216
100
AcDbPoint
 10
91087.79104105038
 20
-151447.216345954
 30
0.0
  0
POINT
  5
2C4
330
2B9
100
AcDbEntity
  8
Defpoints
 62
     0
440
 16777216
100
AcDbPoint
 10
91034.79104105038
 20
-151486.216345954
 30
0.0
  0
POINT
  5
2C5
330
2B9
100
AcDbEntity
  8
Defpoints
 62
     0
440
 16777216
100
AcDbPoint
 10
91034.79104105038
 20
-151569.9438715672
 30
0.0
  0
ENDBLK
  5
2C6
330
2B9
100
AcDbEntity
  8
0
100
AcDbBlockEnd
  0
BLOCK
  5
2DF
330
2DE
100
AcDbEntity
  8
0
100
AcDbBlockBegin
  2
*D34
 70
     1
 10
0.0
 20
0.0
 30
0.0
  3
*D34
  1

  0
LINE
  5
2E0
330
2DE
100
AcDbEntity
  8
0
 62
    55
440
 16777216
370
    -2
100
AcDbLine
 10
95023.5529290925
 20
-151488.2163459541
 30
0.0
 11
94966.22992556238
 21
-151488.2163459541
 31
0.0
  0
LINE
  5
2E1
330
2DE
100
AcDbEntity
  8
0
 62
    55
440
 16777216
370
    -2
100
AcDbLine
 10
94995.5529290925
 20
-151445.2163459541
 30
0.0
 11
94966.22992556238
 21
-151445.2163459541
 31
0.0
  0
LINE
  5
2E2
330
2DE
100
AcDbEntity
  8
0
 62
    55
440
 16777216
370
    -2
100
AcDbLine
 10
94976.22992556238
 20
-151518.2163459541
 30
0.0
 11
94976.22992556238
 21
-151548.2163459541
 31
0.0
  0
LINE
  5
2E3
330
2DE
100
AcDbEntity
  8
0
 62
    55
440
 16777216
370
    -2
100
AcDbLine
 10
94976.22992556238
 20
-151415.2163459541
 30
0.0
 11
94976.22992556238
 21
-151385.2163459541
 31
0.0
  0
LINE
  5
2E4
330
2DE
100
AcDbEntity
  8
0
 62
    55
440
 16777216
370
    -2
100
AcDbLine
 10
94976.22992556238
 20
-151488.2163459541
 30
0.0
 11
94976.22992556238
 21
-151445.2163459541
 31
0.0
  0
SOLID
  5
2E5
330
2DE
100
AcDbEntity
  8
0
 62
    55
440
 16777216
100
AcDbTrace
 10
94971.22992556238
 20
-151518.2163459541
 30
0.0
 11
94981.22992556238
 21
-151518.2163459541
 31
0.0
 12
94976.22992556238
 22
-151488.2163459541
 32
0.0
 13
94976.22992556238
 23
-151488.2163459541
 33
0.0
  0
SOLID
  5
2E6
330
2DE
100
AcDbEntity
  8
0
 62
    55
440
 16777216
100
AcDbTrace
 10
94971.22992556238
 20
-151415.2163459541
 30
0.0
 11
94981.22992556238
 21
-151415.2163459541
 31
0.0
 12
94976.22992556238
 22
-151445.2163459541
 32
0.0
 13
94976.22992556238
 23
-151445.2163459541
 33
0.0
  0
MTEXT
  5
2E7
330
2DE
100
AcDbEntity
  8
0
 62
     1
440
 16777216
100
AcDbMText
 10
94948.72992556232
 20
-151466.7163459541
 30
0.0
 40
35.0
 41
0.0
 71
     5
 72
     1
  1
\A1;43
  7
010018$0$DIM
 11
6.123233995736766E-17
 21
1.0
 31
0.0
 73
     1
 44
1.0
  0
POINT
  5
2E8
330
2DE
100
AcDbEntity
  8
Defpoints
 62
     0
440
 16777216
100
AcDbPoint
 10
95043.5529290925
 20
-151488.2163459541
 30
0.0
  0
POINT
  5
2E9
330
2DE
100
AcDbEntity
  8
Defpoints
 62
     0
440
 16777216
100
AcDbPoint
 10
95015.5529290925
 20
-151445.2163459541
 30
0.0
  0
POINT
  5
2EA
330
2DE
100
AcDbEntity
  8
Defpoints
 62
     0
440
 16777216
100
AcDbPoint
 10
94976.22992556238
 20
-151445.2163459541
 30
0.0
  0
ENDBLK
  5
2EB
330
2DE
100
AcDbEntity
  8
0
100
AcDbBlockEnd
  0
BLOCK
  5
2EE
330
2ED
100
AcDbEntity
  8
0
100
AcDbBlockBegin
  2
*D35
 70
     1
 10
0.0
 20
0.0
 30
0.0
  3
*D35
  1

  0
LINE
  5
2EF
330
2ED
100
AcDbEntity
  8
0
 62
    55
440
 16777216
370
    -2
100
AcDbLine
 10
95043.55292909248
 20
-151467.216345954
 30
0.0
 11
95043.55292909248
 21
-151579.9438715672
 31
0.0
  0
LINE
  5
2F0
330
2ED
100
AcDbEntity
  8
0
 62
    55
440
 16777216
370
    -2
100
AcDbLine
 10
95096.55292909248
 20
-151506.216345954
 30
0.0
 11
95096.55292909248
 21
-151579.9438715672
 31
0.0
  0
LINE
  5
2F1
330
2ED
100
AcDbEntity
  8
0
 62
    55
440
 16777216
370
    -2
100
AcDbLine
 10
95126.55292909248
 20
-151569.9438715672
 30
0.0
 11
95156.55292909248
 21
-151569.9438715672
 31
0.0
  0
LINE
  5
2F2
330
2ED
100
AcDbEntity
  8
0
 62
    55
440
 16777216
370
    -2
100
AcDbLine
 10
95013.55292909248
 20
-151569.9438715672
 30
0.0
 11
94900.96103530691
 21
-151569.9438715672
 31
0.0
  0
LINE
  5
2F3
330
2ED
100
AcDbEntity
  8
0
 62
    55
440
 16777216
370
    -2
100
AcDbLine
 10
95096.55292909248
 20
-151569.9438715672
 30
0.0
 11
95043.55292909248
 21
-151569.9438715672
 31
0.0
  0
SOLID
  5
2F4
330
2ED
100
AcDbEntity
  8
0
 62
    55
440
 16777216
100
AcDbTrace
 10
95126.55292909248
 20
-151564.9438715672
 30
0.0
 11
95126.55292909248
 21
-151574.9438715672
 31
0.0
 12
95096.55292909248
 22
-151569.9438715672
 32
0.0
 13
95096.55292909248
 23
-151569.9438715672
 33
0.0
  0
SOLID
  5
2F5
330
2ED
100
AcDbEntity
  8
0
 62
    55
440
 16777216
100
AcDbTrace
 10
95013.55292909248
 20
-151564.9438715672
 30
0.0
 11
95013.55292909248
 21
-151574.9438715672
 31
0.0
 12
95043.55292909248
 22
-151569.9438715672
 32
0.0
 13
95043.55292909248
 23
-151569.9438715672
 33
0.0
  0
MTEXT
  5
2F6
330
2ED
100
AcDbEntity
  8
0
 62
     1
440
 16777216
100
AcDbMText
 10
94942.25698219969
 20
-151542.4438715672
 30
0.0
 40
35.0
 41
0.0
 71
     5
 72
     1
  1
\A1;53
  7
010018$0$DIM
 73
     1
 44
1.0
  0
POINT
  5
2F7
330
2ED
100
AcDbEntity
  8
Defpoints
 62
     0
440
 16777216
100
AcDbPoint
 10
95043.55292909248
 20
-151447.216345954
 30
0.0
  0
POINT
  5
2F8
330
2ED
100
AcDbEntity
  8
Defpoints
 62
     0
440
 16777216
100
AcDbPoint
 10
95096.55292909248
 20
-151486.216345954
 30
0.0
  0
POINT
  5
2F9
330
2ED
100
AcDbEntity
  8
Defpoints
 62
     0
440
 16777216
100
AcDbPoint
 10
95096.55292909248
 20
-151569.9438715672
 30
0.0
  0
ENDBLK
  5
2FA
330
2ED
100
AcDbEntity
  8
0
100
AcDbBlockEnd
  0
BLOCK
  5
306
330
305
100
AcDbEntity
  8
0
100
AcDbBlockBegin
  2
*D36
 70
     1
 10
0.0
 20
0.0
 30
0.0
  3
*D36
  1

  0
LINE
  5
307
330
305
100
AcDbEntity
  8
0
 62
    55
440
 16777216
370
    -2
100
AcDbLine
 10
92367.16421336356
 20
-151114.1557678351
 30
0.0
 11
92428.44143459194
 21
-151114.1557678351
 31
0.0
  0
LINE
  5
308
330
305
100
AcDbEntity
  8
0
 62
    55
440
 16777216
370
    -2
100
AcDbLine
 10
92365.16421336356
 20
-151059.1557678351
 30
0.0
 11
92428.44143459194
 21
-151059.1557678351
 31
0.0
  0
LINE
  5
309
330
305
100
AcDbEntity
  8
0
 62
    55
440
 16777216
370
    -2
100
AcDbLine
 10
92418.44143459194
 20
-151144.1557678351
 30
0.0
 11
92418.44143459194
 21
-151174.1557678351
 31
0.0
  0
LINE
  5
30A
330
305
100
AcDbEntity
  8
0
 62
    55
440
 16777216
370
    -2
100
AcDbLine
 10
92418.44143459194
 20
-151029.1557678351
 30
0.0
 11
92418.44143459194
 21
-150999.1557678351
 31
0.0
  0
LINE
  5
30B
330
305
100
AcDbEntity
  8
0
 62
    55
440
 16777216
370
    -2
100
AcDbLine
 10
92418.44143459194
 20
-151114.1557678351
 30
0.0
 11
92418.44143459194
 21
-151059.1557678351
 31
0.0
  0
SOLID
  5
30C
330
305
100
AcDbEntity
  8
0
 62
    55
440
 16777216
100
AcDbTrace
 10
92413.44143459194
 20
-151144.1557678351
 30
0.0
 11
92423.44143459194
 21
-151144.1557678351
 31
0.0
 12
92418.44143459194
 22
-151114.1557678351
 32
0.0
 13
92418.44143459194
 23
-151114.1557678351
 33
0.0
  0
SOLID
  5
30D
330
305
100
AcDbEntity
  8
0
 62
    55
440
 16777216
100
AcDbTrace
 10
92413.44143459194
 20
-151029.1557678351
 30
0.0
 11
92423.44143459194
 21
-151029.1557678351
 31
0.0
 12
92418.44143459194
 22
-151059.1557678351
 32
0.0
 13
92418.44143459194
 23
-151059.1557678351
 33
0.0
  0
MTEXT
  5
30E
330
305
100
AcDbEntity
  8
0
 62
     1
440
 16777216
100
AcDbMText
 10
92390.94143459188
 20
-151086.6557678351
 30
0.0
 40
35.0
 41
0.0
 71
     5
 72
     1
  1
\A1;55
  7
010018$0$DIM
 11
6.123233995736766E-17
 21
1.0
 31
0.0
 73
     1
 44
1.0
  0
POINT
  5
30F
330
305
100
AcDbEntity
  8
Defpoints
 62
     0
440
 16777216
100
AcDbPoint
 10
92347.16421336356
 20
-151114.1557678351
 30
0.0
  0
POINT
  5
310
330
305
100
AcDbEntity
  8
Defpoints
 62
     0
440
 16777216
100
AcDbPoint
 10
92345.16421336356
 20
-151059.1557678351
 30
0.0
  0
POINT
  5
311
330
305
100
AcDbEntity
  8
Defpoints
 62
     0
440
 16777216
100
AcDbPoint
 10
92418.44143459194
 20
-151059.1557678351
 30
0.0
  0
ENDBLK
  5
312
330
305
100
AcDbEntity
  8
0
100
AcDbBlockEnd
  0
BLOCK
  5
31B
330
31A
100
AcDbEntity
  8
0
100
AcDbBlockBegin
  2
*D37
 70
     1
 10
0.0
 20
0.0
 30
0.0
  3
*D37
  1

  0
LINE
  5
31C
330
31A
100
AcDbEntity
  8
0
 62
    55
440
 16777216
370
    -2
100
AcDbLine
 10
92287.16421336356
 20
-151112.1557678351
 30
0.0
 11
92258.71782294933
 21
-151112.1557678351
 31
0.0
  0
LINE
  5
31D
330
31A
100
AcDbEntity
  8
0
 62
    55
440
 16777216
370
    -2
100
AcDbLine
 10
92287.16421336356
 20
-151142.1557678351
 30
0.0
 11
92258.71782294933
 21
-151142.1557678351
 31
0.0
  0
LINE
  5
31E
330
31A
100
AcDbEntity
  8
0
 62
    55
440
 16777216
370
    -2
100
AcDbLine
 10
92268.71782294933
 20
-151082.1557678351
 30
0.0
 11
92268.71782294933
 21
-151052.1557678351
 31
0.0
  0
LINE
  5
31F
330
31A
100
AcDbEntity
  8
0
 62
    55
440
 16777216
370
    -2
100
AcDbLine
 10
92268.71782294933
 20
-151172.1557678351
 30
0.0
 11
92268.71782294933
 21
-151202.1557678351
 31
0.0
  0
LINE
  5
320
330
31A
100
AcDbEntity
  8
0
 62
    55
440
 16777216
370
    -2
100
AcDbLine
 10
92157.91225711332
 20
-151052.1557678351
 30
0.0
 11
92268.71782294933
 21
-151052.1557678351
 31
0.0
  0
MTEXT
  5
321
330
31A
100
AcDbEntity
  8
0
 62
     1
440
 16777216
100
AcDbMText
 10
92198.31504003127
 20
-151024.6557678351
 30
0.0
 40
35.0
 41
0.0
 71
     5
 72
     1
  1
\A1;30
  7
010018$0$DIM
 73
     1
 44
1.0
  0
LINE
  5
322
330
31A
100
AcDbEntity
  8
0
 62
    55
440
 16777216
370
    -2
100
AcDbLine
 10
92268.71782294933
 20
-151112.1557678351
 30
0.0
 11
92268.71782294933
 21
-151142.1557678351
 31
0.0
  0
SOLID
  5
323
330
31A
100
AcDbEntity
  8
0
 62
    55
440
 16777216
100
AcDbTrace
 10
92263.71782294933
 20
-151082.1557678351
 30
0.0
 11
92273.71782294933
 21
-151082.1557678351
 31
0.0
 12
92268.71782294933
 22
-151112.1557678351
 32
0.0
 13
92268.71782294933
 23
-151112.1557678351
 33
0.0
  0
SOLID
  5
324
330
31A
100
AcDbEntity
  8
0
 62
    55
440
 16777216
100
AcDbTrace
 10
92263.71782294933
 20
-151172.1557678351
 30
0.0
 11
92273.71782294933
 21
-151172.1557678351
 31
0.0
 12
92268.71782294933
 22
-151142.1557678351
 32
0.0
 13
92268.71782294933
 23
-151142.1557678351
 33
0.0
  0
POINT
  5
325
330
31A
100
AcDbEntity
  8
Defpoints
 62
     0
440
 16777216
100
AcDbPoint
 10
92307.16421336356
 20
-151112.1557678351
 30
0.0
  0
POINT
  5
326
330
31A
100
AcDbEntity
  8
Defpoints
 62
     0
440
 16777216
100
AcDbPoint
 10
92307.16421336356
 20
-151142.1557678351
 30
0.0
  0
POINT
  5
327
330
31A
100
AcDbEntity
  8
Defpoints
 62
     0
440
 16777216
100
AcDbPoint
 10
92268.71782294933
 20
-151142.1557678351
 30
0.0
  0
ENDBLK
  5
328
330
31A
100
AcDbEntity
  8
0
100
AcDbBlockEnd
  0
BLOCK
  5
32B
330
32A
100
AcDbEntity
  8
0
100
AcDbBlockBegin
  2
*D38
 70
     1
 10
0.0
 20
0.0
 30
0.0
  3
*D38
  1

  0
LINE
  5
32C
330
32A
100
AcDbEntity
  8
0
 62
    55
440
 16777216
370
    -2
100
AcDbLine
 10
92347.16421336353
 20
-151134.155767835
 30
0.0
 11
92347.16421336353
 21
-151196.7595107922
 31
0.0
  0
LINE
  5
32D
330
32A
100
AcDbEntity
  8
0
 62
    55
440
 16777216
370
    -2
100
AcDbLine
 10
92307.16421336353
 20
-151162.155767835
 30
0.0
 11
92307.16421336353
 21
-151196.7595107922
 31
0.0
  0
LINE
  5
32E
330
32A
100
AcDbEntity
  8
0
 62
    55
440
 16777216
370
    -2
100
AcDbLine
 10
92377.16421336353
 20
-151186.7595107922
 30
0.0
 11
92407.16421336353
 21
-151186.7595107922
 31
0.0
  0
LINE
  5
32F
330
32A
100
AcDbEntity
  8
0
 62
    55
440
 16777216
370
    -2
100
AcDbLine
 10
92277.16421336353
 20
-151186.7595107922
 30
0.0
 11
92247.16421336353
 21
-151186.7595107922
 31
0.0
  0
LINE
  5
330
330
32A
100
AcDbEntity
  8
0
 62
    55
440
 16777216
370
    -2
100
AcDbLine
 10
92503.35508465387
 20
-151186.7595107922
 30
0.0
 11
92347.16421336353
 21
-151186.7595107922
 31
0.0
  0
MTEXT
  5
331
330
32A
100
AcDbEntity
  8
0
 62
     1
440
 16777216
100
AcDbMText
 10
92463.62217471695
 20
-151159.2595107922
 30
0.0
 40
35.0
 41
0.0
 71
     5
 72
     1
  1
\A1;40
  7
010018$0$DIM
 73
     1
 44
1.0
  0
LINE
  5
332
330
32A
100
AcDbEntity
  8
0
 62
    55
440
 16777216
370
    -2
100
AcDbLine
 10
92347.16421336353
 20
-151186.7595107922
 30
0.0
 11
92307.16421336353
 21
-151186.7595107922
 31
0.0
  0
LINE
  5
333
330
32A
100
AcDbEntity
  8
0
 62
    55
440
 16777216
370
    -2
100
AcDbLine
 10
92347.16421336353
 20
-151186.7595107922
 30
0.0
 11
92307.16421336353
 21
-151186.7595107922
 31
0.0
  0
SOLID
  5
334
330
32A
100
AcDbEntity
  8
0
 62
    55
440
 16777216
100
AcDbTrace
 10
92377.16421336353
 20
-151181.7595107922
 30
0.0
 11
92377.16421336353
 21
-151191.7595107922
 31
0.0
 12
92347.16421336353
 22
-151186.7595107922
 32
0.0
 13
92347.16421336353
 23
-151186.7595107922
 33
0.0
  0
SOLID
  5
335
330
32A
100
AcDbEntity
  8
0
 62
    55
440
 16777216
100
AcDbTrace
 10
92277.16421336353
 20
-151181.7595107922
 30
0.0
 11
92277.16421336353
 21
-151191.7595107922
 31
0.0
 12
92307.16421336353
 22
-151186.7595107922
 32
0.0
 13
92307.16421336353
 23
-151186.7595107922
 33
0.0
  0
POINT
  5
336
330
32A
100
AcDbEntity
  8
Defpoints
 62
     0
440
 16777216
100
AcDbPoint
 10
92347.16421336353
 20
-151114.155767835
 30
0.0
  0
POINT
  5
337
330
32A
100
AcDbEntity
  8
Defpoints
 62
     0
440
 16777216
100
AcDbPoint
 10
92307.16421336353
 20
-151142.155767835
 30
0.0
  0
POINT
  5
338
330
32A
100
AcDbEntity
  8
Defpoints
 62
     0
440
 16777216
100
AcDbPoint
 10
92307.16421336353
 20
-151186.7595107922
 30
0.0
  0
ENDBLK
  5
339
330
32A
100
AcDbEntity
  8
0
100
AcDbBlockEnd
  0
BLOCK
  5
33C
330
33B
100
AcDbEntity
  8
0
100
AcDbBlockBegin
  2
*D39
 70
     1
 10
0.0
 20
0.0
 30
0.0
  3
*D39
  1

  0
LINE
  5
33D
330
33B
100
AcDbEntity
  8
0
 62
    55
440
 16777216
370
    -2
100
AcDbLine
 10
93901.1639588641
 20
-152453.460045942
 30
0.0
 11
93901.1639588641
 21
-152464.960045942
 31
0.0
  0
LINE
  5
33E
330
33B
100
AcDbEntity
  8
0
 62
    55
440
 16777216
370
    -2
100
AcDbLine
 10
93863.16395886416
 20
-152453.460045942
 30
0.0
 11
93863.16395886416
 21
-152464.960045942
 31
0.0
  0
LINE
  5
33F
330
33B
100
AcDbEntity
  8
0
 62
    55
440
 16777216
370
    -2
100
AcDbLine
 10
93833.16395886416
 20
-152454.960045942
 30
0.0
 11
93803.16395886416
 21
-152454.960045942
 31
0.0
  0
LINE
  5
340
330
33B
100
AcDbEntity
  8
0
 62
    55
440
 16777216
370
    -2
100
AcDbLine
 10
93931.1639588641
 20
-152454.960045942
 30
0.0
 11
94042.4161066875
 21
-152454.960045942
 31
0.0
  0
LINE
  5
341
330
33B
100
AcDbEntity
  8
0
 62
    55
440
 16777216
370
    -2
100
AcDbLine
 10
93863.16395886416
 20
-152454.960045942
 30
0.0
 11
93901.1639588641
 21
-152454.960045942
 31
0.0
  0
SOLID
  5
342
330
33B
100
AcDbEntity
  8
0
 62
    55
440
 16777216
100
AcDbTrace
 10
93833.16395886416
 20
-152449.960045942
 30
0.0
 11
93833.16395886416
 21
-152459.960045942
 31
0.0
 12
93863.16395886416
 22
-152454.960045942
 32
0.0
 13
93863.16395886416
 23
-152454.960045942
 33
0.0
  0
SOLID
  5
343
330
33B
100
AcDbEntity
  8
0
 62
    55
440
 16777216
100
AcDbTrace
 10
93931.1639588641
 20
-152449.960045942
 30
0.0
 11
93931.1639588641
 21
-152459.960045942
 31
0.0
 12
93901.1639588641
 22
-152454.960045942
 32
0.0
 13
93901.1639588641
 23
-152454.960045942
 33
0.0
  0
MTEXT
  5
344
330
33B
100
AcDbEntity
  8
0
 62
     1
440
 16777216
100
AcDbMText
 10
94001.7900327758
 20
-152427.460045942
 30
0.0
 40
35.0
 41
0.0
 71
     5
 72
     1
  1
\A1;38
  7
010018$0$DIM
 73
     1
 44
1.0
  0
POINT
  5
345
330
33B
100
AcDbEntity
  8
Defpoints
 62
     0
440
 16777216
100
AcDbPoint
 10
93901.1639588641
 20
-152433.460045942
 30
0.0
  0
POINT
  5
346
330
33B
100
AcDbEntity
  8
Defpoints
 62
     0
440
 16777216
100
AcDbPoint
 10
93863.16395886416
 20
-152433.460045942
 30
0.0
  0
POINT
  5
347
330
33B
100
AcDbEntity
  8
Defpoints
 62
     0
440
 16777216
100
AcDbPoint
 10
93863.16395886416
 20
-152454.960045942
 30
0.0
  0
ENDBLK
  5
348
330
33B
100
AcDbEntity
  8
0
100
AcDbBlockEnd
  0
BLOCK
  5
373
330
372
100
AcDbEntity
  8
0
100
AcDbBlockBegin
  2
*D40
 70
     1
 10
0.0
 20
0.0
 30
0.0
  3
*D40
  1

  0
LINE
  5
374
330
372
100
AcDbEntity
  8
0
 62
    55
440
 16777216
370
    -2
100
AcDbLine
 10
95116.5529290925
 20
-151486.2163459541
 30
0.0
 11
95243.9169981598
 21
-151486.2163459541
 31
0.0
  0
LINE
  5
375
330
372
100
AcDbEntity
  8
0
 62
    55
440
 16777216
370
    -2
100
AcDbLine
 10
95116.5529290925
 20
-152099.2163459541
 30
0.0
 11
95243.9169981598
 21
-152099.2163459541
 31
0.0
  0
LINE
  5
376
330
372
100
AcDbEntity
  8
0
 62
    55
440
 16777216
370
    -2
100
AcDbLine
 10
95233.9169981598
 20
-151516.2163459541
 30
0.0
 11
95233.9169981598
 21
-152069.2163459541
 31
0.0
  0
SOLID
  5
377
330
372
100
AcDbEntity
  8
0
 62
    55
440
 16777216
100
AcDbTrace
 10
95228.9169981598
 20
-151516.2163459541
 30
0.0
 11
95238.9169981598
 21
-151516.2163459541
 31
0.0
 12
95233.9169981598
 22
-151486.2163459541
 32
0.0
 13
95233.9169981598
 23
-151486.2163459541
 33
0.0
  0
SOLID
  5
378
330
372
100
AcDbEntity
  8
0
 62
    55
440
 16777216
100
AcDbTrace
 10
95228.9169981598
 20
-152069.2163459541
 30
0.0
 11
95238.9169981598
 21
-152069.2163459541
 31
0.0
 12
95233.9169981598
 22
-152099.2163459541
 32
0.0
 13
95233.9169981598
 23
-152099.2163459541
 33
0.0
  0
MTEXT
  5
379
330
372
100
AcDbEntity
  8
0
 62
     1
440
 16777216
100
AcDbMText
 10
95206.41699815974
 20
-151792.7163459541
 30
0.0
 40
35.0
 41
0.0
 71
     5
 72
     1
  1
\A1;613
  7
010018$0$DIM
 11
6.123233995736766E-17
 21
1.0
 31
0.0
 73
     1
 44
1.0
  0
POINT
  5
37A
330
372
100
AcDbEntity
  8
Defpoints
 62
     0
440
 16777216
100
AcDbPoint
 10
95096.5529290925
 20
-151486.2163459541
 30
0.0
  0
POINT
  5
37B
330
372
100
AcDbEntity
  8
Defpoints
 62
     0
440
 16777216
100
AcDbPoint
 10
95096.5529290925
 20
-152099.2163459541
 30
0.0
  0
POINT
  5
37C
330
372
100
AcDbEntity
  8
Defpoints
 62
     0
440
 16777216
100
AcDbPoint
 10
95233.9169981598
 20
-152099.2163459541
 30
0.0
  0
ENDBLK
  5
37D
330
372
100
AcDbEntity
  8
0
100
AcDbBlockEnd
  0
BLOCK
  5
385
330
384
100
AcDbEntity
  8
0
100
AcDbBlockBegin
  2
*D41
 70
     1
 10
0.0
 20
0.0
 30
0.0
  3
*D41
  1

  0
LINE
  5
386
330
384
100
AcDbEntity
  8
0
 62
    55
440
 16777216
370
    -2
100
AcDbLine
 10
94070.17193153263
 20
-152144.2163305264
 30
0.0
 11
94080.17193153249
 21
-152144.2163305264
 31
0.0
  0
LINE
  5
387
330
384
100
AcDbEntity
  8
0
 62
    55
440
 16777216
370
    -2
100
AcDbLine
 10
94070.17193153263
 20
-152160.2163337792
 30
0.0
 11
94080.17193153249
 21
-152160.2163337792
 31
0.0
  0
LINE
  5
388
330
384
100
AcDbEntity
  8
0
 62
    55
440
 16777216
370
    -2
100
AcDbLine
 10
94090.17193153249
 20
-152190.2163337792
 30
0.0
 11
94090.17193153249
 21
-152220.2163337792
 31
0.0
  0
LINE
  5
389
330
384
100
AcDbEntity
  8
0
 62
    55
440
 16777216
370
    -2
100
AcDbLine
 10
94090.17193153249
 20
-152114.2163305264
 30
0.0
 11
94090.17193153249
 21
-152077.8948655272
 31
0.0
  0
LINE
  5
38A
330
384
100
AcDbEntity
  8
0
 62
    55
440
 16777216
370
    -2
100
AcDbLine
 10
94090.17193153249
 20
-152077.8948655272
 30
0.0
 11
94147.28518018655
 21
-152077.8948655272
 31
0.0
  0
LINE
  5
38B
330
384
100
AcDbEntity
  8
0
 62
    55
440
 16777216
370
    -2
100
AcDbLine
 10
94090.17193153249
 20
-152160.2163337792
 30
0.0
 11
94090.17193153249
 21
-152144.2163305264
 31
0.0
  0
SOLID
  5
38C
330
384
100
AcDbEntity
  8
0
 62
    55
440
 16777216
100
AcDbTrace
 10
94085.17193153249
 20
-152190.2163337792
 30
0.0
 11
94095.17193153249
 21
-152190.2163337792
 31
0.0
 12
94090.17193153249
 22
-152160.2163337792
 32
0.0
 13
94090.17193153249
 23
-152160.2163337792
 33
0.0
  0
SOLID
  5
38D
330
384
100
AcDbEntity
  8
0
 62
    55
440
 16777216
100
AcDbTrace
 10
94085.17193153249
 20
-152114.2163305264
 30
0.0
 11
94095.17193153249
 21
-152114.2163305264
 31
0.0
 12
94090.17193153249
 22
-152144.2163305264
 32
0.0
 13
94090.17193153249
 23
-152144.2163305264
 33
0.0
  0
MTEXT
  5
38E
330
384
100
AcDbEntity
  8
0
 62
     1
440
 16777216
100
AcDbMText
 10
94123.72855585946
 20
-152050.3948655272
 30
0.0
 40
35.0
 41
0.0
 71
     5
 72
     1
  1
\A1;16
  7
010018$0$DIM
 73
     1
 44
1.0
  0
POINT
  5
38F
330
384
100
AcDbEntity
  8
Defpoints
 62
     0
440
 16777216
100
AcDbPoint
 10
94090.17193153263
 20
-152144.2163305264
 30
0.0
  0
POINT
  5
390
330
384
100
AcDbEntity
  8
Defpoints
 62
     0
440
 16777216
100
AcDbPoint
 10
94090.17193153263
 20
-152160.2163337792
 30
0.0
  0
POINT
  5
391
330
384
100
AcDbEntity
  8
Defpoints
 62
     0
440
 16777216
100
AcDbPoint
 10
94090.17193153249
 20
-152160.2163337792
 30
0.0
  0
ENDBLK
  5
392
330
384
100
AcDbEntity
  8
0
100
AcDbBlockEnd
  0
BLOCK
  5
398
330
397
100
AcDbEntity
  8
0
100
AcDbBlockBegin
  2
*D42
 70
     1
 10
0.0
 20
0.0
 30
0.0
  3
*D42
  1

  0
LINE
  5
399
330
397
100
AcDbEntity
  8
0
 62
    55
440
 16777216
370
    -2
100
AcDbLine
 10
94159.10305586779
 20
-152097.2163459542
 30
0.0
 11
94169.10305586766
 21
-152097.2163459542
 31
0.0
  0
LINE
  5
39A
330
397
100
AcDbEntity
  8
0
 62
    55
440
 16777216
370
    -2
100
AcDbLine
 10
94159.10305630627
 20
-152144.2163256968
 30
0.0
 11
94169.10305586766
 21
-152144.2163256968
 31
0.0
  0
LINE
  5
39B
330
397
100
AcDbEntity
  8
0
 62
    55
440
 16777216
370
    -2
100
AcDbLine
 10
94179.10305586766
 20
-152174.2163256968
 30
0.0
 11
94179.10305586766
 21
-152204.2163256968
 31
0.0
  0
LINE
  5
39C
330
397
100
AcDbEntity
  8
0
 62
    55
440
 16777216
370
    -2
100
AcDbLine
 10
94179.10305586766
 20
-152067.2163459542
 30
0.0
 11
94179.10305586766
 21
-152037.2163459542
 31
0.0
  0
LINE
  5
39D
330
397
100
AcDbEntity
  8
0
 62
    55
440
 16777216
370
    -2
100
AcDbLine
 10
94179.10305586766
 20
-152037.2163459542
 30
0.0
 11
94252.02187035771
 21
-152037.2163459542
 31
0.0
  0
LINE
  5
39E
330
397
100
AcDbEntity
  8
0
 62
    55
440
 16777216
370
    -2
100
AcDbLine
 10
94179.10305586766
 20
-152144.2163256968
 30
0.0
 11
94179.10305586766
 21
-152097.2163459542
 31
0.0
  0
SOLID
  5
39F
330
397
100
AcDbEntity
  8
0
 62
    55
440
 16777216
100
AcDbTrace
 10
94174.10305586766
 20
-152174.2163256968
 30
0.0
 11
94184.10305586766
 21
-152174.2163256968
 31
0.0
 12
94179.10305586766
 22
-152144.2163256968
 32
0.0
 13
94179.10305586766
 23
-152144.2163256968
 33
0.0
  0
SOLID
  5
3A0
330
397
100
AcDbEntity
  8
0
 62
    55
440
 16777216
100
AcDbTrace
 10
94174.10305586766
 20
-152067.2163459542
 30
0.0
 11
94184.10305586766
 21
-152067.2163459542
 31
0.0
 12
94179.10305586766
 22
-152097.2163459542
 32
0.0
 13
94179.10305586766
 23
-152097.2163459542
 33
0.0
  0
MTEXT
  5
3A1
330
397
100
AcDbEntity
  8
0
 62
     1
440
 16777216
100
AcDbMText
 10
94220.56246311263
 20
-152009.7163459542
 30
0.0
 40
35.0
 41
0.0
 71
     5
 72
     1
  1
\A1;47
  7
010018$0$DIM
 73
     1
 44
1.0
  0
POINT
  5
3A2
330
397
100
AcDbEntity
  8
Defpoints
 62
     0
440
 16777216
100
AcDbPoint
 10
94179.10305586779
 20
-152097.2163459542
 30
0.0
  0
POINT
  5
3A3
330
397
100
AcDbEntity
  8
Defpoints
 62
     0
440
 16777216
100
AcDbPoint
 10
94179.10305630627
 20
-152144.2163256968
 30
0.0
  0
POINT
  5
3A4
330
397
100
AcDbEntity
  8
Defpoints
 62
     0
440
 16777216
100
AcDbPoint
 10
94179.10305586766
 20
-152144.2163256968
 30
0.0
  0
ENDBLK
  5
3A5
330
397
100
AcDbEntity
  8
0
100
AcDbBlockEnd
  0
BLOCK
  5
3AA
330
3A9
100
AcDbEntity
  8
0
100
AcDbBlockBegin
  2
*D43
 70
     1
 10
0.0
 20
0.0
 30
0.0
  3
*D43
  1

  0
LINE
  5
3AB
330
3A9
100
AcDbEntity
  8
0
 62
    55
440
 16777216
370
    -2
100
AcDbLine
 10
93859.16395886398
 20
-152375.710493512
 30
0.0
 11
93859.16395886398
 21
-152365.710493512
 31
0.0
  0
LINE
  5
3AC
330
3A9
100
AcDbEntity
  8
0
 62
    55
440
 16777216
370
    -2
100
AcDbLine
 10
92347.16395886416
 20
-152335.710493512
 30
0.0
 11
92347.16395886416
 21
-152345.710493512
 31
0.0
  0
LINE
  5
3AD
330
3A9
100
AcDbEntity
  8
0
 62
    55
440
 16777216
370
    -2
100
AcDbLine
 10
93829.16395886398
 20
-152355.710493512
 30
0.0
 11
92377.16395886416
 21
-152355.710493512
 31
0.0
  0
SOLID
  5
3AE
330
3A9
100
AcDbEntity
  8
0
 62
    55
440
 16777216
100
AcDbTrace
 10
93829.16395886398
 20
-152350.710493512
 30
0.0
 11
93829.16395886398
 21
-152360.710493512
 31
0.0
 12
93859.16395886398
 22
-152355.710493512
 32
0.0
 13
93859.16395886398
 23
-152355.710493512
 33
0.0
  0
SOLID
  5
3AF
330
3A9
100
AcDbEntity
  8
0
 62
    55
440
 16777216
100
AcDbTrace
 10
92377.16395886416
 20
-152350.710493512
 30
0.0
 11
92377.16395886416
 21
-152360.710493512
 31
0.0
 12
92347.16395886416
 22
-152355.710493512
 32
0.0
 13
92347.16395886416
 23
-152355.710493512
 33
0.0
  0
MTEXT
  5
3B0
330
3A9
100
AcDbEntity
  8
0
 62
     1
440
 16777216
100
AcDbMText
 10
93103.16395886407
 20
-152328.210493512
 30
0.0
 40
35.0
 41
0.0
 71
     5
 72
     1
  1
\A1;1512
  7
010018$0$DIM
 73
     1
 44
1.0
  0
POINT
  5
3B1
330
3A9
100
AcDbEntity
  8
Defpoints
 62
     0
440
 16777216
100
AcDbPoint
 10
93859.16395886398
 20
-152355.710493512
 30
0.0
  0
POINT
  5
3B2
330
3A9
100
AcDbEntity
  8
Defpoints
 62
     0
440
 16777216
100
AcDbPoint
 10
92347.16395886416
 20
-152355.710493512
 30
0.0
  0
POINT
  5
3B3
330
3A9
100
AcDbEntity
  8
Defpoints
 62
     0
440
 16777216
100
AcDbPoint
 10
92347.16395886416
 20
-152355.710493512
 30
0.0
  0
ENDBLK
  5
3B4
330
3A9
100
AcDbEntity
  8
0
100
AcDbBlockEnd
  0
BLOCK
  5
3B7
330
3B6
100
AcDbEntity
  8
0
100
AcDbBlockBegin
  2
*D44
 70
     1
 10
0.0
 20
0.0
 30
0.0
  3
*D44
  1

  0
LINE
  5
3B8
330
3B6
100
AcDbEntity
  8
0
 62
    55
440
 16777216
370
    -2
100
AcDbLine
 10
94361.16395886413
 20
-151112.1557678351
 30
0.0
 11
94424.23370318596
 21
-151112.1557678351
 31
0.0
  0
LINE
  5
3B9
330
3B6
100
AcDbEntity
  8
0
 62
    55
440
 16777216
370
    -2
100
AcDbLine
 10
94345.16395886413
 20
-151059.1557678351
 30
0.0
 11
94424.23370318596
 21
-151059.1557678351
 31
0.0
  0
LINE
  5
3BA
330
3B6
100
AcDbEntity
  8
0
 62
    55
440
 16777216
370
    -2
100
AcDbLine
 10
94414.23370318596
 20
-151142.1557678351
 30
0.0
 11
94414.23370318596
 21
-151172.1557678351
 31
0.0
  0
LINE
  5
3BB
330
3B6
100
AcDbEntity
  8
0
 62
    55
440
 16777216
370
    -2
100
AcDbLine
 10
94414.23370318596
 20
-151029.1557678351
 30
0.0
 11
94414.23370318596
 21
-150999.1557678351
 31
0.0
  0
LINE
  5
3BC
330
3B6
100
AcDbEntity
  8
0
 62
    55
440
 16777216
370
    -2
100
AcDbLine
 10
94414.23370318596
 20
-151112.1557678351
 30
0.0
 11
94414.23370318596
 21
-151059.1557678351
 31
0.0
  0
SOLID
  5
3BD
330
3B6
100
AcDbEntity
  8
0
 62
    55
440
 16777216
100
AcDbTrace
 10
94409.23370318596
 20
-151142.1557678351
 30
0.0
 11
94419.23370318596
 21
-151142.1557678351
 31
0.0
 12
94414.23370318596
 22
-151112.1557678351
 32
0.0
 13
94414.23370318596
 23
-151112.1557678351
 33
0.0
  0
SOLID
  5
3BE
330
3B6
100
AcDbEntity
  8
0
 62
    55
440
 16777216
100
AcDbTrace
 10
94409.23370318596
 20
-151029.1557678351
 30
0.0
 11
94419.23370318596
 21
-151029.1557678351
 31
0.0
 12
94414.23370318596
 22
-151059.1557678351
 32
0.0
 13
94414.23370318596
 23
-151059.1557678351
 33
0.0
  0
MTEXT
  5
3BF
330
3B6
100
AcDbEntity
  8
0
 62
     1
440
 16777216
100
AcDbMText
 10
94386.7337031859
 20
-151085.6557678351
 30
0.0
 40
35.0
 41
0.0
 71
     5
 72
     1
  1
\A1;53
  7
010018$0$DIM
 11
6.123233995736766E-17
 21
1.0
 31
0.0
 73
     1
 44
1.0
  0
POINT
  5
3C0
330
3B6
100
AcDbEntity
  8
Defpoints
 62
     0
440
 16777216
100
AcDbPoint
 10
94341.16395886413
 20
-151112.1557678351
 30
0.0
  0
POINT
  5
3C1
330
3B6
100
AcDbEntity
  8
Defpoints
 62
     0
440
 16777216
100
AcDbPoint
 10
94325.16395886413
 20
-151059.1557678351
 30
0.0
  0
POINT
  5
3C2
330
3B6
100
AcDbEntity
  8
Defpoints
 62
     0
440
 16777216
100
AcDbPoint
 10
94414.23370318596
 20
-151059.1557678351
 30
0.0
  0
ENDBLK
  5
3C3
330
3B6
100
AcDbEntity
  8
0
100
AcDbBlockEnd
  0
BLOCK
  5
3CB
330
3CA
100
AcDbEntity
  8
0
100
AcDbBlockBegin
  2
*D45
 70
     1
 10
0.0
 20
0.0
 30
0.0
  3
*D45
  1

  0
LINE
  5
3CC
330
3CA
100
AcDbEntity
  8
0
 62
    55
440
 16777216
370
    -2
100
AcDbLine
 10
94323.1639588641
 20
-151132.155767835
 30
0.0
 11
94323.1639588641
 21
-151194.7595107922
 31
0.0
  0
LINE
  5
3CD
330
3CA
100
AcDbEntity
  8
0
 62
    55
440
 16777216
370
    -2
100
AcDbLine
 10
94341.1639588641
 20
-151132.155767835
 30
0.0
 11
94341.1639588641
 21
-151194.7595107922
 31
0.0
  0
LINE
  5
3CE
330
3CA
100
AcDbEntity
  8
0
 62
    55
440
 16777216
370
    -2
100
AcDbLine
 10
94293.1639588641
 20
-151184.7595107922
 30
0.0
 11
94263.1639588641
 21
-151184.7595107922
 31
0.0
  0
LINE
  5
3CF
330
3CA
100
AcDbEntity
  8
0
 62
    55
440
 16777216
370
    -2
100
AcDbLine
 10
94371.1639588641
 20
-151184.7595107922
 30
0.0
 11
94476.84986341721
 21
-151184.7595107922
 31
0.0
  0
LINE
  5
3D0
330
3CA
100
AcDbEntity
  8
0
 62
    55
440
 16777216
370
    -2
100
AcDbLine
 10
94323.1639588641
 20
-151184.7595107922
 30
0.0
 11
94341.1639588641
 21
-151184.7595107922
 31
0.0
  0
SOLID
  5
3D1
330
3CA
100
AcDbEntity
  8
0
 62
    55
440
 16777216
100
AcDbTrace
 10
94293.1639588641
 20
-151179.7595107922
 30
0.0
 11
94293.1639588641
 21
-151189.7595107922
 31
0.0
 12
94323.1639588641
 22
-151184.7595107922
 32
0.0
 13
94323.1639588641
 23
-151184.7595107922
 33
0.0
  0
SOLID
  5
3D2
330
3CA
100
AcDbEntity
  8
0
 62
    55
440
 16777216
100
AcDbTrace
 10
94371.1639588641
 20
-151179.7595107922
 30
0.0
 11
94371.1639588641
 21
-151189.7595107922
 31
0.0
 12
94341.1639588641
 22
-151184.7595107922
 32
0.0
 13
94341.1639588641
 23
-151184.7595107922
 33
0.0
  0
MTEXT
  5
3D3
330
3CA
100
AcDbEntity
  8
0
 62
     1
440
 16777216
100
AcDbMText
 10
94442.45990575686
 20
-151157.2595107922
 30
0.0
 40
35.0
 41
0.0
 71
     5
 72
     1
  1
\A1;18
  7
010018$0$DIM
 73
     1
 44
1.0
  0
POINT
  5
3D4
330
3CA
100
AcDbEntity
  8
Defpoints
 62
     0
440
 16777216
100
AcDbPoint
 10
94323.1639588641
 20
-151112.155767835
 30
0.0
  0
POINT
  5
3D5
330
3CA
100
AcDbEntity
  8
Defpoints
 62
     0
440
 16777216
100
AcDbPoint
 10
94341.1639588641
 20
-151112.155767835
 30
0.0
  0
POINT
  5
3D6
330
3CA
100
AcDbEntity
  8
Defpoints
 62
     0
440
 16777216
100
AcDbPoint
 10
94341.1639588641
 20
-151184.7595107922
 30
0.0
  0
ENDBLK
  5
3D7
330
3CA
100
AcDbEntity
  8
0
100
AcDbBlockEnd
  0
BLOCK
  5
3DA
330
3D9
100
AcDbEntity
  8
0
100
AcDbBlockBegin
  2
*D46
 70
     1
 10
0.0
 20
0.0
 30
0.0
  3
*D46
  1

  0
LINE
  5
3DB
330
3D9
100
AcDbEntity
  8
0
 62
    55
440
 16777216
370
    -2
100
AcDbLine
 10
93881.16395886418
 20
-153139.3859369281
 30
0.0
 11
93908.12458475705
 21
-153139.3859369281
 31
0.0
  0
LINE
  5
3DC
330
3D9
100
AcDbEntity
  8
0
 62
    55
440
 16777216
370
    -2
100
AcDbLine
 10
93881.16395886418
 20
-153121.3859369281
 30
0.0
 11
93908.12458475705
 21
-153121.3859369281
 31
0.0
  0
LINE
  5
3DD
330
3D9
100
AcDbEntity
  8
0
 62
    55
440
 16777216
370
    -2
100
AcDbLine
 10
93898.12458475705
 20
-153169.3859369281
 30
0.0
 11
93898.12458475705
 21
-153199.3859369281
 31
0.0
  0
LINE
  5
3DE
330
3D9
100
AcDbEntity
  8
0
 62
    55
440
 16777216
370
    -2
100
AcDbLine
 10
93898.12458475705
 20
-153091.3859369281
 30
0.0
 11
93898.12458475705
 21
-153061.385936928
 31
0.0
  0
LINE
  5
3DF
330
3D9
100
AcDbEntity
  8
0
 62
    55
440
 16777216
370
    -2
100
AcDbLine
 10
93898.12458475705
 20
-153061.385936928
 30
0.0
 11
93956.90450007777
 21
-153061.385936928
 31
0.0
  0
LINE
  5
3E0
330
3D9
100
AcDbEntity
  8
0
 62
    55
440
 16777216
370
    -2
100
AcDbLine
 10
93898.12458475705
 20
-153139.3859369281
 30
0.0
 11
93898.12458475705
 21
-153121.3859369281
 31
0.0
  0
SOLID
  5
3E1
330
3D9
100
AcDbEntity
  8
0
 62
    55
440
 16777216
100
AcDbTrace
 10
93893.12458475705
 20
-153169.3859369281
 30
0.0
 11
93903.12458475705
 21
-153169.3859369281
 31
0.0
 12
93898.12458475705
 22
-153139.3859369281
 32
0.0
 13
93898.12458475705
 23
-153139.3859369281
 33
0.0
  0
SOLID
  5
3E2
330
3D9
100
AcDbEntity
  8
0
 62
    55
440
 16777216
100
AcDbTrace
 10
93893.12458475705
 20
-153091.3859369281
 30
0.0
 11
93903.12458475705
 21
-153091.3859369281
 31
0.0
 12
93898.12458475705
 22
-153121.3859369281
 32
0.0
 13
93898.12458475705
 23
-153121.3859369281
 33
0.0
  0
MTEXT
  5
3E3
330
3D9
100
AcDbEntity
  8
0
 62
     1
440
 16777216
100
AcDbMText
 10
93932.51454241735
 20
-153033.885936928
 30
0.0
 40
35.0
 41
0.0
 71
     5
 72
     1
  1
\A1;18
  7
010018$0$DIM
 73
     1
 44
1.0
  0
POINT
  5
3E4
330
3D9
100
AcDbEntity
  8
Defpoints
 62
     0
440
 16777216
100
AcDbPoint
 10
93861.16395886418
 20
-153139.3859369281
 30
0.0
  0
POINT
  5
3E5
330
3D9
100
AcDbEntity
  8
Defpoints
 62
     0
440
 16777216
100
AcDbPoint
 10
93861.16395886418
 20
-153121.3859369281
 30
0.0
  0
POINT
  5
3E6
330
3D9
100
AcDbEntity
  8
Defpoints
 62
     0
440
 16777216
100
AcDbPoint
 10
93898.12458475705
 20
-153121.3859369281
 30
0.0
  0
ENDBLK
  5
3E7
330
3D9
100
AcDbEntity
  8
0
100
AcDbBlockEnd
  0
BLOCK
  5
3ED
330
3EC
100
AcDbEntity
  8
0
100
AcDbBlockBegin
  2
*D47
 70
     1
 10
0.0
 20
0.0
 30
0.0
  3
*D47
  1

  0
LINE
  5
3EE
330
3EC
100
AcDbEntity
  8
0
 62
    55
440
 16777216
370
    -2
100
AcDbLine
 10
93875.16395886416
 20
-152296.7313680558
 30
0.0
 11
93875.16395886416
 21
-152306.7313680558
 31
0.0
  0
LINE
  5
3EF
330
3EC
100
AcDbEntity
  8
0
 62
    55
440
 16777216
370
    -2
100
AcDbLine
 10
93859.16395886416
 20
-152296.7313680558
 30
0.0
 11
93859.16395886416
 21
-152306.7313680558
 31
0.0
  0
LINE
  5
3F0
330
3EC
100
AcDbEntity
  8
0
 62
    55
440
 16777216
370
    -2
100
AcDbLine
 10
93829.16395886416
 20
-152316.7313680558
 30
0.0
 11
93799.16395886416
 21
-152316.7313680558
 31
0.0
  0
LINE
  5
3F1
330
3EC
100
AcDbEntity
  8
0
 62
    55
440
 16777216
370
    -2
100
AcDbLine
 10
93905.16395886416
 20
-152316.7313680558
 30
0.0
 11
94002.2772075182
 21
-152316.7313680558
 31
0.0
  0
LINE
  5
3F2
330
3EC
100
AcDbEntity
  8
0
 62
    55
440
 16777216
370
    -2
100
AcDbLine
 10
93859.16395886416
 20
-152316.7313680558
 30
0.0
 11
93875.16395886416
 21
-152316.7313680558
 31
0.0
  0
SOLID
  5
3F3
330
3EC
100
AcDbEntity
  8
0
 62
    55
440
 16777216
100
AcDbTrace
 10
93829.16395886416
 20
-152311.7313680558
 30
0.0
 11
93829.16395886416
 21
-152321.7313680558
 31
0.0
 12
93859.16395886416
 22
-152316.7313680558
 32
0.0
 13
93859.16395886416
 23
-152316.7313680558
 33
0.0
  0
SOLID
  5
3F4
330
3EC
100
AcDbEntity
  8
0
 62
    55
440
 16777216
100
AcDbTrace
 10
93905.16395886416
 20
-152311.7313680558
 30
0.0
 11
93905.16395886416
 21
-152321.7313680558
 31
0.0
 12
93875.16395886416
 22
-152316.7313680558
 32
0.0
 13
93875.16395886416
 23
-152316.7313680558
 33
0.0
  0
MTEXT
  5
3F5
330
3EC
100
AcDbEntity
  8
0
 62
     1
440
 16777216
100
AcDbMText
 10
93968.72058319119
 20
-152289.2313680558
 30
0.0
 40
35.0
 41
0.0
 71
     5
 72
     1
  1
\A1;16
  7
010018$0$DIM
 73
     1
 44
1.0
  0
POINT
  5
3F6
330
3EC
100
AcDbEntity
  8
Defpoints
 62
     0
440
 16777216
100
AcDbPoint
 10
93875.16395886416
 20
-152316.7313680558
 30
0.0
  0
POINT
  5
3F7
330
3EC
100
AcDbEntity
  8
Defpoints
 62
     0
440
 16777216
100
AcDbPoint
 10
93859.16395886416
 20
-152316.7313680558
 30
0.0
  0
POINT
  5
3F8
330
3EC
100
AcDbEntity
  8
Defpoints
 62
     0
440
 16777216
100
AcDbPoint
 10
93859.16395886416
 20
-152316.7313680558
 30
0.0
  0
ENDBLK
  5
3F9
330
3EC
100
AcDbEntity
  8
0
100
AcDbBlockEnd
  0
BLOCK
  5
3FD
330
3FC
100
AcDbEntity
  8
0
100
AcDbBlockBegin
  2
*D48
 70
     1
 10
0.0
 20
0.0
 30
0.0
  3
*D48
  1

  0
LINE
  5
3FE
330
3FC
100
AcDbEntity
  8
0
 62
    55
440
 16777216
370
    -2
100
AcDbLine
 10
94372.16395886462
 20
-151621.84151614
 30
0.0
 11
94372.16395886462
 21
-151649.8362246922
 31
0.0
  0
LINE
  5
3FF
330
3FC
100
AcDbEntity
  8
0
 62
    55
440
 16777216
370
    -2
100
AcDbLine
 10
94323.16395886468
 20
-151621.84151614
 30
0.0
 11
94323.16395886468
 21
-151649.8362246922
 31
0.0
  0
LINE
  5
400
330
3FC
100
AcDbEntity
  8
0
 62
    55
440
 16777216
370
    -2
100
AcDbLine
 10
94402.16395886462
 20
-151639.8362246922
 30
0.0
 11
94432.16395886462
 21
-151639.8362246922
 31
0.0
  0
LINE
  5
401
330
3FC
100
AcDbEntity
  8
0
 62
    55
440
 16777216
370
    -2
100
AcDbLine
 10
94293.16395886468
 20
-151639.8362246922
 30
0.0
 11
94184.9182236701
 21
-151639.8362246922
 31
0.0
  0
LINE
  5
402
330
3FC
100
AcDbEntity
  8
0
 62
    55
440
 16777216
370
    -2
100
AcDbLine
 10
94372.16395886462
 20
-151639.8362246922
 30
0.0
 11
94323.16395886468
 21
-151639.8362246922
 31
0.0
  0
SOLID
  5
403
330
3FC
100
AcDbEntity
  8
0
 62
    55
440
 16777216
100
AcDbTrace
 10
94402.16395886462
 20
-151634.8362246922
 30
0.0
 11
94402.16395886462
 21
-151644.8362246922
 31
0.0
 12
94372.16395886462
 22
-151639.8362246922
 32
0.0
 13
94372.16395886462
 23
-151639.8362246922
 33
0.0
  0
SOLID
  5
404
330
3FC
100
AcDbEntity
  8
0
 62
    55
440
 16777216
100
AcDbTrace
 10
94293.16395886468
 20
-151634.8362246922
 30
0.0
 11
94293.16395886468
 21
-151644.8362246922
 31
0.0
 12
94323.16395886468
 22
-151639.8362246922
 32
0.0
 13
94323.16395886468
 23
-151639.8362246922
 33
0.0
  0
MTEXT
  5
405
330
3FC
100
AcDbEntity
  8
0
 62
     1
440
 16777216
100
AcDbMText
 10
94224.0410912674
 20
-151612.3362246922
 30
0.0
 40
35.0
 41
0.0
 71
     5
 72
     1
  1
\A1;49
  7
010018$0$DIM
 73
     1
 44
1.0
  0
POINT
  5
406
330
3FC
100
AcDbEntity
  8
Defpoints
 62
     0
440
 16777216
100
AcDbPoint
 10
94372.16395886462
 20
-151601.84151614
 30
0.0
  0
POINT
  5
407
330
3FC
100
AcDbEntity
  8
Defpoints
 62
     0
440
 16777216
100
AcDbPoint
 10
94323.16395886468
 20
-151601.84151614
 30
0.0
  0
POINT
  5
408
330
3FC
100
AcDbEntity
  8
Defpoints
 62
     0
440
 16777216
100
AcDbPoint
 10
94323.16395886468
 20
-151639.8362246922
 30
0.0
  0
ENDBLK
  5
409
330
3FC
100
AcDbEntity
  8
0
100
AcDbBlockEnd
  0
BLOCK
  5
40C
330
40B
100
AcDbEntity
  8
0
100
AcDbBlockBegin
  2
*D49
 70
     1
 10
0.0
 20
0.0
 30
0.0
  3
*D49
  1

  0
LINE
  5
40D
330
40B
100
AcDbEntity
  8
0
 62
    55
440
 16777216
370
    -2
100
AcDbLine
 10
94372.16395886427
 20
-151687.0246442431
 30
0.0
 11
94372.16395886427
 21
-151697.0246442431
 31
0.0
  0
LINE
  5
40E
330
40B
100
AcDbEntity
  8
0
 62
    55
440
 16777216
370
    -2
100
AcDbLine
 10
94388.16395886427
 20
-151687.0246442431
 30
0.0
 11
94388.16395886427
 21
-151697.0246442431
 31
0.0
  0
LINE
  5
40F
330
40B
100
AcDbEntity
  8
0
 62
    55
440
 16777216
370
    -2
100
AcDbLine
 10
94418.16395886427
 20
-151707.0246442431
 30
0.0
 11
94448.16395886427
 21
-151707.0246442431
 31
0.0
  0
LINE
  5
410
330
40B
100
AcDbEntity
  8
0
 62
    55
440
 16777216
370
    -2
100
AcDbLine
 10
94342.16395886427
 20
-151707.0246442431
 30
0.0
 11
94245.05071021023
 21
-151707.0246442431
 31
0.0
  0
LINE
  5
411
330
40B
100
AcDbEntity
  8
0
 62
    55
440
 16777216
370
    -2
100
AcDbLine
 10
94388.16395886427
 20
-151707.0246442431
 30
0.0
 11
94372.16395886427
 21
-151707.0246442431
 31
0.0
  0
SOLID
  5
412
330
40B
100
AcDbEntity
  8
0
 62
    55
440
 16777216
100
AcDbTrace
 10
94418.16395886427
 20
-151702.0246442431
 30
0.0
 11
94418.16395886427
 21
-151712.0246442431
 31
0.0
 12
94388.16395886427
 22
-151707.0246442431
 32
0.0
 13
94388.16395886427
 23
-151707.0246442431
 33
0.0
  0
SOLID
  5
413
330
40B
100
AcDbEntity
  8
0
 62
    55
440
 16777216
100
AcDbTrace
 10
94342.16395886427
 20
-151702.0246442431
 30
0.0
 11
94342.16395886427
 21
-151712.0246442431
 31
0.0
 12
94372.16395886427
 22
-151707.0246442431
 32
0.0
 13
94372.16395886427
 23
-151707.0246442431
 33
0.0
  0
MTEXT
  5
414
330
40B
100
AcDbEntity
  8
0
 62
     1
440
 16777216
100
AcDbMText
 10
94278.60733453724
 20
-151679.5246442431
 30
0.0
 40
35.0
 41
0.0
 71
     5
 72
     1
  1
\A1;16
  7
010018$0$DIM
 73
     1
 44
1.0
  0
POINT
  5
415
330
40B
100
AcDbEntity
  8
Defpoints
 62
     0
440
 16777216
100
AcDbPoint
 10
94372.16395886427
 20
-151707.0246442431
 30
0.0
  0
POINT
  5
416
330
40B
100
AcDbEntity
  8
Defpoints
 62
     0
440
 16777216
100
AcDbPoint
 10
94388.16395886427
 20
-151707.0246442431
 30
0.0
  0
POINT
  5
417
330
40B
100
AcDbEntity
  8
Defpoints
 62
     0
440
 16777216
100
AcDbPoint
 10
94388.16395886427
 20
-151707.0246442431
 30
0.0
  0
ENDBLK
  5
418
330
40B
100
AcDbEntity
  8
0
100
AcDbBlockEnd
  0
BLOCK
  5
43A
330
439
100
AcDbEntity
  8
0
100
AcDbBlockBegin
  2
*D50
 70
     1
 10
0.0
 20
0.0
 30
0.0
  3
*D50
  1

  0
LINE
  5
43B
330
439
100
AcDbEntity
  8
0
 62
    55
440
 16777216
370
    -2
100
AcDbLine
 10
92367.16395886418
 20
-153068.3859369281
 30
0.0
 11
92428.44118009256
 21
-153068.3859369281
 31
0.0
  0
LINE
  5
43C
330
439
100
AcDbEntity
  8
0
 62
    55
440
 16777216
370
    -2
100
AcDbLine
 10
92365.16395886418
 20
-153123.3859369281
 30
0.0
 11
92428.44118009256
 21
-153123.3859369281
 31
0.0
  0
LINE
  5
43D
330
439
100
AcDbEntity
  8
0
 62
    55
440
 16777216
370
    -2
100
AcDbLine
 10
92418.44118009256
 20
-153038.3859369281
 30
0.0
 11
92418.44118009256
 21
-153008.3859369281
 31
0.0
  0
LINE
  5
43E
330
439
100
AcDbEntity
  8
0
 62
    55
440
 16777216
370
    -2
100
AcDbLine
 10
92418.44118009256
 20
-153153.3859369281
 30
0.0
 11
92418.44118009256
 21
-153183.3859369281
 31
0.0
  0
LINE
  5
43F
330
439
100
AcDbEntity
  8
0
 62
    55
440
 16777216
370
    -2
100
AcDbLine
 10
92418.44118009256
 20
-153068.3859369281
 30
0.0
 11
92418.44118009256
 21
-153123.3859369281
 31
0.0
  0
SOLID
  5
440
330
439
100
AcDbEntity
  8
0
 62
    55
440
 16777216
100
AcDbTrace
 10
92413.44118009256
 20
-153038.3859369281
 30
0.0
 11
92423.44118009256
 21
-153038.3859369281
 31
0.0
 12
92418.44118009256
 22
-153068.3859369281
 32
0.0
 13
92418.44118009256
 23
-153068.3859369281
 33
0.0
  0
SOLID
  5
441
330
439
100
AcDbEntity
  8
0
 62
    55
440
 16777216
100
AcDbTrace
 10
92413.44118009256
 20
-153153.3859369281
 30
0.0
 11
92423.44118009256
 21
-153153.3859369281
 31
0.0
 12
92418.44118009256
 22
-153123.3859369281
 32
0.0
 13
92418.44118009256
 23
-153123.3859369281
 33
0.0
  0
MTEXT
  5
442
330
439
100
AcDbEntity
  8
0
 62
     1
440
 16777216
100
AcDbMText
 10
92390.9411800925
 20
-153095.8859369281
 30
0.0
 40
35.0
 41
0.0
 71
     5
 72
     1
  1
\A1;55
  7
010018$0$DIM
 11
6.123233995736766E-17
 21
1.0
 31
0.0
 73
     1
 44
1.0
  0
POINT
  5
443
330
439
100
AcDbEntity
  8
Defpoints
 62
     0
440
 16777216
100
AcDbPoint
 10
92347.16395886418
 20
-153068.3859369281
 30
0.0
  0
POINT
  5
444
330
439
100
AcDbEntity
  8
Defpoints
 62
     0
440
 16777216
100
AcDbPoint
 10
92345.16395886418
 20
-153123.3859369281
 30
0.0
  0
POINT
  5
445
330
439
100
AcDbEntity
  8
Defpoints
 62
     0
440
 16777216
100
AcDbPoint
 10
92418.44118009256
 20
-153123.3859369281
 30
0.0
  0
ENDBLK
  5
446
330
439
100
AcDbEntity
  8
0
100
AcDbBlockEnd
  0
BLOCK
  5
44D
330
44C
100
AcDbEntity
  8
0
100
AcDbBlockBegin
  2
*D51
 70
     1
 10
0.0
 20
0.0
 30
0.0
  3
*D51
  1

  0
LINE
  5
44E
330
44C
100
AcDbEntity
  8
0
 62
    55
440
 16777216
370
    -2
100
AcDbLine
 10
92347.16395886416
 20
-153048.385936928
 30
0.0
 11
92347.16395886416
 21
-152985.7821939709
 31
0.0
  0
LINE
  5
44F
330
44C
100
AcDbEntity
  8
0
 62
    55
440
 16777216
370
    -2
100
AcDbLine
 10
92307.16395886416
 20
-153020.385936928
 30
0.0
 11
92307.16395886416
 21
-152985.7821939709
 31
0.0
  0
LINE
  5
450
330
44C
100
AcDbEntity
  8
0
 62
    55
440
 16777216
370
    -2
100
AcDbLine
 10
92377.16395886416
 20
-152995.7821939709
 30
0.0
 11
92407.16395886416
 21
-152995.7821939709
 31
0.0
  0
LINE
  5
451
330
44C
100
AcDbEntity
  8
0
 62
    55
440
 16777216
370
    -2
100
AcDbLine
 10
92277.16395886416
 20
-152995.7821939709
 30
0.0
 11
92247.16395886416
 21
-152995.7821939709
 31
0.0
  0
LINE
  5
452
330
44C
100
AcDbEntity
  8
0
 62
    55
440
 16777216
370
    -2
100
AcDbLine
 10
92347.16395886416
 20
-152995.7821939709
 30
0.0
 11
92307.16395886416
 21
-152995.7821939709
 31
0.0
  0
SOLID
  5
453
330
44C
100
AcDbEntity
  8
0
 62
    55
440
 16777216
100
AcDbTrace
 10
92377.16395886416
 20
-152990.7821939709
 30
0.0
 11
92377.16395886416
 21
-153000.7821939709
 31
0.0
 12
92347.16395886416
 22
-152995.7821939709
 32
0.0
 13
92347.16395886416
 23
-152995.7821939709
 33
0.0
  0
SOLID
  5
454
330
44C
100
AcDbEntity
  8
0
 62
    55
440
 16777216
100
AcDbTrace
 10
92277.16395886416
 20
-152990.7821939709
 30
0.0
 11
92277.16395886416
 21
-153000.7821939709
 31
0.0
 12
92307.16395886416
 22
-152995.7821939709
 32
0.0
 13
92307.16395886416
 23
-152995.7821939709
 33
0.0
  0
MTEXT
  5
455
330
44C
100
AcDbEntity
  8
0
 62
     1
440
 16777216
100
AcDbMText
 10
92327.16395886416
 20
-152968.2821939709
 30
0.0
 40
35.0
 41
0.0
 71
     5
 72
     1
  1
\A1;40
  7
010018$0$DIM
 73
     1
 44
1.0
  0
POINT
  5
456
330
44C
100
AcDbEntity
  8
Defpoints
 62
     0
440
 16777216
100
AcDbPoint
 10
92347.16395886416
 20
-153068.385936928
 30
0.0
  0
POINT
  5
457
330
44C
100
AcDbEntity
  8
Defpoints
 62
     0
440
 16777216
100
AcDbPoint
 10
92307.16395886416
 20
-153040.385936928
 30
0.0
  0
POINT
  5
458
330
44C
100
AcDbEntity
  8
Defpoints
 62
     0
440
 16777216
100
AcDbPoint
 10
92307.16395886416
 20
-152995.7821939709
 30
0.0
  0
ENDBLK
  5
459
330
44C
100
AcDbEntity
  8
0
100
AcDbBlockEnd
  0
BLOCK
  5
45C
330
45B
100
AcDbEntity
  8
0
100
AcDbBlockBegin
  2
*D52
 70
     1
 10
0.0
 20
0.0
 30
0.0
  3
*D52
  1

  0
LINE
  5
45D
330
45B
100
AcDbEntity
  8
0
 62
    55
440
 16777216
370
    -2
100
AcDbLine
 10
92345.16395886416
 20
-153143.385936928
 30
0.0
 11
92345.16395886416
 21
-153217.7552716857
 31
0.0
  0
LINE
  5
45E
330
45B
100
AcDbEntity
  8
0
 62
    55
440
 16777216
370
    -2
100
AcDbLine
 10
93861.16395886416
 20
-153159.385936928
 30
0.0
 11
93861.16395886416
 21
-153217.7552716857
 31
0.0
  0
LINE
  5
45F
330
45B
100
AcDbEntity
  8
0
 62
    55
440
 16777216
370
    -2
100
AcDbLine
 10
92375.16395886416
 20
-153207.7552716857
 30
0.0
 11
93831.16395886416
 21
-153207.7552716857
 31
0.0
  0
SOLID
  5
460
330
45B
100
AcDbEntity
  8
0
 62
    55
440
 16777216
100
AcDbTrace
 10
92375.16395886416
 20
-153202.7552716857
 30
0.0
 11
92375.16395886416
 21
-153212.7552716857
 31
0.0
 12
92345.16395886416
 22
-153207.7552716857
 32
0.0
 13
92345.16395886416
 23
-153207.7552716857
 33
0.0
  0
SOLID
  5
461
330
45B
100
AcDbEntity
  8
0
 62
    55
440
 16777216
100
AcDbTrace
 10
93831.16395886416
 20
-153202.7552716857
 30
0.0
 11
93831.16395886416
 21
-153212.7552716857
 31
0.0
 12
93861.16395886416
 22
-153207.7552716857
 32
0.0
 13
93861.16395886416
 23
-153207.7552716857
 33
0.0
  0
MTEXT
  5
462
330
45B
100
AcDbEntity
  8
0
 62
     1
440
 16777216
100
AcDbMText
 10
93103.16395886416
 20
-153180.2552716857
 30
0.0
 40
35.0
 41
0.0
 71
     5
 72
     1
  1
\A1;1516
  7
010018$0$DIM
 73
     1
 44
1.0
  0
POINT
  5
463
330
45B
100
AcDbEntity
  8
Defpoints
 62
     0
440
 16777216
100
AcDbPoint
 10
92345.16395886416
 20
-153123.385936928
 30
0.0
  0
POINT
  5
464
330
45B
100
AcDbEntity
  8
Defpoints
 62
     0
440
 16777216
100
AcDbPoint
 10
93861.16395886416
 20
-153139.385936928
 30
0.0
  0
POINT
  5
465
330
45B
100
AcDbEntity
  8
Defpoints
 62
     0
440
 16777216
100
AcDbPoint
 10
93861.16395886416
 20
-153207.7552716857
 30
0.0
  0
ENDBLK
  5
466
330
45B
100
AcDbEntity
  8
0
100
AcDbBlockEnd
  0
BLOCK
  5
477
330
476
100
AcDbEntity
  8
0
100
AcDbBlockBegin
  2
*D53
 70
     1
 10
0.0
 20
0.0
 30
0.0
  3
*D53
  1

  0
LINE
  5
478
330
476
100
AcDbEntity
  8
Dim LengthForAreaNetto
440
 16777216
370
    -2
100
AcDbLine
 10
92335.16421336353
 20
-151039.155767835
 30
0.0
 11
92335.16421336353
 21
-150882.6855952891
 31
0.0
  0
LINE
  5
479
330
476
100
AcDbEntity
  8
Dim LengthForAreaNetto
440
 16777216
370
    -2
100
AcDbLine
 10
94335.1639588641
 20
-151039.155767835
 30
0.0
 11
94335.1639588641
 21
-150882.6855952891
 31
0.0
  0
LINE
  5
47A
330
476
100
AcDbEntity
  8
Dim LengthForAreaNetto
440
 16777216
370
    -2
100
AcDbLine
 10
92365.16421336353
 20
-150892.6855952891
 30
0.0
 11
94305.1639588641
 21
-150892.6855952891
 31
0.0
  0
SOLID
  5
47B
330
476
100
AcDbEntity
  8
Dim LengthForAreaNetto
440
 16777216
100
AcDbTrace
 10
92365.16421336353
 20
-150887.6855952891
 30
0.0
 11
92365.16421336353
 21
-150897.6855952891
 31
0.0
 12
92335.16421336353
 22
-150892.6855952891
 32
0.0
 13
92335.16421336353
 23
-150892.6855952891
 33
0.0
  0
SOLID
  5
47C
330
476
100
AcDbEntity
  8
Dim LengthForAreaNetto
440
 16777216
100
AcDbTrace
 10
94305.1639588641
 20
-150887.6855952891
 30
0.0
 11
94305.1639588641
 21
-150897.6855952891
 31
0.0
 12
94335.1639588641
 22
-150892.6855952891
 32
0.0
 13
94335.1639588641
 23
-150892.6855952891
 33
0.0
  0
MTEXT
  5
47D
330
476
100
AcDbEntity
  8
Dim LengthForAreaNetto
440
 16777216
100
AcDbMText
 10
93335.16408611381
 20
-150865.1855952891
 30
0.0
 40
35.0
 41
0.0
 71
     5
 72
     1
  1
\A1;2000
  7
010018$0$DIM
 73
     1
 44
1.0
  0
POINT
  5
47E
330
476
100
AcDbEntity
  8
Defpoints
 62
     0
440
 16777216
100
AcDbPoint
 10
92335.16421336353
 20
-151059.155767835
 30
0.0
  0
POINT
  5
47F
330
476
100
AcDbEntity
  8
Defpoints
 62
     0
440
 16777216
100
AcDbPoint
 10
94335.1639588641
 20
-151059.155767835
 30
0.0
  0
POINT
  5
480
330
476
100
AcDbEntity
  8
Defpoints
 62
     0
440
 16777216
100
AcDbPoint
 10
94335.1639588641
 20
-150892.6855952891
 30
0.0
  0
ENDBLK
  5
481
330
476
100
AcDbEntity
  8
0
100
AcDbBlockEnd
  0
BLOCK
  5
494
330
493
100
AcDbEntity
  8
0
100
AcDbBlockBegin
  2
*D54
 70
     1
 10
0.0
 20
0.0
 30
0.0
  3
*D54
  1

  0
LINE
  5
495
330
493
100
AcDbEntity
  8
0
 62
    55
440
 16777216
370
    -2
100
AcDbLine
 10
92744.05550802559
 20
-152496.2163459541
 30
0.0
 11
92735.07461048452
 21
-152496.2163459541
 31
0.0
  0
LINE
  5
496
330
493
100
AcDbEntity
  8
0
 62
    55
440
 16777216
370
    -2
100
AcDbLine
 10
92744.05550802559
 20
-152413.2163459541
 30
0.0
 11
92735.07461048452
 21
-152413.2163459541
 31
0.0
  0
LINE
  5
497
330
493
100
AcDbEntity
  8
0
 62
    55
440
 16777216
370
    -2
100
AcDbLine
 10
92725.07461048452
 20
-152466.2163459541
 30
0.0
 11
92725.07461048452
 21
-152443.2163459541
 31
0.0
  0
SOLID
  5
498
330
493
100
AcDbEntity
  8
0
 62
    55
440
 16777216
100
AcDbTrace
 10
92720.07461048452
 20
-152466.2163459541
 30
0.0
 11
92730.07461048452
 21
-152466.2163459541
 31
0.0
 12
92725.07461048452
 22
-152496.2163459541
 32
0.0
 13
92725.07461048452
 23
-152496.2163459541
 33
0.0
  0
SOLID
  5
499
330
493
100
AcDbEntity
  8
0
 62
    55
440
 16777216
100
AcDbTrace
 10
92720.07461048452
 20
-152443.2163459541
 30
0.0
 11
92730.07461048452
 21
-152443.2163459541
 31
0.0
 12
92725.07461048452
 22
-152413.2163459541
 32
0.0
 13
92725.07461048452
 23
-152413.2163459541
 33
0.0
  0
MTEXT
  5
49A
330
493
100
AcDbEntity
  8
0
 62
     1
440
 16777216
100
AcDbMText
 10
92697.57461048446
 20
-152465.2163459541
 30
0.0
 40
35.0
 41
0.0
 71
     5
 72
     1
  1
\A1;83
  7
010018$0$DIM
 11
6.123233995736766E-17
 21
1.0
 31
0.0
 73
     1
 44
1.0
  0
POINT
  5
49B
330
493
100
AcDbEntity
  8
Defpoints
 62
     0
440
 16777216
100
AcDbPoint
 10
92724.05550802559
 20
-152496.2163459541
 30
0.0
  0
POINT
  5
49C
330
493
100
AcDbEntity
  8
Defpoints
 62
     0
440
 16777216
100
AcDbPoint
 10
92724.05550802559
 20
-152413.2163459541
 30
0.0
  0
POINT
  5
49D
330
493
100
AcDbEntity
  8
Defpoints
 62
     0
440
 16777216
100
AcDbPoint
 10
92725.07461048452
 20
-152413.2163459541
 30
0.0
  0
ENDBLK
  5
49E
330
493
100
AcDbEntity
  8
0
100
AcDbBlockEnd
  0
BLOCK
  5
4A4
330
4A3
100
AcDbEntity
  8
0
100
AcDbBlockBegin
  2
*D55
 70
     1
 10
0.0
 20
0.0
 30
0.0
  3
*D55
  1

  0
LINE
  5
4A5
330
4A3
100
AcDbEntity
  8
0
 62
    55
440
 16777216
370
    -2
100
AcDbLine
 10
92705.07461048286
 20
-152413.2163459541
 30
0.0
 11
92715.07461048143
 21
-152413.2163459541
 31
0.0
  0
LINE
  5
4A6
330
4A3
100
AcDbEntity
  8
0
 62
    55
440
 16777216
370
    -2
100
AcDbLine
 10
92705.07461048286
 20
-152097.2163459541
 30
0.0
 11
92715.07461048143
 21
-152097.2163459541
 31
0.0
  0
LINE
  5
4A7
330
4A3
100
AcDbEntity
  8
0
 62
    55
440
 16777216
370
    -2
100
AcDbLine
 10
92725.07461048143
 20
-152383.2163459541
 30
0.0
 11
92725.07461048143
 21
-152127.2163459541
 31
0.0
  0
SOLID
  5
4A8
330
4A3
100
AcDbEntity
  8
0
 62
    55
440
 16777216
100
AcDbTrace
 10
92720.07461048143
 20
-152383.2163459541
 30
0.0
 11
92730.07461048143
 21
-152383.2163459541
 31
0.0
 12
92725.07461048143
 22
-152413.2163459541
 32
0.0
 13
92725.07461048143
 23
-152413.2163459541
 33
0.0
  0
SOLID
  5
4A9
330
4A3
100
AcDbEntity
  8
0
 62
    55
440
 16777216
100
AcDbTrace
 10
92720.07461048143
 20
-152127.2163459541
 30
0.0
 11
92730.07461048143
 21
-152127.2163459541
 31
0.0
 12
92725.07461048143
 22
-152097.2163459541
 32
0.0
 13
92725.07461048143
 23
-152097.2163459541
 33
0.0
  0
MTEXT
  5
4AA
330
4A3
100
AcDbEntity
  8
0
 62
     1
440
 16777216
100
AcDbMText
 10
92697.57461048137
 20
-152176.4974722189
 30
0.0
 40
35.0
 41
0.0
 71
     5
 72
     1
  1
\A1;316
  7
010018$0$DIM
 11
6.123233995736766E-17
 21
1.0
 31
0.0
 73
     1
 44
1.0
  0
POINT
  5
4AB
330
4A3
100
AcDbEntity
  8
Defpoints
 62
     0
440
 16777216
100
AcDbPoint
 10
92725.07461048286
 20
-152413.2163459541
 30
0.0
  0
POINT
  5
4AC
330
4A3
100
AcDbEntity
  8
Defpoints
 62
     0
440
 16777216
100
AcDbPoint
 10
92725.07461048286
 20
-152097.2163459541
 30
0.0
  0
POINT
  5
4AD
330
4A3
100
AcDbEntity
  8
Defpoints
 62
     0
440
 16777216
100
AcDbPoint
 10
92725.07461048143
 20
-152097.2163459541
 30
0.0
  0
ENDBLK
  5
4AE
330
4A3
100
AcDbEntity
  8
0
100
AcDbBlockEnd
  0
BLOCK
  5
4B1
330
4B0
100
AcDbEntity
  8
0
100
AcDbBlockBegin
  2
*D56
 70
     1
 10
0.0
 20
0.0
 30
0.0
  3
*D56
  1

  0
LINE
  5
4B2
330
4B0
100
AcDbEntity
  8
0
 62
    55
440
 16777216
370
    -2
100
AcDbLine
 10
93486.50674787107
 20
-152496.2163459541
 30
0.0
 11
93496.50674787103
 21
-152496.2163459541
 31
0.0
  0
LINE
  5
4B3
330
4B0
100
AcDbEntity
  8
0
 62
    55
440
 16777216
370
    -2
100
AcDbLine
 10
93486.50674787107
 20
-152545.2163459541
 30
0.0
 11
93496.50674787103
 21
-152545.2163459541
 31
0.0
  0
LINE
  5
4B4
330
4B0
100
AcDbEntity
  8
0
 62
    55
440
 16777216
370
    -2
100
AcDbLine
 10
93506.50674787103
 20
-152575.2163459541
 30
0.0
 11
93506.50674787103
 21
-152605.2163459541
 31
0.0
  0
LINE
  5
4B5
330
4B0
100
AcDbEntity
  8
0
 62
    55
440
 16777216
370
    -2
100
AcDbLine
 10
93506.50674787103
 20
-152466.2163459541
 30
0.0
 11
93506.50674787103
 21
-152436.216345954
 31
0.0
  0
LINE
  5
4B6
330
4B0
100
AcDbEntity
  8
0
 62
    55
440
 16777216
370
    -2
100
AcDbLine
 10
93506.50674787103
 20
-152436.216345954
 30
0.0
 11
93574.7524830656
 21
-152436.216345954
 31
0.0
  0
LINE
  5
4B7
330
4B0
100
AcDbEntity
  8
0
 62
    55
440
 16777216
370
    -2
100
AcDbLine
 10
93506.50674787103
 20
-152545.2163459541
 30
0.0
 11
93506.50674787103
 21
-152496.2163459541
 31
0.0
  0
SOLID
  5
4B8
330
4B0
100
AcDbEntity
  8
0
 62
    55
440
 16777216
100
AcDbTrace
 10
93501.50674787103
 20
-152575.2163459541
 30
0.0
 11
93511.50674787103
 21
-152575.2163459541
 31
0.0
 12
93506.50674787103
 22
-152545.2163459541
 32
0.0
 13
93506.50674787103
 23
-152545.2163459541
 33
0.0
  0
SOLID
  5
4B9
330
4B0
100
AcDbEntity
  8
0
 62
    55
440
 16777216
100
AcDbTrace
 10
93501.50674787103
 20
-152466.2163459541
 30
0.0
 11
93511.50674787103
 21
-152466.2163459541
 31
0.0
 12
93506.50674787103
 22
-152496.2163459541
 32
0.0
 13
93506.50674787103
 23
-152496.2163459541
 33
0.0
  0
MTEXT
  5
4BA
330
4B0
100
AcDbEntity
  8
0
 62
     1
440
 16777216
100
AcDbMText
 10
93545.62961546825
 20
-152408.716345954
 30
0.0
 40
35.0
 41
0.0
 71
     5
 72
     1
  1
\A1;49
  7
010018$0$DIM
 73
     1
 44
1.0
  0
POINT
  5
4BB
330
4B0
100
AcDbEntity
  8
Defpoints
 62
     0
440
 16777216
100
AcDbPoint
 10
93506.50674787107
 20
-152496.2163459541
 30
0.0
  0
POINT
  5
4BC
330
4B0
100
AcDbEntity
  8
Defpoints
 62
     0
440
 16777216
100
AcDbPoint
 10
93506.50674787107
 20
-152545.2163459541
 30
0.0
  0
POINT
  5
4BD
330
4B0
100
AcDbEntity
  8
Defpoints
 62
     0
440
 16777216
100
AcDbPoint
 10
93506.50674787103
 20
-152545.2163459541
 30
0.0
  0
ENDBLK
  5
4BE
330
4B0
100
AcDbEntity
  8
0
100
AcDbBlockEnd
  0
BLOCK
  5
4C2
330
4C1
100
AcDbEntity
  8
0
100
AcDbBlockBegin
  2
*D57
 70
     1
 10
0.0
 20
0.0
 30
0.0
  3
*D57
  1

  0
LINE
  5
4C3
330
4C1
100
AcDbEntity
  8
0
 62
    55
440
 16777216
370
    -2
100
AcDbLine
 10
92260.1639588641
 20
-152276.3344456545
 30
0.0
 11
92260.1639588641
 21
-152281.3344456545
 31
0.0
  0
LINE
  5
4C4
330
4C1
100
AcDbEntity
  8
0
 62
    55
440
 16777216
370
    -2
100
AcDbLine
 10
92232.16395886421
 20
-152276.3344456544
 30
0.0
 11
92232.16395886421
 21
-152281.3344456545
 31
0.0
  0
LINE
  5
4C5
330
4C1
100
AcDbEntity
  8
0
 62
    55
440
 16777216
370
    -2
100
AcDbLine
 10
92290.1639588641
 20
-152291.3344456545
 30
0.0
 11
92320.1639588641
 21
-152291.3344456545
 31
0.0
  0
LINE
  5
4C6
330
4C1
100
AcDbEntity
  8
0
 62
    55
440
 16777216
370
    -2
100
AcDbLine
 10
92202.16395886421
 20
-152291.3344456545
 30
0.0
 11
92089.12548309128
 21
-152291.3344456545
 31
0.0
  0
LINE
  5
4C7
330
4C1
100
AcDbEntity
  8
0
 62
    55
440
 16777216
370
    -2
100
AcDbLine
 10
92260.1639588641
 20
-152291.3344456545
 30
0.0
 11
92232.16395886421
 21
-152291.3344456545
 31
0.0
  0
SOLID
  5
4C8
330
4C1
100
AcDbEntity
  8
0
 62
    55
440
 16777216
100
AcDbTrace
 10
92290.1639588641
 20
-152286.3344456545
 30
0.0
 11
92290.1639588641
 21
-152296.3344456545
 31
0.0
 12
92260.1639588641
 22
-152291.3344456545
 32
0.0
 13
92260.1639588641
 23
-152291.3344456545
 33
0.0
  0
SOLID
  5
4C9
330
4C1
100
AcDbEntity
  8
0
 62
    55
440
 16777216
100
AcDbTrace
 10
92202.16395886421
 20
-152286.3344456545
 30
0.0
 11
92202.16395886421
 21
-152296.3344456545
 31
0.0
 12
92232.16395886421
 22
-152291.3344456545
 32
0.0
 13
92232.16395886421
 23
-152291.3344456545
 33
0.0
  0
MTEXT
  5
4CA
330
4C1
100
AcDbEntity
  8
0
 62
     1
440
 16777216
100
AcDbMText
 10
92130.64472097774
 20
-152263.8344456545
 30
0.0
 40
35.0
 41
0.0
 71
     5
 72
     1
  1
\A1;28
  7
010018$0$DIM
 73
     1
 44
1.0
  0
POINT
  5
4CB
330
4C1
100
AcDbEntity
  8
Defpoints
 62
     0
440
 16777216
100
AcDbPoint
 10
92260.1639588641
 20
-152296.3344456545
 30
0.0
  0
POINT
  5
4CC
330
4C1
100
AcDbEntity
  8
Defpoints
 62
     0
440
 16777216
100
AcDbPoint
 10
92232.16395886421
 20
-152296.3344456544
 30
0.0
  0
POINT
  5
4CD
330
4C1
100
AcDbEntity
  8
Defpoints
 62
     0
440
 16777216
100
AcDbPoint
 10
92232.16395886421
 20
-152291.3344456545
 30
0.0
  0
ENDBLK
  5
4CE
330
4C1
100
AcDbEntity
  8
0
100
AcDbBlockEnd
  0
BLOCK
  5
4D1
330
4D0
100
AcDbEntity
  8
0
100
AcDbBlockBegin
  2
*D58
 70
     1
 10
0.0
 20
0.0
 30
0.0
  3
*D58
  1

  0
LINE
  5
4D2
330
4D0
100
AcDbEntity
  8
0
 62
    55
440
 16777216
370
    -2
100
AcDbLine
 10
92260.16395886416
 20
-152211.071500045
 30
0.0
 11
92260.16395886416
 21
-152221.071500045
 31
0.0
  0
LINE
  5
4D3
330
4D0
100
AcDbEntity
  8
0
 62
    55
440
 16777216
370
    -2
100
AcDbLine
 10
92296.16395886416
 20
-152211.071500045
 30
0.0
 11
92296.16395886416
 21
-152221.071500045
 31
0.0
  0
LINE
  5
4D4
330
4D0
100
AcDbEntity
  8
0
 62
    55
440
 16777216
370
    -2
100
AcDbLine
 10
92326.16395886416
 20
-152231.071500045
 30
0.0
 11
92356.16395886416
 21
-152231.071500045
 31
0.0
  0
LINE
  5
4D5
330
4D0
100
AcDbEntity
  8
0
 62
    55
440
 16777216
370
    -2
100
AcDbLine
 10
92230.16395886416
 20
-152231.071500045
 30
0.0
 11
92120.57847770739
 21
-152231.071500045
 31
0.0
  0
LINE
  5
4D6
330
4D0
100
AcDbEntity
  8
0
 62
    55
440
 16777216
370
    -2
100
AcDbLine
 10
92296.16395886416
 20
-152231.071500045
 30
0.0
 11
92260.16395886416
 21
-152231.071500045
 31
0.0
  0
SOLID
  5
4D7
330
4D0
100
AcDbEntity
  8
0
 62
    55
440
 16777216
100
AcDbTrace
 10
92326.16395886416
 20
-152226.071500045
 30
0.0
 11
92326.16395886416
 21
-152236.071500045
 31
0.0
 12
92296.16395886416
 22
-152231.071500045
 32
0.0
 13
92296.16395886416
 23
-152231.071500045
 33
0.0
  0
SOLID
  5
4D8
330
4D0
100
AcDbEntity
  8
0
 62
    55
440
 16777216
100
AcDbTrace
 10
92230.16395886416
 20
-152226.071500045
 30
0.0
 11
92230.16395886416
 21
-152236.071500045
 31
0.0
 12
92260.16395886416
 22
-152231.071500045
 32
0.0
 13
92260.16395886416
 23
-152231.071500045
 33
0.0
  0
MTEXT
  5
4D9
330
4D0
100
AcDbEntity
  8
0
 62
     1
440
 16777216
100
AcDbMText
 10
92160.37121828574
 20
-152203.571500045
 30
0.0
 40
35.0
 41
0.0
 71
     5
 72
     1
  1
\A1;36
  7
010018$0$DIM
 73
     1
 44
1.0
  0
POINT
  5
4DA
330
4D0
100
AcDbEntity
  8
Defpoints
 62
     0
440
 16777216
100
AcDbPoint
 10
92260.16395886416
 20
-152231.071500045
 30
0.0
  0
POINT
  5
4DB
330
4D0
100
AcDbEntity
  8
Defpoints
 62
     0
440
 16777216
100
AcDbPoint
 10
92296.16395886416
 20
-152231.071500045
 30
0.0
  0
POINT
  5
4DC
330
4D0
100
AcDbEntity
  8
Defpoints
 62
     0
440
 16777216
100
AcDbPoint
 10
92296.16395886416
 20
-152231.071500045
 30
0.0
  0
ENDBLK
  5
4DD
330
4D0
100
AcDbEntity
  8
0
100
AcDbBlockEnd
  0
BLOCK
  5
4E0
330
4DF
100
AcDbEntity
  8
0
100
AcDbBlockBegin
  2
*D59
 70
     1
 10
0.0
 20
0.0
 30
0.0
  3
*D59
  1

  0
LINE
  5
4E1
330
4DF
100
AcDbEntity
  8
0
 62
    55
440
 16777216
370
    -2
100
AcDbLine
 10
93396.144023632
 20
-152563.2163459541
 30
0.0
 11
93415.67684954494
 21
-152563.2163459541
 31
0.0
  0
LINE
  5
4E2
330
4DF
100
AcDbEntity
  8
0
 62
    55
440
 16777216
370
    -2
100
AcDbLine
 10
93395.353823444
 20
-152545.2163459541
 30
0.0
 11
93415.67684954494
 21
-152545.2163459541
 31
0.0
  0
LINE
  5
4E3
330
4DF
100
AcDbEntity
  8
0
 62
    55
440
 16777216
370
    -2
100
AcDbLine
 10
93405.67684954494
 20
-152593.2163459541
 30
0.0
 11
93405.67684954494
 21
-152623.2163459541
 31
0.0
  0
LINE
  5
4E4
330
4DF
100
AcDbEntity
  8
0
 62
    55
440
 16777216
370
    -2
100
AcDbLine
 10
93405.67684954494
 20
-152515.2163459541
 30
0.0
 11
93405.67684954494
 21
-152485.2163459541
 31
0.0
  0
LINE
  5
4E5
330
4DF
100
AcDbEntity
  8
0
 62
    55
440
 16777216
370
    -2
100
AcDbLine
 10
93405.67684954494
 20
-152485.2163459541
 30
0.0
 11
93464.45676486565
 21
-152485.2163459541
 31
0.0
  0
LINE
  5
4E6
330
4DF
100
AcDbEntity
  8
0
 62
    55
440
 16777216
370
    -2
100
AcDbLine
 10
93405.67684954494
 20
-152563.2163459541
 30
0.0
 11
93405.67684954494
 21
-152545.2163459541
 31
0.0
  0
SOLID
  5
4E7
330
4DF
100
AcDbEntity
  8
0
 62
    55
440
 16777216
100
AcDbTrace
 10
93400.67684954494
 20
-152593.2163459541
 30
0.0
 11
93410.67684954494
 21
-152593.2163459541
 31
0.0
 12
93405.67684954494
 22
-152563.2163459541
 32
0.0
 13
93405.67684954494
 23
-152563.2163459541
 33
0.0
  0
SOLID
  5
4E8
330
4DF
100
AcDbEntity
  8
0
 62
    55
440
 16777216
100
AcDbTrace
 10
93400.67684954494
 20
-152515.2163459541
 30
0.0
 11
93410.67684954494
 21
-152515.2163459541
 31
0.0
 12
93405.67684954494
 22
-152545.2163459541
 32
0.0
 13
93405.67684954494
 23
-152545.2163459541
 33
0.0
  0
MTEXT
  5
4E9
330
4DF
100
AcDbEntity
  8
0
 62
     1
440
 16777216
100
AcDbMText
 10
93440.06680720524
 20
-152457.7163459541
 30
0.0
 40
35.0
 41
0.0
 71
     5
 72
     1
  1
\A1;18
  7
010018$0$DIM
 73
     1
 44
1.0
  0
POINT
  5
4EA
330
4DF
100
AcDbEntity
  8
Defpoints
 62
     0
440
 16777216
100
AcDbPoint
 10
93376.144023632
 20
-152563.2163459541
 30
0.0
  0
POINT
  5
4EB
330
4DF
100
AcDbEntity
  8
Defpoints
 62
     0
440
 16777216
100
AcDbPoint
 10
93375.353823444
 20
-152545.2163459541
 30
0.0
  0
POINT
  5
4EC
330
4DF
100
AcDbEntity
  8
Defpoints
 62
     0
440
 16777216
100
AcDbPoint
 10
93405.67684954494
 20
-152545.2163459541
 30
0.0
  0
ENDBLK
  5
4ED
330
4DF
100
AcDbEntity
  8
0
100
AcDbBlockEnd
  0
BLOCK
  5
4F0
330
4EF
100
AcDbEntity
  8
0
100
AcDbBlockBegin
  2
*D60
 70
     1
 10
0.0
 20
0.0
 30
0.0
  3
*D60
  1

  0
LINE
  5
4F1
330
4EF
100
AcDbEntity
  8
0
 62
    55
440
 16777216
370
    -2
100
AcDbLine
 10
92296.16395886398
 20
-152151.7614741327
 30
0.0
 11
92296.16395886398
 21
-152161.7614741327
 31
0.0
  0
LINE
  5
4F2
330
4EF
100
AcDbEntity
  8
0
 62
    55
440
 16777216
370
    -2
100
AcDbLine
 10
92347.16395886398
 20
-152151.7614741327
 30
0.0
 11
92347.16395886398
 21
-152161.7614741327
 31
0.0
  0
LINE
  5
4F3
330
4EF
100
AcDbEntity
  8
0
 62
    55
440
 16777216
370
    -2
100
AcDbLine
 10
92377.16395886398
 20
-152171.7614741327
 30
0.0
 11
92407.16395886398
 21
-152171.7614741327
 31
0.0
  0
LINE
  5
4F4
330
4EF
100
AcDbEntity
  8
0
 62
    55
440
 16777216
370
    -2
100
AcDbLine
 10
92266.16395886398
 20
-152171.7614741327
 30
0.0
 11
92166.90539841175
 21
-152171.7614741327
 31
0.0
  0
LINE
  5
4F5
330
4EF
100
AcDbEntity
  8
0
 62
    55
440
 16777216
370
    -2
100
AcDbLine
 10
92347.16395886398
 20
-152171.7614741327
 30
0.0
 11
92296.16395886398
 21
-152171.7614741327
 31
0.0
  0
SOLID
  5
4F6
330
4EF
100
AcDbEntity
  8
0
 62
    55
440
 16777216
100
AcDbTrace
 10
92377.16395886398
 20
-152166.7614741327
 30
0.0
 11
92377.16395886398
 21
-152176.7614741327
 31
0.0
 12
92347.16395886398
 22
-152171.7614741327
 32
0.0
 13
92347.16395886398
 23
-152171.7614741327
 33
0.0
  0
SOLID
  5
4F7
330
4EF
100
AcDbEntity
  8
0
 62
    55
440
 16777216
100
AcDbTrace
 10
92266.16395886398
 20
-152166.7614741327
 30
0.0
 11
92266.16395886398
 21
-152176.7614741327
 31
0.0
 12
92296.16395886398
 22
-152171.7614741327
 32
0.0
 13
92296.16395886398
 23
-152171.7614741327
 33
0.0
  0
MTEXT
  5
4F8
330
4EF
100
AcDbEntity
  8
0
 62
     1
440
 16777216
100
AcDbMText
 10
92201.53467863786
 20
-152144.2614741327
 30
0.0
 40
35.0
 41
0.0
 71
     5
 72
     1
  1
\A1;51
  7
010018$0$DIM
 73
     1
 44
1.0
  0
POINT
  5
4F9
330
4EF
100
AcDbEntity
  8
Defpoints
 62
     0
440
 16777216
100
AcDbPoint
 10
92296.16395886398
 20
-152171.7614741327
 30
0.0
  0
POINT
  5
4FA
330
4EF
100
AcDbEntity
  8
Defpoints
 62
     0
440
 16777216
100
AcDbPoint
 10
92347.16395886398
 20
-152171.7614741327
 30
0.0
  0
POINT
  5
4FB
330
4EF
100
AcDbEntity
  8
Defpoints
 62
     0
440
 16777216
100
AcDbPoint
 10
92347.16395886398
 20
-152171.7614741327
 30
0.0
  0
ENDBLK
  5
4FC
330
4EF
100
AcDbEntity
  8
0
100
AcDbBlockEnd
  0
BLOCK
  5
506
330
505
100
AcDbEntity
  8
0
100
AcDbBlockBegin
  2
*D61
 70
     1
 10
0.0
 20
0.0
 30
0.0
  3
*D61
  1

  0
LINE
  5
507
330
505
100
AcDbEntity
  8
0
 62
    55
440
 16777216
370
    -2
100
AcDbLine
 10
91301.79104105038
 20
-151974.216345954
 30
0.0
 11
91301.79104105038
 21
-151902.8775995946
 31
0.0
  0
LINE
  5
508
330
505
100
AcDbEntity
  8
0
 62
    55
440
 16777216
370
    -2
100
AcDbLine
 10
91354.79104105038
 20
-151992.216345954
 30
0.0
 11
91354.79104105038
 21
-151902.8775995946
 31
0.0
  0
LINE
  5
509
330
505
100
AcDbEntity
  8
0
 62
    55
440
 16777216
370
    -2
100
AcDbLine
 10
91271.79104105038
 20
-151912.8775995946
 30
0.0
 11
91241.79104105038
 21
-151912.8775995946
 31
0.0
  0
LINE
  5
50A
330
505
100
AcDbEntity
  8
0
 62
    55
440
 16777216
370
    -2
100
AcDbLine
 10
91384.79104105038
 20
-151912.8775995946
 30
0.0
 11
91414.79104105038
 21
-151912.8775995946
 31
0.0
  0
LINE
  5
50B
330
505
100
AcDbEntity
  8
0
 62
    55
440
 16777216
370
    -2
100
AcDbLine
 10
91301.79104105038
 20
-151912.8775995946
 30
0.0
 11
91354.79104105038
 21
-151912.8775995946
 31
0.0
  0
SOLID
  5
50C
330
505
100
AcDbEntity
  8
0
 62
    55
440
 16777216
100
AcDbTrace
 10
91271.79104105038
 20
-151907.8775995946
 30
0.0
 11
91271.79104105038
 21
-151917.8775995946
 31
0.0
 12
91301.79104105038
 22
-151912.8775995946
 32
0.0
 13
91301.79104105038
 23
-151912.8775995946
 33
0.0
  0
SOLID
  5
50D
330
505
100
AcDbEntity
  8
0
 62
    55
440
 16777216
100
AcDbTrace
 10
91384.79104105038
 20
-151907.8775995946
 30
0.0
 11
91384.79104105038
 21
-151917.8775995946
 31
0.0
 12
91354.79104105038
 22
-151912.8775995946
 32
0.0
 13
91354.79104105038
 23
-151912.8775995946
 33
0.0
  0
MTEXT
  5
50E
330
505
100
AcDbEntity
  8
0
 62
     1
440
 16777216
100
AcDbMText
 10
91328.29104105038
 20
-151885.3775995946
 30
0.0
 40
35.0
 41
0.0
 71
     5
 72
     1
  1
\A1;53
  7
010018$0$DIM
 73
     1
 44
1.0
  0
POINT
  5
50F
330
505
100
AcDbEntity
  8
Defpoints
 62
     0
440
 16777216
100
AcDbPoint
 10
91301.79104105038
 20
-151994.216345954
 30
0.0
  0
POINT
  5
510
330
505
100
AcDbEntity
  8
Defpoints
 62
     0
440
 16777216
100
AcDbPoint
 10
91354.79104105038
 20
-152012.216345954
 30
0.0
  0
POINT
  5
511
330
505
100
AcDbEntity
  8
Defpoints
 62
     0
440
 16777216
100
AcDbPoint
 10
91354.79104105038
 20
-151912.8775995946
 30
0.0
  0
ENDBLK
  5
512
330
505
100
AcDbEntity
  8
0
100
AcDbBlockEnd
  0
BLOCK
  5
51A
330
519
100
AcDbEntity
  8
0
100
AcDbBlockBegin
  2
*D62
 70
     1
 10
0.0
 20
0.0
 30
0.0
  3
*D62
  1

  0
LINE
  5
51B
330
519
100
AcDbEntity
  8
0
 62
    55
440
 16777216
370
    -2
100
AcDbLine
 10
91281.79104105041
 20
-152014.2163459541
 30
0.0
 11
91248.95119859478
 21
-152014.2163459541
 31
0.0
  0
LINE
  5
51C
330
519
100
AcDbEntity
  8
0
 62
    55
440
 16777216
370
    -2
100
AcDbLine
 10
91281.79104105041
 20
-151994.2163459541
 30
0.0
 11
91248.95119859478
 21
-151994.2163459541
 31
0.0
  0
LINE
  5
51D
330
519
100
AcDbEntity
  8
0
 62
    55
440
 16777216
370
    -2
100
AcDbLine
 10
91258.95119859478
 20
-152044.2163459541
 30
0.0
 11
91258.95119859478
 21
-152074.2163459541
 31
0.0
  0
LINE
  5
51E
330
519
100
AcDbEntity
  8
0
 62
    55
440
 16777216
370
    -2
100
AcDbLine
 10
91258.95119859478
 20
-151964.2163459541
 30
0.0
 11
91258.95119859478
 21
-151934.2163459541
 31
0.0
  0
LINE
  5
51F
330
519
100
AcDbEntity
  8
0
 62
    55
440
 16777216
370
    -2
100
AcDbLine
 10
91146.35930480923
 20
-151934.2163459541
 30
0.0
 11
91258.95119859478
 21
-151934.2163459541
 31
0.0
  0
MTEXT
  5
520
330
519
100
AcDbEntity
  8
0
 62
     1
440
 16777216
100
AcDbMText
 10
91187.65525170194
 20
-151906.7163459541
 30
0.0
 40
35.0
 41
0.0
 71
     5
 72
     1
  1
\A1;20
  7
010018$0$DIM
 73
     1
 44
1.0
  0
LINE
  5
521
330
519
100
AcDbEntity
  8
0
 62
    55
440
 16777216
370
    -2
100
AcDbLine
 10
91258.95119859478
 20
-152014.2163459541
 30
0.0
 11
91258.95119859478
 21
-151994.2163459541
 31
0.0
  0
SOLID
  5
522
330
519
100
AcDbEntity
  8
0
 62
    55
440
 16777216
100
AcDbTrace
 10
91253.95119859478
 20
-152044.2163459541
 30
0.0
 11
91263.95119859478
 21
-152044.2163459541
 31
0.0
 12
91258.95119859478
 22
-152014.2163459541
 32
0.0
 13
91258.95119859478
 23
-152014.2163459541
 33
0.0
  0
SOLID
  5
523
330
519
100
AcDbEntity
  8
0
 62
    55
440
 16777216
100
AcDbTrace
 10
91253.95119859478
 20
-151964.2163459541
 30
0.0
 11
91263.95119859478
 21
-151964.2163459541
 31
0.0
 12
91258.95119859478
 22
-151994.2163459541
 32
0.0
 13
91258.95119859478
 23
-151994.2163459541
 33
0.0
  0
POINT
  5
524
330
519
100
AcDbEntity
  8
Defpoints
 62
     0
440
 16777216
100
AcDbPoint
 10
91301.79104105041
 20
-152014.2163459541
 30
0.0
  0
POINT
  5
525
330
519
100
AcDbEntity
  8
Defpoints
 62
     0
440
 16777216
100
AcDbPoint
 10
91301.79104105041
 20
-151994.2163459541
 30
0.0
  0
POINT
  5
526
330
519
100
AcDbEntity
  8
Defpoints
 62
     0
440
 16777216
100
AcDbPoint
 10
91258.95119859478
 20
-151994.2163459541
 30
0.0
  0
ENDBLK
  5
527
330
519
100
AcDbEntity
  8
0
100
AcDbBlockEnd
  0
BLOCK
  5
52B
330
52A
100
AcDbEntity
  8
0
100
AcDbBlockBegin
  2
*D63
 70
     1
 10
0.0
 20
0.0
 30
0.0
  3
*D63
  1

  0
LINE
  5
52C
330
52A
100
AcDbEntity
  8
Dim WidthForAreaNetto
440
 16777216
370
    -2
100
AcDbLine
 10
91374.79104105041
 20
-152099.2163459541
 30
0.0
 11
91519.47856456427
 21
-152099.2163459541
 31
0.0
  0
LINE
  5
52D
330
52A
100
AcDbEntity
  8
Dim WidthForAreaNetto
440
 16777216
370
    -2
100
AcDbLine
 10
91323.79104105041
 20
-151994.2163459541
 30
0.0
 11
91519.47856456427
 21
-151994.2163459541
 31
0.0
  0
LINE
  5
52E
330
52A
100
AcDbEntity
  8
Dim WidthForAreaNetto
440
 16777216
370
    -2
100
AcDbLine
 10
91509.47856456427
 20
-152069.2163459541
 30
0.0
 11
91509.47856456427
 21
-152024.2163459541
 31
0.0
  0
SOLID
  5
52F
330
52A
100
AcDbEntity
  8
Dim WidthForAreaNetto
440
 16777216
100
AcDbTrace
 10
91504.47856456427
 20
-152069.2163459541
 30
0.0
 11
91514.47856456427
 21
-152069.2163459541
 31
0.0
 12
91509.47856456427
 22
-152099.2163459541
 32
0.0
 13
91509.47856456427
 23
-152099.2163459541
 33
0.0
  0
SOLID
  5
530
330
52A
100
AcDbEntity
  8
Dim WidthForAreaNetto
440
 16777216
100
AcDbTrace
 10
91504.47856456427
 20
-152024.2163459541
 30
0.0
 11
91514.47856456427
 21
-152024.2163459541
 31
0.0
 12
91509.47856456427
 22
-151994.2163459541
 32
0.0
 13
91509.47856456427
 23
-151994.2163459541
 33
0.0
  0
MTEXT
  5
531
330
52A
100
AcDbEntity
  8
Dim WidthForAreaNetto
440
 16777216
100
AcDbMText
 10
91481.97856456421
 20
-152046.7163459541
 30
0.0
 40
35.0
 41
0.0
 71
     5
 72
     1
  1
\A1;105
  7
010018$0$DIM
 11
6.123233995736766E-17
 21
1.0
 31
0.0
 73
     1
 44
1.0
  0
POINT
  5
532
330
52A
100
AcDbEntity
  8
Defpoints
 62
     0
440
 16777216
100
AcDbPoint
 10
91354.79104105041
 20
-152099.2163459541
 30
0.0
  0
POINT
  5
533
330
52A
100
AcDbEntity
  8
Defpoints
 62
     0
440
 16777216
100
AcDbPoint
 10
91303.79104105041
 20
-151994.2163459541
 30
0.0
  0
POINT
  5
534
330
52A
100
AcDbEntity
  8
Defpoints
 62
     0
440
 16777216
100
AcDbPoint
 10
91509.47856456427
 20
-151994.2163459541
 30
0.0
  0
ENDBLK
  5
535
330
52A
100
AcDbEntity
  8
0
100
AcDbBlockEnd
  0
BLOCK
  5
556
330
555
100
AcDbEntity
  8
0
100
AcDbBlockBegin
  2
*D64
 70
     1
 10
0.0
 20
0.0
 30
0.0
  3
*D64
  1

  0
LINE
  5
557
330
555
100
AcDbEntity
  8
0
 62
    55
440
 16777216
370
    -2
100
AcDbLine
 10
91354.79104105038
 20
-152119.216345954
 30
0.0
 11
91354.79104105038
 21
-152245.0762004858
 31
0.0
  0
LINE
  5
558
330
555
100
AcDbEntity
  8
0
 62
    55
440
 16777216
370
    -2
100
AcDbLine
 10
91034.79104105038
 20
-152119.216345954
 30
0.0
 11
91034.79104105038
 21
-152245.0762004858
 31
0.0
  0
LINE
  5
559
330
555
100
AcDbEntity
  8
0
 62
    55
440
 16777216
370
    -2
100
AcDbLine
 10
91324.79104105038
 20
-152235.0762004858
 30
0.0
 11
91064.79104105038
 21
-152235.0762004858
 31
0.0
  0
SOLID
  5
55A
330
555
100
AcDbEntity
  8
0
 62
    55
440
 16777216
100
AcDbTrace
 10
91324.79104105038
 20
-152230.0762004858
 30
0.0
 11
91324.79104105038
 21
-152240.0762004858
 31
0.0
 12
91354.79104105038
 22
-152235.0762004858
 32
0.0
 13
91354.79104105038
 23
-152235.0762004858
 33
0.0
  0
SOLID
  5
55B
330
555
100
AcDbEntity
  8
0
 62
    55
440
 16777216
100
AcDbTrace
 10
91064.79104105038
 20
-152230.0762004858
 30
0.0
 11
91064.79104105038
 21
-152240.0762004858
 31
0.0
 12
91034.79104105038
 22
-152235.0762004858
 32
0.0
 13
91034.79104105038
 23
-152235.0762004858
 33
0.0
  0
MTEXT
  5
55C
330
555
100
AcDbEntity
  8
0
 62
     1
440
 16777216
100
AcDbMText
 10
91194.79104105038
 20
-152207.5762004858
 30
0.0
 40
35.0
 41
0.0
 71
     5
 72
     1
  1
\A1;320
  7
010018$0$DIM
 73
     1
 44
1.0
  0
POINT
  5
55D
330
555
100
AcDbEntity
  8
Defpoints
 62
     0
440
 16777216
100
AcDbPoint
 10
91354.79104105038
 20
-152099.216345954
 30
0.0
  0
POINT
  5
55E
330
555
100
AcDbEntity
  8
Defpoints
 62
     0
440
 16777216
100
AcDbPoint
 10
91034.79104105038
 20
-152099.216345954
 30
0.0
  0
POINT
  5
55F
330
555
100
AcDbEntity
  8
Defpoints
 62
     0
440
 16777216
100
AcDbPoint
 10
91034.79104105038
 20
-152235.0762004858
 30
0.0
  0
ENDBLK
  5
560
330
555
100
AcDbEntity
  8
0
100
AcDbBlockEnd
  0
BLOCK
  5
563
330
562
100
AcDbEntity
  8
0
100
AcDbBlockBegin
  2
*D65
 70
     1
 10
0.0
 20
0.0
 30
0.0
  3
*D65
  1

  0
LINE
  5
564
330
562
100
AcDbEntity
  8
Dim WidthForAreaNetto
440
 16777216
370
    -2
100
AcDbLine
 10
91014.79104105041
 20
-151476.2163459541
 30
0.0
 11
90794.02548859407
 21
-151476.2163459541
 31
0.0
  0
LINE
  5
565
330
562
100
AcDbEntity
  8
Dim WidthForAreaNetto
440
 16777216
370
    -2
100
AcDbLine
 10
91014.79104105041
 20
-152099.2163459541
 30
0.0
 11
90794.02548859407
 21
-152099.2163459541
 31
0.0
  0
LINE
  5
566
330
562
100
AcDbEntity
  8
Dim WidthForAreaNetto
440
 16777216
370
    -2
100
AcDbLine
 10
90804.02548859407
 20
-151506.2163459541
 30
0.0
 11
90804.02548859407
 21
-152069.2163459541
 31
0.0
  0
SOLID
  5
567
330
562
100
AcDbEntity
  8
Dim WidthForAreaNetto
440
 16777216
100
AcDbTrace
 10
90799.02548859407
 20
-151506.2163459541
 30
0.0
 11
90809.02548859407
 21
-151506.2163459541
 31
0.0
 12
90804.02548859407
 22
-151476.2163459541
 32
0.0
 13
90804.02548859407
 23
-151476.2163459541
 33
0.0
  0
SOLID
  5
568
330
562
100
AcDbEntity
  8
Dim WidthForAreaNetto
440
 16777216
100
AcDbTrace
 10
90799.02548859407
 20
-152069.2163459541
 30
0.0
 11
90809.02548859407
 21
-152069.2163459541
 31
0.0
 12
90804.02548859407
 22
-152099.2163459541
 32
0.0
 13
90804.02548859407
 23
-152099.2163459541
 33
0.0
  0
MTEXT
  5
569
330
562
100
AcDbEntity
  8
Dim WidthForAreaNetto
440
 16777216
100
AcDbMText
 10
90776.52548859401
 20
-151787.7163459541
 30
0.0
 40
35.0
 41
0.0
 71
     5
 72
     1
  1
\A1;623
  7
010018$0$DIM
 11
6.123233995736766E-17
 21
1.0
 31
0.0
 73
     1
 44
1.0
  0
POINT
  5
56A
330
562
100
AcDbEntity
  8
Defpoints
 62
     0
440
 16777216
100
AcDbPoint
 10
91034.79104105041
 20
-151476.2163459541
 30
0.0
  0
POINT
  5
56B
330
562
100
AcDbEntity
  8
Defpoints
 62
     0
440
 16777216
100
AcDbPoint
 10
91034.79104105041
 20
-152099.2163459541
 30
0.0
  0
POINT
  5
56C
330
562
100
AcDbEntity
  8
Defpoints
 62
     0
440
 16777216
100
AcDbPoint
 10
90804.02548859407
 20
-152099.2163459541
 30
0.0
  0
ENDBLK
  5
56D
330
562
100
AcDbEntity
  8
0
100
AcDbBlockEnd
  0
BLOCK
  5
571
330
570
100
AcDbEntity
  8
0
100
AcDbBlockBegin
  2
*D66
 70
     1
 10
0.0
 20
0.0
 30
0.0
  3
*D66
  1

  0
LINE
  5
572
330
570
100
AcDbEntity
  8
0
 62
    55
440
 16777216
370
    -2
100
AcDbLine
 10
91014.79104105041
 20
-151486.2163459541
 30
0.0
 11
90887.42697199895
 21
-151486.2163459541
 31
0.0
  0
LINE
  5
573
330
570
100
AcDbEntity
  8
0
 62
    55
440
 16777216
370
    -2
100
AcDbLine
 10
91014.79104105041
 20
-152099.2163459541
 30
0.0
 11
90887.42697199895
 21
-152099.2163459541
 31
0.0
  0
LINE
  5
574
330
570
100
AcDbEntity
  8
0
 62
    55
440
 16777216
370
    -2
100
AcDbLine
 10
90897.42697199895
 20
-151516.2163459541
 30
0.0
 11
90897.42697199895
 21
-152069.2163459541
 31
0.0
  0
SOLID
  5
575
330
570
100
AcDbEntity
  8
0
 62
    55
440
 16777216
100
AcDbTrace
 10
90892.42697199895
 20
-151516.2163459541
 30
0.0
 11
90902.42697199895
 21
-151516.2163459541
 31
0.0
 12
90897.42697199895
 22
-151486.2163459541
 32
0.0
 13
90897.42697199895
 23
-151486.2163459541
 33
0.0
  0
SOLID
  5
576
330
570
100
AcDbEntity
  8
0
 62
    55
440
 16777216
100
AcDbTrace
 10
90892.42697199895
 20
-152069.2163459541
 30
0.0
 11
90902.42697199895
 21
-152069.2163459541
 31
0.0
 12
90897.42697199895
 22
-152099.2163459541
 32
0.0
 13
90897.42697199895
 23
-152099.2163459541
 33
0.0
  0
MTEXT
  5
577
330
570
100
AcDbEntity
  8
0
 62
     1
440
 16777216
100
AcDbMText
 10
90869.9269719989
 20
-151792.7163459541
 30
0.0
 40
35.0
 41
0.0
 71
     5
 72
     1
  1
\A1;613
  7
010018$0$DIM
 11
6.123233995736766E-17
 21
1.0
 31
0.0
 73
     1
 44
1.0
  0
POINT
  5
578
330
570
100
AcDbEntity
  8
Defpoints
 62
     0
440
 16777216
100
AcDbPoint
 10
91034.79104105041
 20
-151486.2163459541
 30
0.0
  0
POINT
  5
579
330
570
100
AcDbEntity
  8
Defpoints
 62
     0
440
 16777216
100
AcDbPoint
 10
91034.79104105041
 20
-152099.2163459541
 30
0.0
  0
POINT
  5
57A
330
570
100
AcDbEntity
  8
Defpoints
 62
     0
440
 16777216
100
AcDbPoint
 10
90897.42697199895
 20
-152099.2163459541
 30
0.0
  0
ENDBLK
  5
57B
330
570
100
AcDbEntity
  8
0
100
AcDbBlockEnd
  0
BLOCK
  5
583
330
582
100
AcDbEntity
  8
0
100
AcDbBlockBegin
  2
*D67
 70
     1
 10
0.0
 20
0.0
 30
0.0
  3
*D67
  1

  0
LINE
  5
584
330
582
100
AcDbEntity
  8
0
 62
    55
440
 16777216
370
    -2
100
AcDbLine
 10
94323.1639588641
 20
-151978.3459628396
 30
0.0
 11
94323.1639588641
 21
-151994.1272859766
 31
0.0
  0
LINE
  5
585
330
582
100
AcDbEntity
  8
0
 62
    55
440
 16777216
370
    -2
100
AcDbLine
 10
92347.16395886416
 20
-151978.3459628394
 30
0.0
 11
92347.16395886416
 21
-151994.1272859766
 31
0.0
  0
LINE
  5
586
330
582
100
AcDbEntity
  8
0
 62
    55
440
 16777216
370
    -2
100
AcDbLine
 10
94293.1639588641
 20
-151984.1272859766
 30
0.0
 11
92377.16395886416
 21
-151984.1272859766
 31
0.0
  0
SOLID
  5
587
330
582
100
AcDbEntity
  8
0
 62
    55
440
 16777216
100
AcDbTrace
 10
94293.1639588641
 20
-151979.1272859766
 30
0.0
 11
94293.1639588641
 21
-151989.1272859766
 31
0.0
 12
94323.1639588641
 22
-151984.1272859766
 32
0.0
 13
94323.1639588641
 23
-151984.1272859766
 33
0.0
  0
SOLID
  5
588
330
582
100
AcDbEntity
  8
0
 62
    55
440
 16777216
100
AcDbTrace
 10
92377.16395886416
 20
-151979.1272859766
 30
0.0
 11
92377.16395886416
 21
-151989.1272859766
 31
0.0
 12
92347.16395886416
 22
-151984.1272859766
 32
0.0
 13
92347.16395886416
 23
-151984.1272859766
 33
0.0
  0
MTEXT
  5
589
330
582
100
AcDbEntity
  8
0
 62
     1
440
 16777216
100
AcDbMText
 10
92826.08401968952
 20
-151956.6272859766
 30
0.0
 40
35.0
 41
0.0
 71
     5
 72
     1
  1
\A1;1976
  7
010018$0$DIM
 73
     1
 44
1.0
  0
POINT
  5
58A
330
582
100
AcDbEntity
  8
Defpoints
 62
     0
440
 16777216
100
AcDbPoint
 10
94323.1639588641
 20
-151958.3459628396
 30
0.0
  0
POINT
  5
58B
330
582
100
AcDbEntity
  8
Defpoints
 62
     0
440
 16777216
100
AcDbPoint
 10
92347.16395886416
 20
-151958.3459628394
 30
0.0
  0
POINT
  5
58C
330
582
100
AcDbEntity
  8
Defpoints
 62
     0
440
 16777216
100
AcDbPoint
 10
92347.16395886416
 20
-151984.1272859766
 30
0.0
  0
ENDBLK
  5
58D
330
582
100
AcDbEntity
  8
0
100
AcDbBlockEnd
  0
BLOCK
  5
593
330
592
100
AcDbEntity
  8
0
100
AcDbBlockBegin
  2
*D68
 70
     1
 10
0.0
 20
0.0
 30
0.0
  3
*D68
  1

  0
LINE
  5
594
330
592
100
AcDbEntity
  8
0
 62
    55
440
 16777216
370
    -2
100
AcDbLine
 10
92296.1639588638
 20
-151630.8169963365
 30
0.0
 11
92296.1639588638
 21
-151658.8117048887
 31
0.0
  0
LINE
  5
595
330
592
100
AcDbEntity
  8
0
 62
    55
440
 16777216
370
    -2
100
AcDbLine
 10
92347.16395886375
 20
-151630.8169963365
 30
0.0
 11
92347.16395886375
 21
-151658.8117048887
 31
0.0
  0
LINE
  5
596
330
592
100
AcDbEntity
  8
0
 62
    55
440
 16777216
370
    -2
100
AcDbLine
 10
92266.1639588638
 20
-151648.8117048887
 30
0.0
 11
92236.1639588638
 21
-151648.8117048887
 31
0.0
  0
LINE
  5
597
330
592
100
AcDbEntity
  8
0
 62
    55
440
 16777216
370
    -2
100
AcDbLine
 10
92377.16395886375
 20
-151648.8117048887
 30
0.0
 11
92476.42251931597
 21
-151648.8117048887
 31
0.0
  0
LINE
  5
598
330
592
100
AcDbEntity
  8
0
 62
    55
440
 16777216
370
    -2
100
AcDbLine
 10
92296.1639588638
 20
-151648.8117048887
 30
0.0
 11
92347.16395886375
 21
-151648.8117048887
 31
0.0
  0
SOLID
  5
599
330
592
100
AcDbEntity
  8
0
 62
    55
440
 16777216
100
AcDbTrace
 10
92266.1639588638
 20
-151643.8117048887
 30
0.0
 11
92266.1639588638
 21
-151653.8117048887
 31
0.0
 12
92296.1639588638
 22
-151648.8117048887
 32
0.0
 13
92296.1639588638
 23
-151648.8117048887
 33
0.0
  0
SOLID
  5
59A
330
592
100
AcDbEntity
  8
0
 62
    55
440
 16777216
100
AcDbTrace
 10
92377.16395886375
 20
-151643.8117048887
 30
0.0
 11
92377.16395886375
 21
-151653.8117048887
 31
0.0
 12
92347.16395886375
 22
-151648.8117048887
 32
0.0
 13
92347.16395886375
 23
-151648.8117048887
 33
0.0
  0
MTEXT
  5
59B
330
592
100
AcDbEntity
  8
0
 62
     1
440
 16777216
100
AcDbMText
 10
92441.79323908985
 20
-151621.3117048887
 30
0.0
 40
35.0
 41
0.0
 71
     5
 72
     1
  1
\A1;51
  7
010018$0$DIM
 73
     1
 44
1.0
  0
POINT
  5
59C
330
592
100
AcDbEntity
  8
Defpoints
 62
     0
440
 16777216
100
AcDbPoint
 10
92296.1639588638
 20
-151610.8169963365
 30
0.0
  0
POINT
  5
59D
330
592
100
AcDbEntity
  8
Defpoints
 62
     0
440
 16777216
100
AcDbPoint
 10
92347.16395886375
 20
-151610.8169963365
 30
0.0
  0
POINT
  5
59E
330
592
100
AcDbEntity
  8
Defpoints
 62
     0
440
 16777216
100
AcDbPoint
 10
92347.16395886375
 20
-151648.8117048887
 30
0.0
  0
ENDBLK
  5
59F
330
592
100
AcDbEntity
  8
0
100
AcDbBlockEnd
  0
BLOCK
  5
5A3
330
5A2
100
AcDbEntity
  8
0
100
AcDbBlockBegin
  2
*D69
 70
     1
 10
0.0
 20
0.0
 30
0.0
  3
*D69
  1

  0
LINE
  5
5A4
330
5A2
100
AcDbEntity
  8
0
 62
    55
440
 16777216
370
    -2
100
AcDbLine
 10
92260.16395886421
 20
-151764.5816645666
 30
0.0
 11
92260.16395886421
 21
-151774.5816645666
 31
0.0
  0
LINE
  5
5A5
330
5A2
100
AcDbEntity
  8
0
 62
    55
440
 16777216
370
    -2
100
AcDbLine
 10
92232.16395886421
 20
-151764.5816645666
 30
0.0
 11
92232.16395886421
 21
-151774.5816645666
 31
0.0
  0
LINE
  5
5A6
330
5A2
100
AcDbEntity
  8
0
 62
    55
440
 16777216
370
    -2
100
AcDbLine
 10
92202.16395886421
 20
-151784.5816645666
 30
0.0
 11
92172.16395886421
 21
-151784.5816645666
 31
0.0
  0
LINE
  5
5A7
330
5A2
100
AcDbEntity
  8
0
 62
    55
440
 16777216
370
    -2
100
AcDbLine
 10
92290.16395886421
 20
-151784.5816645666
 30
0.0
 11
92439.1248717008
 21
-151784.5816645666
 31
0.0
  0
LINE
  5
5A8
330
5A2
100
AcDbEntity
  8
0
 62
    55
440
 16777216
370
    -2
100
AcDbLine
 10
92232.16395886421
 20
-151784.5816645666
 30
0.0
 11
92260.16395886421
 21
-151784.5816645666
 31
0.0
  0
SOLID
  5
5A9
330
5A2
100
AcDbEntity
  8
0
 62
    55
440
 16777216
100
AcDbTrace
 10
92202.16395886421
 20
-151779.5816645666
 30
0.0
 11
92202.16395886421
 21
-151789.5816645666
 31
0.0
 12
92232.16395886421
 22
-151784.5816645666
 32
0.0
 13
92232.16395886421
 23
-151784.5816645666
 33
0.0
  0
SOLID
  5
5AA
330
5A2
100
AcDbEntity
  8
0
 62
    55
440
 16777216
100
AcDbTrace
 10
92290.16395886421
 20
-151779.5816645666
 30
0.0
 11
92290.16395886421
 21
-151789.5816645666
 31
0.0
 12
92260.16395886421
 22
-151784.5816645666
 32
0.0
 13
92260.16395886421
 23
-151784.5816645666
 33
0.0
  0
MTEXT
  5
5AB
330
5A2
100
AcDbEntity
  8
0
 62
     1
440
 16777216
100
AcDbMText
 10
92397.60563381434
 20
-151757.0816645666
 30
0.0
 40
35.0
 41
0.0
 71
     5
 72
     1
  1
\A1;28
  7
010018$0$DIM
 73
     1
 44
1.0
  0
POINT
  5
5AC
330
5A2
100
AcDbEntity
  8
Defpoints
 62
     0
440
 16777216
100
AcDbPoint
 10
92260.16395886421
 20
-151784.5816645666
 30
0.0
  0
POINT
  5
5AD
330
5A2
100
AcDbEntity
  8
Defpoints
 62
     0
440
 16777216
100
AcDbPoint
 10
92232.16395886421
 20
-151784.5816645666
 30
0.0
  0
POINT
  5
5AE
330
5A2
100
AcDbEntity
  8
Defpoints
 62
     0
440
 16777216
100
AcDbPoint
 10
92232.16395886421
 20
-151784.5816645666
 30
0.0
  0
ENDBLK
  5
5AF
330
5A2
100
AcDbEntity
  8
0
100
AcDbBlockEnd
  0
BLOCK
  5
5B2
330
5B1
100
AcDbEntity
  8
0
100
AcDbBlockBegin
  2
*D70
 70
     1
 10
0.0
 20
0.0
 30
0.0
  3
*D70
  1

  0
LINE
  5
5B3
330
5B1
100
AcDbEntity
  8
0
 62
    55
440
 16777216
370
    -2
100
AcDbLine
 10
92296.16395886421
 20
-151696.0001244396
 30
0.0
 11
92296.16395886421
 21
-151706.0001244396
 31
0.0
  0
LINE
  5
5B4
330
5B1
100
AcDbEntity
  8
0
 62
    55
440
 16777216
370
    -2
100
AcDbLine
 10
92260.16395886421
 20
-151696.0001244396
 30
0.0
 11
92260.16395886421
 21
-151706.0001244396
 31
0.0
  0
LINE
  5
5B5
330
5B1
100
AcDbEntity
  8
0
 62
    55
440
 16777216
370
    -2
100
AcDbLine
 10
92230.16395886421
 20
-151716.0001244396
 30
0.0
 11
92200.16395886421
 21
-151716.0001244396
 31
0.0
  0
LINE
  5
5B6
330
5B1
100
AcDbEntity
  8
0
 62
    55
440
 16777216
370
    -2
100
AcDbLine
 10
92326.16395886421
 20
-151716.0001244396
 30
0.0
 11
92452.8334812881
 21
-151716.0001244396
 31
0.0
  0
LINE
  5
5B7
330
5B1
100
AcDbEntity
  8
0
 62
    55
440
 16777216
370
    -2
100
AcDbLine
 10
92260.16395886421
 20
-151716.0001244396
 30
0.0
 11
92296.16395886421
 21
-151716.0001244396
 31
0.0
  0
SOLID
  5
5B8
330
5B1
100
AcDbEntity
  8
0
 62
    55
440
 16777216
100
AcDbTrace
 10
92230.16395886421
 20
-151711.0001244396
 30
0.0
 11
92230.16395886421
 21
-151721.0001244396
 31
0.0
 12
92260.16395886421
 22
-151716.0001244396
 32
0.0
 13
92260.16395886421
 23
-151716.0001244396
 33
0.0
  0
SOLID
  5
5B9
330
5B1
100
AcDbEntity
  8
0
 62
    55
440
 16777216
100
AcDbTrace
 10
92326.16395886421
 20
-151711.0001244396
 30
0.0
 11
92326.16395886421
 21
-151721.0001244396
 31
0.0
 12
92296.16395886421
 22
-151716.0001244396
 32
0.0
 13
92296.16395886421
 23
-151716.0001244396
 33
0.0
  0
MTEXT
  5
5BA
330
5B1
100
AcDbEntity
  8
0
 62
     1
440
 16777216
100
AcDbMText
 10
92413.04074070974
 20
-151688.5001244396
 30
0.0
 40
35.0
 41
0.0
 71
     5
 72
     1
  1
\A1;36
  7
010018$0$DIM
 73
     1
 44
1.0
  0
POINT
  5
5BB
330
5B1
100
AcDbEntity
  8
Defpoints
 62
     0
440
 16777216
100
AcDbPoint
 10
92296.16395886421
 20
-151716.0001244396
 30
0.0
  0
POINT
  5
5BC
330
5B1
100
AcDbEntity
  8
Defpoints
 62
     0
440
 16777216
100
AcDbPoint
 10
92260.16395886421
 20
-151716.0001244396
 30
0.0
  0
POINT
  5
5BD
330
5B1
100
AcDbEntity
  8
Defpoints
 62
     0
440
 16777216
100
AcDbPoint
 10
92260.16395886421
 20
-151716.0001244396
 30
0.0
  0
ENDBLK
  5
5BE
330
5B1
100
AcDbEntity
  8
0
100
AcDbBlockEnd
  0
BLOCK
  5
5C6
330
5C5
100
AcDbEntity
  8
0
100
AcDbBlockBegin
  2
*D71
 70
     1
 10
0.0
 20
0.0
 30
0.0
  3
*D71
  1

  0
LINE
  5
5C7
330
5C5
100
AcDbEntity
  8
0
 62
    55
440
 16777216
370
    -2
100
AcDbLine
 10
93669.54384551338
 20
-151439.2163459541
 30
0.0
 11
93676.67827050027
 21
-151439.2163459541
 31
0.0
  0
LINE
  5
5C8
330
5C5
100
AcDbEntity
  8
0
 62
    55
440
 16777216
370
    -2
100
AcDbLine
 10
93666.6782705004
 20
-151400.2163459541
 30
0.0
 11
93676.67827050027
 21
-151400.2163459541
 31
0.0
  0
LINE
  5
5C9
330
5C5
100
AcDbEntity
  8
0
 62
    55
440
 16777216
370
    -2
100
AcDbLine
 10
93686.67827050027
 20
-151370.2163459541
 30
0.0
 11
93686.67827050027
 21
-151340.2163459541
 31
0.0
  0
LINE
  5
5CA
330
5C5
100
AcDbEntity
  8
0
 62
    55
440
 16777216
370
    -2
100
AcDbLine
 10
93686.67827050027
 20
-151469.2163459541
 30
0.0
 11
93686.67827050027
 21
-151553.8583245894
 31
0.0
  0
LINE
  5
5CB
330
5C5
100
AcDbEntity
  8
0
 62
    55
440
 16777216
370
    -2
100
AcDbLine
 10
93686.67827050027
 20
-151553.8583245894
 30
0.0
 11
93617.09278934354
 21
-151553.8583245894
 31
0.0
  0
LINE
  5
5CC
330
5C5
100
AcDbEntity
  8
0
 62
    55
440
 16777216
370
    -2
100
AcDbLine
 10
93686.67827050027
 20
-151400.2163459541
 30
0.0
 11
93686.67827050027
 21
-151439.2163459541
 31
0.0
  0
SOLID
  5
5CD
330
5C5
100
AcDbEntity
  8
0
 62
    55
440
 16777216
100
AcDbTrace
 10
93681.67827050027
 20
-151370.2163459541
 30
0.0
 11
93691.67827050027
 21
-151370.2163459541
 31
0.0
 12
93686.67827050027
 22
-151400.2163459541
 32
0.0
 13
93686.67827050027
 23
-151400.2163459541
 33
0.0
  0
SOLID
  5
5CE
330
5C5
100
AcDbEntity
  8
0
 62
    55
440
 16777216
100
AcDbTrace
 10
93681.67827050027
 20
-151469.2163459541
 30
0.0
 11
93691.67827050027
 21
-151469.2163459541
 31
0.0
 12
93686.67827050027
 22
-151439.2163459541
 32
0.0
 13
93686.67827050027
 23
-151439.2163459541
 33
0.0
  0
MTEXT
  5
5CF
330
5C5
100
AcDbEntity
  8
0
 62
     1
440
 16777216
100
AcDbMText
 10
93646.88552992184
 20
-151526.3583245894
 30
0.0
 40
35.0
 41
0.0
 71
     5
 72
     1
  1
\A1;39
  7
010018$0$DIM
 73
     1
 44
1.0
  0
POINT
  5
5D0
330
5C5
100
AcDbEntity
  8
Defpoints
 62
     0
440
 16777216
100
AcDbPoint
 10
93689.54384551338
 20
-151439.2163459541
 30
0.0
  0
POINT
  5
5D1
330
5C5
100
AcDbEntity
  8
Defpoints
 62
     0
440
 16777216
100
AcDbPoint
 10
93686.6782705004
 20
-151400.2163459541
 30
0.0
  0
POINT
  5
5D2
330
5C5
100
AcDbEntity
  8
Defpoints
 62
     0
440
 16777216
100
AcDbPoint
 10
93686.67827050027
 20
-151400.2163459541
 30
0.0
  0
ENDBLK
  5
5D3
330
5C5
100
AcDbEntity
  8
0
100
AcDbBlockEnd
  0
BLOCK
  5
5D6
330
5D5
100
AcDbEntity
  8
0
100
AcDbBlockBegin
  2
*D72
 70
     1
 10
0.0
 20
0.0
 30
0.0
  3
*D72
  1

  0
LINE
  5
5D7
330
5D5
100
AcDbEntity
  8
0
 62
    55
440
 16777216
370
    -2
100
AcDbLine
 10
93602.38434061468
 20
-151488.2163459541
 30
0.0
 11
93592.38434061472
 21
-151488.2163459541
 31
0.0
  0
LINE
  5
5D8
330
5D5
100
AcDbEntity
  8
0
 62
    55
440
 16777216
370
    -2
100
AcDbLine
 10
93602.38434061468
 20
-151439.2163459541
 30
0.0
 11
93592.38434061472
 21
-151439.2163459541
 31
0.0
  0
LINE
  5
5D9
330
5D5
100
AcDbEntity
  8
0
 62
    55
440
 16777216
370
    -2
100
AcDbLine
 10
93582.38434061472
 20
-151409.2163459541
 30
0.0
 11
93582.38434061472
 21
-151379.2163459541
 31
0.0
  0
LINE
  5
5DA
330
5D5
100
AcDbEntity
  8
0
 62
    55
440
 16777216
370
    -2
100
AcDbLine
 10
93582.38434061472
 20
-151518.2163459541
 30
0.0
 11
93582.38434061472
 21
-151568.0501665079
 31
0.0
  0
LINE
  5
5DB
330
5D5
100
AcDbEntity
  8
0
 62
    55
440
 16777216
370
    -2
100
AcDbLine
 10
93582.38434061472
 20
-151568.0501665079
 30
0.0
 11
93514.13860542014
 21
-151568.0501665079
 31
0.0
  0
LINE
  5
5DC
330
5D5
100
AcDbEntity
  8
0
 62
    55
440
 16777216
370
    -2
100
AcDbLine
 10
93582.38434061472
 20
-151439.2163459541
 30
0.0
 11
93582.38434061472
 21
-151488.2163459541
 31
0.0
  0
SOLID
  5
5DD
330
5D5
100
AcDbEntity
  8
0
 62
    55
440
 16777216
100
AcDbTrace
 10
93577.38434061472
 20
-151409.2163459541
 30
0.0
 11
93587.38434061472
 21
-151409.2163459541
 31
0.0
 12
93582.38434061472
 22
-151439.2163459541
 32
0.0
 13
93582.38434061472
 23
-151439.2163459541
 33
0.0
  0
SOLID
  5
5DE
330
5D5
100
AcDbEntity
  8
0
 62
    55
440
 16777216
100
AcDbTrace
 10
93577.38434061472
 20
-151518.2163459541
 30
0.0
 11
93587.38434061472
 21
-151518.2163459541
 31
0.0
 12
93582.38434061472
 22
-151488.2163459541
 32
0.0
 13
93582.38434061472
 23
-151488.2163459541
 33
0.0
  0
MTEXT
  5
5DF
330
5D5
100
AcDbEntity
  8
0
 62
     1
440
 16777216
100
AcDbMText
 10
93543.26147301738
 20
-151540.5501665079
 30
0.0
 40
35.0
 41
0.0
 71
     5
 72
     1
  1
\A1;49
  7
010018$0$DIM
 73
     1
 44
1.0
  0
POINT
  5
5E0
330
5D5
100
AcDbEntity
  8
Defpoints
 62
     0
440
 16777216
100
AcDbPoint
 10
93582.38434061468
 20
-151488.2163459541
 30
0.0
  0
POINT
  5
5E1
330
5D5
100
AcDbEntity
  8
Defpoints
 62
     0
440
 16777216
100
AcDbPoint
 10
93582.38434061468
 20
-151439.2163459541
 30
0.0
  0
POINT
  5
5E2
330
5D5
100
AcDbEntity
  8
Defpoints
 62
     0
440
 16777216
100
AcDbPoint
 10
93582.38434061472
 20
-151439.2163459541
 30
0.0
  0
ENDBLK
  5
5E3
330
5D5
100
AcDbEntity
  8
0
100
AcDbBlockEnd
  0
BLOCK
  5
5E8
330
5E7
100
AcDbEntity
  8
0
100
AcDbBlockBegin
  2
*D73
 70
     1
 10
0.0
 20
0.0
 30
0.0
  3
*D73
  1

  0
LINE
  5
5E9
330
5E7
100
AcDbEntity
  8
0
 62
    55
440
 16777216
370
    -2
100
AcDbLine
 10
94388.16395886427
 20
-151466.2163459535
 30
0.0
 11
94388.16395886427
 21
-151252.5320476848
 31
0.0
  0
LINE
  5
5EA
330
5E7
100
AcDbEntity
  8
0
 62
    55
440
 16777216
370
    -2
100
AcDbLine
 10
92232.16395886421
 20
-151496.216345954
 30
0.0
 11
92232.16395886421
 21
-151252.5320476848
 31
0.0
  0
LINE
  5
5EB
330
5E7
100
AcDbEntity
  8
0
 62
    55
440
 16777216
370
    -2
100
AcDbLine
 10
94358.16395886427
 20
-151262.5320476848
 30
0.0
 11
92262.16395886421
 21
-151262.5320476848
 31
0.0
  0
SOLID
  5
5EC
330
5E7
100
AcDbEntity
  8
0
 62
    55
440
 16777216
100
AcDbTrace
 10
94358.16395886427
 20
-151257.5320476848
 30
0.0
 11
94358.16395886427
 21
-151267.5320476848
 31
0.0
 12
94388.16395886427
 22
-151262.5320476848
 32
0.0
 13
94388.16395886427
 23
-151262.5320476848
 33
0.0
  0
SOLID
  5
5ED
330
5E7
100
AcDbEntity
  8
0
 62
    55
440
 16777216
100
AcDbTrace
 10
92262.16395886421
 20
-151257.5320476848
 30
0.0
 11
92262.16395886421
 21
-151267.5320476848
 31
0.0
 12
92232.16395886421
 22
-151262.5320476848
 32
0.0
 13
92232.16395886421
 23
-151262.5320476848
 33
0.0
  0
MTEXT
  5
5EE
330
5E7
100
AcDbEntity
  8
0
 62
     1
440
 16777216
100
AcDbMText
 10
93310.16395886424
 20
-151212.5320476848
 30
0.0
 40
60.0
 41
0.0
 71
     5
 72
     1
  1
\A1;2156
  7
010018$0$DIM
 73
     1
 44
1.0
  0
LINE
  5
5EF
330
5E7
100
AcDbEntity
  8
0
 62
    55
440
 16777216
370
    -2
100
AcDbLine
 10
93196.1309796303
 20
-151252.5320476848
 30
0.0
 11
93424.19693809819
 21
-151252.5320476848
 31
0.0
  0
LINE
  5
5F0
330
5E7
100
AcDbEntity
  8
0
 62
    55
440
 16777216
370
    -2
100
AcDbLine
 10
93424.19693809819
 20
-151252.5320476848
 30
0.0
 11
93424.19693809819
 21
-151172.5320476848
 31
0.0
  0
LINE
  5
5F1
330
5E7
100
AcDbEntity
  8
0
 62
    55
440
 16777216
370
    -2
100
AcDbLine
 10
93424.19693809819
 20
-151172.5320476848
 30
0.0
 11
93196.1309796303
 21
-151172.5320476848
 31
0.0
  0
LINE
  5
5F2
330
5E7
100
AcDbEntity
  8
0
 62
    55
440
 16777216
370
    -2
100
AcDbLine
 10
93196.1309796303
 20
-151172.5320476848
 30
0.0
 11
93196.1309796303
 21
-151252.5320476848
 31
0.0
  0
POINT
  5
5F3
330
5E7
100
AcDbEntity
  8
Defpoints
 62
     0
440
 16777216
100
AcDbPoint
 10
94388.16395886427
 20
-151486.2163459535
 30
0.0
  0
POINT
  5
5F4
330
5E7
100
AcDbEntity
  8
Defpoints
 62
     0
440
 16777216
100
AcDbPoint
 10
92232.16395886421
 20
-151516.216345954
 30
0.0
  0
POINT
  5
5F5
330
5E7
100
AcDbEntity
  8
Defpoints
 62
     0
440
 16777216
100
AcDbPoint
 10
92232.16395886421
 20
-151262.5320476848
 30
0.0
  0
ENDBLK
  5
5F6
330
5E7
100
AcDbEntity
  8
0
100
AcDbBlockEnd
  0
BLOCK
  5
5F9
330
5F8
100
AcDbEntity
  8
0
100
AcDbBlockBegin
  2
*D74
 70
     1
 10
0.0
 20
0.0
 30
0.0
  3
*D74
  1

  0
LINE
  5
5FA
330
5F8
100
AcDbEntity
  8
0
 62
    55
440
 16777216
370
    -2
100
AcDbLine
 10
92378.16395886424
 20
-151372.2163459541
 30
0.0
 11
92072.43898017159
 21
-151372.2163459541
 31
0.0
  0
LINE
  5
5FB
330
5F8
100
AcDbEntity
  8
0
 62
    55
440
 16777216
370
    -2
100
AcDbLine
 10
92325.16395886418
 20
-152563.2163459541
 30
0.0
 11
92072.43898017159
 21
-152563.2163459541
 31
0.0
  0
LINE
  5
5FC
330
5F8
100
AcDbEntity
  8
0
 62
    55
440
 16777216
370
    -2
100
AcDbLine
 10
92082.43898017159
 20
-151402.2163459541
 30
0.0
 11
92082.43898017159
 21
-152533.2163459541
 31
0.0
  0
SOLID
  5
5FD
330
5F8
100
AcDbEntity
  8
0
 62
    55
440
 16777216
100
AcDbTrace
 10
92077.43898017159
 20
-151402.2163459541
 30
0.0
 11
92087.43898017159
 21
-151402.2163459541
 31
0.0
 12
92082.43898017159
 22
-151372.2163459541
 32
0.0
 13
92082.43898017159
 23
-151372.2163459541
 33
0.0
  0
SOLID
  5
5FE
330
5F8
100
AcDbEntity
  8
0
 62
    55
440
 16777216
100
AcDbTrace
 10
92077.43898017159
 20
-152533.2163459541
 30
0.0
 11
92087.43898017159
 21
-152533.2163459541
 31
0.0
 12
92082.43898017159
 22
-152563.2163459541
 32
0.0
 13
92082.43898017159
 23
-152563.2163459541
 33
0.0
  0
MTEXT
  5
5FF
330
5F8
100
AcDbEntity
  8
0
 62
     1
440
 16777216
100
AcDbMText
 10
92032.43898017153
 20
-151967.7163459541
 30
0.0
 40
60.0
 41
0.0
 71
     5
 72
     1
  1
\A1;1191
  7
010018$0$DIM
 11
6.123233995736766E-17
 21
1.0
 31
0.0
 73
     1
 44
1.0
  0
LINE
  5
600
330
5F8
100
AcDbEntity
  8
0
 62
    55
440
 16777216
370
    -2
100
AcDbLine
 10
92072.43898017159
 20
-152060.6760556251
 30
0.0
 11
92072.43898017159
 21
-151874.7566362831
 31
0.0
  0
LINE
  5
601
330
5F8
100
AcDbEntity
  8
0
 62
    55
440
 16777216
370
    -2
100
AcDbLine
 10
92072.43898017159
 20
-151874.7566362831
 30
0.0
 11
91992.43898017159
 21
-151874.7566362831
 31
0.0
  0
LINE
  5
602
330
5F8
100
AcDbEntity
  8
0
 62
    55
440
 16777216
370
    -2
100
AcDbLine
 10
91992.43898017159
 20
-151874.7566362831
 30
0.0
 11
91992.43898017159
 21
-152060.6760556251
 31
0.0
  0
LINE
  5
603
330
5F8
100
AcDbEntity
  8
0
 62
    55
440
 16777216
370
    -2
100
AcDbLine
 10
91992.43898017159
 20
-152060.6760556251
 30
0.0
 11
92072.43898017159
 21
-152060.6760556251
 31
0.0
  0
POINT
  5
604
330
5F8
100
AcDbEntity
  8
Defpoints
 62
     0
440
 16777216
100
AcDbPoint
 10
92398.16395886424
 20
-151372.2163459541
 30
0.0
  0
POINT
  5
605
330
5F8
100
AcDbEntity
  8
Defpoints
 62
     0
440
 16777216
100
AcDbPoint
 10
92345.16395886418
 20
-152563.2163459541
 30
0.0
  0
POINT
  5
606
330
5F8
100
AcDbEntity
  8
Defpoints
 62
     0
440
 16777216
100
AcDbPoint
 10
92082.43898017159
 20
-152563.2163459541
 30
0.0
  0
ENDBLK
  5
607
330
5F8
100
AcDbEntity
  8
0
100
AcDbBlockEnd
  0
BLOCK
  5
16F
330
16E
100
AcDbEntity
  8
0
100
AcDbBlockBegin
  2
*D75
 70
     1
 10
0.0
 20
0.0
 30
0.0
  3
*D75
  1

  0
LINE
  5
170
330
16E
100
AcDbEntity
  8
0
 62
    55
440
 16777216
370
    -2
100
AcDbLine
 10
92296.16395886416
 20
-152444.216345954
 30
0.0
 11
92296.16395886416
 21
-152417.526715511
 31
0.0
  0
LINE
  5
171
330
16E
100
AcDbEntity
  8
0
 62
    55
440
 16777216
370
    -2
100
AcDbLine
 10
92258.16395886416
 20
-152444.216345954
 30
0.0
 11
92258.16395886416
 21
-152417.526715511
 31
0.0
  0
LINE
  5
172
330
16E
100
AcDbEntity
  8
0
 62
    55
440
 16777216
370
    -2
100
AcDbLine
 10
92326.16395886416
 20
-152427.526715511
 30
0.0
 11
92356.16395886416
 21
-152427.526715511
 31
0.0
  0
LINE
  5
173
330
16E
100
AcDbEntity
  8
0
 62
    55
440
 16777216
370
    -2
100
AcDbLine
 10
92228.16395886416
 20
-152427.526715511
 30
0.0
 11
92116.91181104076
 21
-152427.526715511
 31
0.0
  0
LINE
  5
174
330
16E
100
AcDbEntity
  8
0
 62
    55
440
 16777216
370
    -2
100
AcDbLine
 10
92296.16395886416
 20
-152427.526715511
 30
0.0
 11
92258.16395886416
 21
-152427.526715511
 31
0.0
  0
SOLID
  5
175
330
16E
100
AcDbEntity
  8
0
 62
    55
440
 16777216
100
AcDbTrace
 10
92326.16395886416
 20
-152422.526715511
 30
0.0
 11
92326.16395886416
 21
-152432.526715511
 31
0.0
 12
92296.16395886416
 22
-152427.526715511
 32
0.0
 13
92296.16395886416
 23
-152427.526715511
 33
0.0
  0
SOLID
  5
176
330
16E
100
AcDbEntity
  8
0
 62
    55
440
 16777216
100
AcDbTrace
 10
92228.16395886416
 20
-152422.526715511
 30
0.0
 11
92228.16395886416
 21
-152432.526715511
 31
0.0
 12
92258.16395886416
 22
-152427.526715511
 32
0.0
 13
92258.16395886416
 23
-152427.526715511
 33
0.0
  0
MTEXT
  5
177
330
16E
100
AcDbEntity
  8
0
 62
     1
440
 16777216
100
AcDbMText
 10
92157.53788495246
 20
-152400.026715511
 30
0.0
 40
35.0
 41
0.0
 71
     5
 72
     1
  1
\A1;38
  7
010018$0$DIM
 73
     1
 44
1.0
  0
POINT
  5
178
330
16E
100
AcDbEntity
  8
Defpoints
 62
     0
440
 16777216
100
AcDbPoint
 10
92296.16395886416
 20
-152464.216345954
 30
0.0
  0
POINT
  5
179
330
16E
100
AcDbEntity
  8
Defpoints
 62
     0
440
 16777216
100
AcDbPoint
 10
92258.16395886416
 20
-152464.216345954
 30
0.0
  0
POINT
  5
17A
330
16E
100
AcDbEntity
  8
Defpoints
 62
     0
440
 16777216
100
AcDbPoint
 10
92258.16395886416
 20
-152427.526715511
 30
0.0
  0
ENDBLK
  5
17B
330
16E
100
AcDbEntity
  8
0
100
AcDbBlockEnd
  0
BLOCK
  5
298
330
297
100
AcDbEntity
  8
0
100
AcDbBlockBegin
  2
*D76
 70
     1
 10
0.0
 20
0.0
 30
0.0
  3
*D76
  1

  0
LINE
  5
299
330
297
100
AcDbEntity
  8
0
 62
    55
440
 16777216
370
    -2
100
AcDbLine
 10
91115.79104105038
 20
-151425.216345954
 30
0.0
 11
91115.79104105038
 21
-151378.5981952687
 31
0.0
  0
LINE
  5
29A
330
297
100
AcDbEntity
  8
0
 62
    55
440
 16777216
370
    -2
100
AcDbLine
 10
91085.79104105038
 20
-151425.216345954
 30
0.0
 11
91085.79104105038
 21
-151378.5981952687
 31
0.0
  0
LINE
  5
29B
330
297
100
AcDbEntity
  8
0
 62
    55
440
 16777216
370
    -2
100
AcDbLine
 10
91145.79104105038
 20
-151388.5981952687
 30
0.0
 11
91175.79104105038
 21
-151388.5981952687
 31
0.0
  0
LINE
  5
29C
330
297
100
AcDbEntity
  8
0
 62
    55
440
 16777216
370
    -2
100
AcDbLine
 10
91055.79104105038
 20
-151388.5981952687
 30
0.0
 11
90944.98547521436
 21
-151388.5981952687
 31
0.0
  0
LINE
  5
29D
330
297
100
AcDbEntity
  8
0
 62
    55
440
 16777216
370
    -2
100
AcDbLine
 10
91115.79104105038
 20
-151388.5981952687
 30
0.0
 11
91085.79104105038
 21
-151388.5981952687
 31
0.0
  0
SOLID
  5
29E
330
297
100
AcDbEntity
  8
0
 62
    55
440
 16777216
100
AcDbTrace
 10
91145.79104105038
 20
-151383.5981952687
 30
0.0
 11
91145.79104105038
 21
-151393.5981952687
 31
0.0
 12
91115.79104105038
 22
-151388.5981952687
 32
0.0
 13
91115.79104105038
 23
-151388.5981952687
 33
0.0
  0
SOLID
  5
29F
330
297
100
AcDbEntity
  8
0
 62
    55
440
 16777216
100
AcDbTrace
 10
91055.79104105038
 20
-151383.5981952687
 30
0.0
 11
91055.79104105038
 21
-151393.5981952687
 31
0.0
 12
91085.79104105038
 22
-151388.5981952687
 32
0.0
 13
91085.79104105038
 23
-151388.5981952687
 33
0.0
  0
MTEXT
  5
2A0
330
297
100
AcDbEntity
  8
0
 62
     1
440
 16777216
100
AcDbMText
 10
90985.38825813237
 20
-151361.0981952687
 30
0.0
 40
35.0
 41
0.0
 71
     5
 72
     1
  1
\A1;30
  7
010018$0$DIM
 73
     1
 44
1.0
  0
POINT
  5
2A1
330
297
100
AcDbEntity
  8
Defpoints
 62
     0
440
 16777216
100
AcDbPoint
 10
91115.79104105038
 20
-151445.216345954
 30
0.0
  0
POINT
  5
2A2
330
297
100
AcDbEntity
  8
Defpoints
 62
     0
440
 16777216
100
AcDbPoint
 10
91085.79104105038
 20
-151445.216345954
 30
0.0
  0
POINT
  5
2A3
330
297
100
AcDbEntity
  8
Defpoints
 62
     0
440
 16777216
100
AcDbPoint
 10
91085.79104105038
 20
-151388.5981952687
 30
0.0
  0
ENDBLK
  5
2A4
330
297
100
AcDbEntity
  8
0
100
AcDbBlockEnd
  0
BLOCK
  5
2CC
330
2CB
100
AcDbEntity
  8
0
100
AcDbBlockBegin
  2
*D77
 70
     1
 10
0.0
 20
0.0
 30
0.0
  3
*D77
  1

  0
LINE
  5
2CD
330
2CB
100
AcDbEntity
  8
0
 62
    55
440
 16777216
370
    -2
100
AcDbLine
 10
95015.55292909248
 20
-151425.216345954
 30
0.0
 11
95015.55292909248
 21
-151378.5981952687
 31
0.0
  0
LINE
  5
2CE
330
2CB
100
AcDbEntity
  8
0
 62
    55
440
 16777216
370
    -2
100
AcDbLine
 10
95045.55292909248
 20
-151425.216345954
 30
0.0
 11
95045.55292909248
 21
-151378.5981952687
 31
0.0
  0
LINE
  5
2CF
330
2CB
100
AcDbEntity
  8
0
 62
    55
440
 16777216
370
    -2
100
AcDbLine
 10
94985.55292909248
 20
-151388.5981952687
 30
0.0
 11
94955.55292909248
 21
-151388.5981952687
 31
0.0
  0
LINE
  5
2D0
330
2CB
100
AcDbEntity
  8
0
 62
    55
440
 16777216
370
    -2
100
AcDbLine
 10
95075.55292909248
 20
-151388.5981952687
 30
0.0
 11
95186.3584949285
 21
-151388.5981952687
 31
0.0
  0
LINE
  5
2D1
330
2CB
100
AcDbEntity
  8
0
 62
    55
440
 16777216
370
    -2
100
AcDbLine
 10
95015.55292909248
 20
-151388.5981952687
 30
0.0
 11
95045.55292909248
 21
-151388.5981952687
 31
0.0
  0
SOLID
  5
2D2
330
2CB
100
AcDbEntity
  8
0
 62
    55
440
 16777216
100
AcDbTrace
 10
94985.55292909248
 20
-151383.5981952687
 30
0.0
 11
94985.55292909248
 21
-151393.5981952687
 31
0.0
 12
95015.55292909248
 22
-151388.5981952687
 32
0.0
 13
95015.55292909248
 23
-151388.5981952687
 33
0.0
  0
SOLID
  5
2D3
330
2CB
100
AcDbEntity
  8
0
 62
    55
440
 16777216
100
AcDbTrace
 10
95075.55292909248
 20
-151383.5981952687
 30
0.0
 11
95075.55292909248
 21
-151393.5981952687
 31
0.0
 12
95045.55292909248
 22
-151388.5981952687
 32
0.0
 13
95045.55292909248
 23
-151388.5981952687
 33
0.0
  0
MTEXT
  5
2D4
330
2CB
100
AcDbEntity
  8
0
 62
     1
440
 16777216
100
AcDbMText
 10
95145.95571201049
 20
-151361.0981952687
 30
0.0
 40
35.0
 41
0.0
 71
     5
 72
     1
  1
\A1;30
  7
010018$0$DIM
 73
     1
 44
1.0
  0
POINT
  5
2D5
330
2CB
100
AcDbEntity
  8
Defpoints
 62
     0
440
 16777216
100
AcDbPoint
 10
95015.55292909248
 20
-151445.216345954
 30
0.0
  0
POINT
  5
2D6
330
2CB
100
AcDbEntity
  8
Defpoints
 62
     0
440
 16777216
100
AcDbPoint
 10
95045.55292909248
 20
-151445.216345954
 30
0.0
  0
POINT
  5
2D7
330
2CB
100
AcDbEntity
  8
Defpoints
 62
     0
440
 16777216
100
AcDbPoint
 10
95045.55292909248
 20
-151388.5981952687
 30
0.0
  0
ENDBLK
  5
2D8
330
2CB
100
AcDbEntity
  8
0
100
AcDbBlockEnd
  0
BLOCK
  5
34E
330
34D
100
AcDbEntity
  8
0
100
AcDbBlockBegin
  2
*D78
 70
     1
 10
0.0
 20
0.0
 30
0.0
  3
*D78
  1

  0
LINE
  5
34F
330
34D
100
AcDbEntity
  8
0
 62
    55
440
 16777216
370
    -2
100
AcDbLine
 10
95025.22946322519
 20
-152097.2163459541
 30
0.0
 11
94989.81482816231
 21
-152097.2163459541
 31
0.0
  0
LINE
  5
350
330
34D
100
AcDbEntity
  8
0
 62
    55
440
 16777216
370
    -2
100
AcDbLine
 10
95025.22946322519
 20
-152115.2163459541
 30
0.0
 11
94989.81482816231
 21
-152115.2163459541
 31
0.0
  0
LINE
  5
351
330
34D
100
AcDbEntity
  8
0
 62
    55
440
 16777216
370
    -2
100
AcDbLine
 10
94999.81482816231
 20
-152067.2163459541
 30
0.0
 11
94999.81482816231
 21
-152037.2163459541
 31
0.0
  0
LINE
  5
352
330
34D
100
AcDbEntity
  8
0
 62
    55
440
 16777216
370
    -2
100
AcDbLine
 10
94999.81482816231
 20
-152145.2163459541
 30
0.0
 11
94999.81482816231
 21
-152175.2163459542
 31
0.0
  0
LINE
  5
353
330
34D
100
AcDbEntity
  8
0
 62
    55
440
 16777216
370
    -2
100
AcDbLine
 10
94999.81482816231
 20
-152175.2163459542
 30
0.0
 11
94941.0349128416
 21
-152175.2163459542
 31
0.0
  0
LINE
  5
354
330
34D
100
AcDbEntity
  8
0
 62
    55
440
 16777216
370
    -2
100
AcDbLine
 10
94999.81482816231
 20
-152097.2163459541
 30
0.0
 11
94999.81482816231
 21
-152115.2163459541
 31
0.0
  0
SOLID
  5
355
330
34D
100
AcDbEntity
  8
0
 62
    55
440
 16777216
100
AcDbTrace
 10
94994.81482816231
 20
-152067.2163459541
 30
0.0
 11
95004.81482816231
 21
-152067.2163459541
 31
0.0
 12
94999.81482816231
 22
-152097.2163459541
 32
0.0
 13
94999.81482816231
 23
-152097.2163459541
 33
0.0
  0
SOLID
  5
356
330
34D
100
AcDbEntity
  8
0
 62
    55
440
 16777216
100
AcDbTrace
 10
94994.81482816231
 20
-152145.2163459541
 30
0.0
 11
95004.81482816231
 21
-152145.2163459541
 31
0.0
 12
94999.81482816231
 22
-152115.2163459541
 32
0.0
 13
94999.81482816231
 23
-152115.2163459541
 33
0.0
  0
MTEXT
  5
357
330
34D
100
AcDbEntity
  8
0
 62
     1
440
 16777216
100
AcDbMText
 10
94965.4248705019
 20
-152147.7163459542
 30
0.0
 40
35.0
 41
0.0
 71
     5
 72
     1
  1
\A1;18
  7
010018$0$DIM
 73
     1
 44
1.0
  0
POINT
  5
358
330
34D
100
AcDbEntity
  8
Defpoints
 62
     0
440
 16777216
100
AcDbPoint
 10
95045.22946322519
 20
-152097.2163459541
 30
0.0
  0
POINT
  5
359
330
34D
100
AcDbEntity
  8
Defpoints
 62
     0
440
 16777216
100
AcDbPoint
 10
95045.22946322519
 20
-152115.2163459541
 30
0.0
  0
POINT
  5
35A
330
34D
100
AcDbEntity
  8
Defpoints
 62
     0
440
 16777216
100
AcDbPoint
 10
94999.81482816231
 20
-152115.2163459541
 30
0.0
  0
ENDBLK
  5
35B
330
34D
100
AcDbEntity
  8
0
100
AcDbBlockEnd
  0
BLOCK
  5
35E
330
35D
100
AcDbEntity
  8
0
100
AcDbBlockBegin
  2
*D79
 70
     1
 10
0.0
 20
0.0
 30
0.0
  3
*D79
  1

  0
LINE
  5
35F
330
35D
100
AcDbEntity
  8
0
 62
    55
440
 16777216
370
    -2
100
AcDbLine
 10
95096.22946322516
 20
-152119.216345954
 30
0.0
 11
95096.22946322516
 21
-152216.219628181
 31
0.0
  0
LINE
  5
360
330
35D
100
AcDbEntity
  8
0
 62
    55
440
 16777216
370
    -2
100
AcDbLine
 10
95045.22946322516
 20
-152135.216345954
 30
0.0
 11
95045.22946322516
 21
-152216.219628181
 31
0.0
  0
LINE
  5
361
330
35D
100
AcDbEntity
  8
0
 62
    55
440
 16777216
370
    -2
100
AcDbLine
 10
95126.22946322516
 20
-152206.219628181
 30
0.0
 11
95156.22946322516
 21
-152206.219628181
 31
0.0
  0
LINE
  5
362
330
35D
100
AcDbEntity
  8
0
 62
    55
440
 16777216
370
    -2
100
AcDbLine
 10
95015.22946322516
 20
-152206.219628181
 30
0.0
 11
94985.22946322516
 21
-152206.219628181
 31
0.0
  0
LINE
  5
363
330
35D
100
AcDbEntity
  8
0
 62
    55
440
 16777216
370
    -2
100
AcDbLine
 10
95096.22946322516
 20
-152206.219628181
 30
0.0
 11
95045.22946322516
 21
-152206.219628181
 31
0.0
  0
SOLID
  5
364
330
35D
100
AcDbEntity
  8
0
 62
    55
440
 16777216
100
AcDbTrace
 10
95126.22946322516
 20
-152201.219628181
 30
0.0
 11
95126.22946322516
 21
-152211.219628181
 31
0.0
 12
95096.22946322516
 22
-152206.219628181
 32
0.0
 13
95096.22946322516
 23
-152206.219628181
 33
0.0
  0
SOLID
  5
365
330
35D
100
AcDbEntity
  8
0
 62
    55
440
 16777216
100
AcDbTrace
 10
95015.22946322516
 20
-152201.219628181
 30
0.0
 11
95015.22946322516
 21
-152211.219628181
 31
0.0
 12
95045.22946322516
 22
-152206.219628181
 32
0.0
 13
95045.22946322516
 23
-152206.219628181
 33
0.0
  0
MTEXT
  5
366
330
35D
100
AcDbEntity
  8
0
 62
     1
440
 16777216
100
AcDbMText
 10
95070.72946322516
 20
-152178.719628181
 30
0.0
 40
35.0
 41
0.0
 71
     5
 72
     1
  1
\A1;51
  7
010018$0$DIM
 73
     1
 44
1.0
  0
POINT
  5
367
330
35D
100
AcDbEntity
  8
Defpoints
 62
     0
440
 16777216
100
AcDbPoint
 10
95096.22946322516
 20
-152099.216345954
 30
0.0
  0
POINT
  5
368
330
35D
100
AcDbEntity
  8
Defpoints
 62
     0
440
 16777216
100
AcDbPoint
 10
95045.22946322516
 20
-152115.216345954
 30
0.0
  0
POINT
  5
369
330
35D
100
AcDbEntity
  8
Defpoints
 62
     0
440
 16777216
100
AcDbPoint
 10
95045.22946322516
 20
-152206.219628181
 30
0.0
  0
ENDBLK
  5
36A
330
35D
100
AcDbEntity
  8
0
100
AcDbBlockEnd
  0
BLOCK
  5
427
330
426
100
AcDbEntity
  8
0
100
AcDbBlockBegin
  2
*D80
 70
     1
 10
0.0
 20
0.0
 30
0.0
  3
*D80
  1

  0
LINE
  5
428
330
426
100
AcDbEntity
  8
0
 62
    55
440
 16777216
370
    -2
100
AcDbLine
 10
92287.16395886418
 20
-153070.3859369281
 30
0.0
 11
92256.786054295
 21
-153070.3859369281
 31
0.0
  0
LINE
  5
429
330
426
100
AcDbEntity
  8
0
 62
    55
440
 16777216
370
    -2
100
AcDbLine
 10
92287.16395886418
 20
-153040.3859369281
 30
0.0
 11
92256.786054295
 21
-153040.3859369281
 31
0.0
  0
LINE
  5
42A
330
426
100
AcDbEntity
  8
0
 62
    55
440
 16777216
370
    -2
100
AcDbLine
 10
92266.786054295
 20
-153010.3859369281
 30
0.0
 11
92266.786054295
 21
-152980.3859369281
 31
0.0
  0
LINE
  5
42B
330
426
100
AcDbEntity
  8
0
 62
    55
440
 16777216
370
    -2
100
AcDbLine
 10
92266.786054295
 20
-153100.3859369281
 30
0.0
 11
92266.786054295
 21
-153148.620267884
 31
0.0
  0
LINE
  5
42C
330
426
100
AcDbEntity
  8
0
 62
    55
440
 16777216
370
    -2
100
AcDbLine
 10
92266.786054295
 20
-153148.620267884
 30
0.0
 11
92195.98048845898
 21
-153148.620267884
 31
0.0
  0
LINE
  5
42D
330
426
100
AcDbEntity
  8
0
 62
    55
440
 16777216
370
    -2
100
AcDbLine
 10
92266.786054295
 20
-153040.3859369281
 30
0.0
 11
92266.786054295
 21
-153070.3859369281
 31
0.0
  0
SOLID
  5
42E
330
426
100
AcDbEntity
  8
0
 62
    55
440
 16777216
100
AcDbTrace
 10
92261.786054295
 20
-153010.3859369281
 30
0.0
 11
92271.786054295
 21
-153010.3859369281
 31
0.0
 12
92266.786054295
 22
-153040.3859369281
 32
0.0
 13
92266.786054295
 23
-153040.3859369281
 33
0.0
  0
SOLID
  5
42F
330
426
100
AcDbEntity
  8
0
 62
    55
440
 16777216
100
AcDbTrace
 10
92261.786054295
 20
-153100.3859369281
 30
0.0
 11
92271.786054295
 21
-153100.3859369281
 31
0.0
 12
92266.786054295
 22
-153070.3859369281
 32
0.0
 13
92266.786054295
 23
-153070.3859369281
 33
0.0
  0
MTEXT
  5
430
330
426
100
AcDbEntity
  8
0
 62
     1
440
 16777216
100
AcDbMText
 10
92226.38327137694
 20
-153121.120267884
 30
0.0
 40
35.0
 41
0.0
 71
     5
 72
     1
  1
\A1;30
  7
010018$0$DIM
 73
     1
 44
1.0
  0
POINT
  5
431
330
426
100
AcDbEntity
  8
Defpoints
 62
     0
440
 16777216
100
AcDbPoint
 10
92307.16395886418
 20
-153070.3859369281
 30
0.0
  0
POINT
  5
432
330
426
100
AcDbEntity
  8
Defpoints
 62
     0
440
 16777216
100
AcDbPoint
 10
92307.16395886418
 20
-153040.3859369281
 30
0.0
  0
POINT
  5
433
330
426
100
AcDbEntity
  8
Defpoints
 62
     0
440
 16777216
100
AcDbPoint
 10
92266.786054295
 20
-153040.3859369281
 30
0.0
  0
ENDBLK
  5
434
330
426
100
AcDbEntity
  8
0
100
AcDbBlockEnd
  0
BLOCK
  5
484
330
483
100
AcDbEntity
  8
0
100
AcDbBlockBegin
  2
*D81
 70
     1
 10
0.0
 20
0.0
 30
0.0
  3
*D81
  1

  0
LINE
  5
485
330
483
100
AcDbEntity
  8
0
 62
    55
440
 16777216
370
    -2
100
AcDbLine
 10
92345.16421336353
 20
-151039.155767835
 30
0.0
 11
92345.16421336353
 21
-150953.9791449361
 31
0.0
  0
LINE
  5
486
330
483
100
AcDbEntity
  8
0
 62
    55
440
 16777216
370
    -2
100
AcDbLine
 10
94325.1639588641
 20
-151039.155767835
 30
0.0
 11
94325.1639588641
 21
-150953.9791449361
 31
0.0
  0
LINE
  5
487
330
483
100
AcDbEntity
  8
0
 62
    55
440
 16777216
370
    -2
100
AcDbLine
 10
92375.16421336353
 20
-150963.9791449361
 30
0.0
 11
94295.1639588641
 21
-150963.9791449361
 31
0.0
  0
SOLID
  5
488
330
483
100
AcDbEntity
  8
0
 62
    55
440
 16777216
100
AcDbTrace
 10
92375.16421336353
 20
-150958.9791449361
 30
0.0
 11
92375.16421336353
 21
-150968.9791449361
 31
0.0
 12
92345.16421336353
 22
-150963.9791449361
 32
0.0
 13
92345.16421336353
 23
-150963.9791449361
 33
0.0
  0
SOLID
  5
489
330
483
100
AcDbEntity
  8
0
 62
    55
440
 16777216
100
AcDbTrace
 10
94295.1639588641
 20
-150958.9791449361
 30
0.0
 11
94295.1639588641
 21
-150968.9791449361
 31
0.0
 12
94325.1639588641
 22
-150963.9791449361
 32
0.0
 13
94325.1639588641
 23
-150963.9791449361
 33
0.0
  0
MTEXT
  5
48A
330
483
100
AcDbEntity
  8
0
 62
     1
440
 16777216
100
AcDbMText
 10
93335.16408611381
 20
-150936.4791449361
 30
0.0
 40
35.0
 41
0.0
 71
     5
 72
     1
  1
\A1;1980
  7
010018$0$DIM
 73
     1
 44
1.0
  0
POINT
  5
48B
330
483
100
AcDbEntity
  8
Defpoints
 62
     0
440
 16777216
100
AcDbPoint
 10
92345.16421336353
 20
-151059.155767835
 30
0.0
  0
POINT
  5
48C
330
483
100
AcDbEntity
  8
Defpoints
 62
     0
440
 16777216
100
AcDbPoint
 10
94325.1639588641
 20
-151059.155767835
 30
0.0
  0
POINT
  5
48D
330
483
100
AcDbEntity
  8
Defpoints
 62
     0
440
 16777216
100
AcDbPoint
 10
94325.1639588641
 20
-150963.9791449361
 30
0.0
  0
ENDBLK
  5
48E
330
483
100
AcDbEntity
  8
0
100
AcDbBlockEnd
  0
BLOCK
  5
538
330
537
100
AcDbEntity
  8
0
100
AcDbBlockBegin
  2
*D82
 70
     1
 10
0.0
 20
0.0
 30
0.0
  3
*D82
  1

  0
LINE
  5
539
330
537
100
AcDbEntity
  8
0
 62
    55
440
 16777216
370
    -2
100
AcDbLine
 10
91374.79104105041
 20
-152099.2163459541
 30
0.0
 11
91448.11755718765
 21
-152099.2163459541
 31
0.0
  0
LINE
  5
53A
330
537
100
AcDbEntity
  8
0
 62
    55
440
 16777216
370
    -2
100
AcDbLine
 10
91374.79104105041
 20
-152012.2163459541
 30
0.0
 11
91448.11755718765
 21
-152012.2163459541
 31
0.0
  0
LINE
  5
53B
330
537
100
AcDbEntity
  8
0
 62
    55
440
 16777216
370
    -2
100
AcDbLine
 10
91438.11755718765
 20
-152069.2163459541
 30
0.0
 11
91438.11755718765
 21
-152042.2163459541
 31
0.0
  0
SOLID
  5
53C
330
537
100
AcDbEntity
  8
0
 62
    55
440
 16777216
100
AcDbTrace
 10
91433.11755718765
 20
-152069.2163459541
 30
0.0
 11
91443.11755718765
 21
-152069.2163459541
 31
0.0
 12
91438.11755718765
 22
-152099.2163459541
 32
0.0
 13
91438.11755718765
 23
-152099.2163459541
 33
0.0
  0
SOLID
  5
53D
330
537
100
AcDbEntity
  8
0
 62
    55
440
 16777216
100
AcDbTrace
 10
91433.11755718765
 20
-152042.2163459541
 30
0.0
 11
91443.11755718765
 21
-152042.2163459541
 31
0.0
 12
91438.11755718765
 22
-152012.2163459541
 32
0.0
 13
91438.11755718765
 23
-152012.2163459541
 33
0.0
  0
MTEXT
  5
53E
330
537
100
AcDbEntity
  8
0
 62
     1
440
 16777216
100
AcDbMText
 10
91410.6175571876
 20
-152045.2163459541
 30
0.0
 40
35.0
 41
0.0
 71
     5
 72
     1
  1
\A1;87
  7
010018$0$DIM
 11
6.123233995736766E-17
 21
1.0
 31
0.0
 73
     1
 44
1.0
  0
POINT
  5
53F
330
537
100
AcDbEntity
  8
Defpoints
 62
     0
440
 16777216
100
AcDbPoint
 10
91354.79104105041
 20
-152099.2163459541
 30
0.0
  0
POINT
  5
540
330
537
100
AcDbEntity
  8
Defpoints
 62
     0
440
 16777216
100
AcDbPoint
 10
91354.79104105041
 20
-152012.2163459541
 30
0.0
  0
POINT
  5
541
330
537
100
AcDbEntity
  8
Defpoints
 62
     0
440
 16777216
100
AcDbPoint
 10
91438.11755718765
 20
-152012.2163459541
 30
0.0
  0
ENDBLK
  5
542
330
537
100
AcDbEntity
  8
0
100
AcDbBlockEnd
  0
BLOCK
  5
547
330
546
100
AcDbEntity
  8
0
100
AcDbBlockBegin
  2
*D83
 70
     1
 10
0.0
 20
0.0
 30
0.0
  3
*D83
  1

  0
LINE
  5
548
330
546
100
AcDbEntity
  8
Dim WidthForAreaNetto
440
 16777216
370
    -2
100
AcDbLine
 10
91034.79104105038
 20
-152119.216345954
 30
0.0
 11
91034.79104105038
 21
-152324.3057234056
 31
0.0
  0
LINE
  5
549
330
546
100
AcDbEntity
  8
Dim WidthForAreaNetto
440
 16777216
370
    -2
100
AcDbLine
 10
91354.79104105038
 20
-152119.216345954
 30
0.0
 11
91354.79104105038
 21
-152324.3057234056
 31
0.0
  0
LINE
  5
54A
330
546
100
AcDbEntity
  8
Dim WidthForAreaNetto
440
 16777216
370
    -2
100
AcDbLine
 10
91064.79104105038
 20
-152314.3057234056
 30
0.0
 11
91324.79104105038
 21
-152314.3057234056
 31
0.0
  0
SOLID
  5
54B
330
546
100
AcDbEntity
  8
Dim WidthForAreaNetto
440
 16777216
100
AcDbTrace
 10
91064.79104105038
 20
-152309.3057234056
 30
0.0
 11
91064.79104105038
 21
-152319.3057234056
 31
0.0
 12
91034.79104105038
 22
-152314.3057234056
 32
0.0
 13
91034.79104105038
 23
-152314.3057234056
 33
0.0
  0
SOLID
  5
54C
330
546
100
AcDbEntity
  8
Dim WidthForAreaNetto
440
 16777216
100
AcDbTrace
 10
91324.79104105038
 20
-152309.3057234056
 30
0.0
 11
91324.79104105038
 21
-152319.3057234056
 31
0.0
 12
91354.79104105038
 22
-152314.3057234056
 32
0.0
 13
91354.79104105038
 23
-152314.3057234056
 33
0.0
  0
MTEXT
  5
54D
330
546
100
AcDbEntity
  8
Dim WidthForAreaNetto
440
 16777216
100
AcDbMText
 10
91194.79104105038
 20
-152286.8057234056
 30
0.0
 40
35.0
 41
0.0
 71
     5
 72
     1
  1
\A1;320
  7
010018$0$DIM
 73
     1
 44
1.0
  0
POINT
  5
54E
330
546
100
AcDbEntity
  8
Defpoints
 62
     0
440
 16777216
100
AcDbPoint
 10
91034.79104105038
 20
-152099.216345954
 30
0.0
  0
POINT
  5
54F
330
546
100
AcDbEntity
  8
Defpoints
 62
     0
440
 16777216
100
AcDbPoint
 10
91354.79104105038
 20
-152099.216345954
 30
0.0
  0
POINT
  5
550
330
546
100
AcDbEntity
  8
Defpoints
 62
     0
440
 16777216
100
AcDbPoint
 10
91354.79104105038
 20
-152314.3057234056
 30
0.0
  0
ENDBLK
  5
551
330
546
100
AcDbEntity
  8
0
100
AcDbBlockEnd
  0
ENDSEC
  0
SECTION
  2
ENTITIES
  0
INSERT
  5
72
330
2
100
AcDbEntity
  8
0
100
AcDbBlockReference
  2
TitleProfilesTable
 10
91760.85011360265
 20
-153632.103314986
 30
0.0
 41
0.7601996609202901
 42
0.7601996609202901
1001
PSPanelO
1002
{
1000
6051212494901
1000
6051212494901
1000
0
1000
6
1000
ללא צבע
1000
Omega-25_40_50
1005
0
1011
91760.85011360265
1021
-153632.103314986
1031
0.0
1002
}
  0
INSERT
  5
90
330
2
100
AcDbEntity
  8
0
100
AcDbBlockReference
 66
     1
  2
Omega-25_40_50
 10
90468.51069003815
 20
-153798.6630606936
 30
0.0
 41
0.7601996609202901
 42
0.7601996609202901
1001
PSPanelO
1002
{
1000
6051212494901
1000
6051212494901
1000
0
1000
6
1000
ללא צבע
1000
Omega-25_40_50
1011
91760.85011360265
1021
-153524.763122864
1031
0.0
1000
1
1002
}
  0
ATTRIB
  5
E8
330
90
100
AcDbEntity
  8
A-STRS-1
100
AcDbText
 10
90463.72055979112
 20
-153831.4824126955
 30
0.0
 40
26.60698813221016
  1
OMEGA-5
 51
350.0
  7
HEBTXT
 72
     2
 11
90641.10048067253
 21
-153818.1789186294
 31
0.0
100
AcDbAttribute
  2
OMEGA-25*40*50
 70
     1
 74
     2
1001
AcDbAttr
1070
     0
1070
     1
  0
SEQEND
  5
E9
330
90
100
AcDbEntity
  8
0
  0
INSERT
  5
EA
330
2
100
AcDbEntity
  8
0
100
AcDbBlockReference
 66
     1
  2
LineProfilesTable
 10
91760.85011360265
 20
-153798.6630606936
 30
0.0
 41
0.7601996609202901
 42
0.7601996609202901
1001
PSPanelO
1002
{
1000
6051212494901
1000
6051212494901
1000
0
1000
6
1000
ללא צבע
1000
Omega-25_40_50
1005
0
1011
91760.85011360265
1021
-153798.6630606936
1031
0.0
1000
1
1002
}
  0
ATTRIB
  5
10C
330
EA
100
AcDbEntity
  8
A-STRS-1
100
AcDbText
 10
90279.2497482225
 20
-153840.6349073662
 30
-43097.28430684599
 40
27.36718779313044
  1
OMEGA-129
 41
0.8000000000000002
 51
350.0
  7
HEBTXT
 72
     2
 11
90461.69766684336
 21
-153826.9513134696
 31
-43097.28430684599
100
AcDbAttribute
  2
סוג
 70
     0
 74
     2
1001
AcDbAttr
1070
     0
1070
     1
  0
ATTRIB
  5
10D
330
EA
100
AcDbEntity
  8
A-STRS-1
100
AcDbText
 10
90548.33497367743
 20
-153946.5094881106
 30
-43097.28430684599
 40
44.09158033337683
  1
’– €
 41
0.8000000000000002
 51
350.0
  7
HEBTXT
 72
     4
 11
90661.63513541754
 21
-153921.7079741731
 31
-43097.28430684599
100
AcDbAttribute
  2
צבע
 70
     0
1001
AcadAnnotative
1000
AnnotativeData
1002
{
1070
     1
1070
     0
1002
}
1001
AcDbAttr
1070
     0
1070
     1
  0
ATTRIB
  5
10E
330
EA
100
AcDbEntity
  8
A-STRS-1
100
AcDbText
 10
90924.60696977226
 20
-153943.4530032188
 30
-43097.28430684599
 40
44.09158033337683
  1
603
 41
0.8000000000000002
 51
350.0
 72
     4
 11
90965.71499978566
 21
-153921.7079741731
 31
-43097.28430684599
100
AcDbAttribute
  2
אורך
 70
     0
1001
AcadAnnotative
1000
AnnotativeData
1002
{
1070
     1
1070
     0
1002
}
1001
AcDbAttr
1070
     0
1070
     1
  0
ATTRIB
  5
10F
330
EA
100
AcDbEntity
  8
A-STRS-1
100
AcDbText
 10
91180.07222139061
 20
-153943.4680412748
 30
-43097.28430684599
 40
44.09158033337683
  1
0
 41
0.8000000000000002
 51
350.0
 72
     4
 11
91193.77489806175
 21
-153921.7079741731
 31
-43097.28430684599
100
AcDbAttribute
  2
חיתוך_במעלות
 70
     0
1001
AcadAnnotative
1000
AnnotativeData
1002
{
1070
     1
1070
     0
1002
}
1001
AcDbAttr
1070
     0
1070
     1
  0
ATTRIB
  5
110
330
EA
100
AcDbEntity
  8
A-STRS-1
100
AcDbText
 10
91436.79349319686
 20
-153943.7537643398
 30
-43097.28430684599
 40
44.09158033337683
  1
0
 51
10.0
  7
TEXTHEB
 71
     2
 72
     4
 11
91422.0962997524
 21
-153921.7079741731
 31
-43097.28430684599
100
AcDbAttribute
  2
צד_חיתוך
 70
     0
1001
AcDbAttr
1070
     0
1070
     1
  0
ATTRIB
  5
111
330
EA
100
AcDbEntity
  8
A-STRS-1
100
AcDbText
 10
91636.19201794278
 20
-153943.8439926761
 30
-43097.28430684599
 40
44.09158033337683
  1
1
 41
0.8000000000000002
 51
350.0
 72
     4
 11
91649.89469461392
 21
-153921.7079741731
 31
-43097.28430684599
100
AcDbAttribute
  2
כמות_יחידות
 70
     0
1001
AcadAnnotative
1000
AnnotativeData
1002
{
1070
     1
1070
     0
1002
}
1001
AcDbAttr
1070
     0
1070
     1
  0
SEQEND
  5
112
330
EA
100
AcDbEntity
  8
0
  0
DIMENSION
  5
113
330
2
100
AcDbEntity
  8
0
100
AcDbDimension
  2
*D9
 10
92345.16395886424
 20
-152645.216345954
 30
0.0
 11
92244.76117594625
 21
-152617.7163459541
 31
0.0
 71
     5
 42
50.0
  3
PANELIM
100
AcDbAlignedDimension
 13
92395.16395886417
 23
-152554.716345954
 33
0.0
 14
92345.16395886416
 24
-152545.216345954
 34
0.0
 50
180.000000000044
100
AcDbRotatedDimension
1001
PSPanelH
1002
{
1000
6051215072178
1000
6051215072178
1002
}
  0
DIMENSION
  5
123
330
2
100
AcDbEntity
  8
0
100
AcDbDimension
  2
*D10
 10
92395.16395886424
 20
-152645.216345954
 30
0.0
 11
92572.22645886418
 21
-152617.7163459539
 31
0.0
 71
     5
 42
354.1249999999418
  3
PANELIM
100
AcDbAlignedDimension
 13
92749.28895886411
 23
-152554.7163459537
 33
0.0
 14
92395.16395886417
 24
-152554.716345954
 34
0.0
 50
180.000000000044
100
AcDbRotatedDimension
1001
PSPanelH
1002
{
1000
6051215072178
1000
6051215072178
1002
}
1001
ACAD
1000
DSTYLE
1002
{
1070
   271
1070
     1
1002
}
  0
LWPOLYLINE
  5
130
330
2
100
AcDbEntity
  8
CONTOR
100
AcDbPolyline
 90
        4
 70
     1
 43
0.0
 10
92401.16395886417
 20
-152556.216345954
 10
92389.16395886417
 20
-152556.216345954
 10
92389.16395886417
 20
-152553.216345954
 10
92401.16395886417
 20
-152553.216345954
1001
PSPanelH
1002
{
1000
6051215072178
1000
6051215072178
1002
}
  0
DIMENSION
  5
133
330
2
100
AcDbEntity
  8
0
100
AcDbDimension
  2
*D11
 10
92749.28895886418
 20
-152645.2163459537
 30
0.0
 11
92926.35145886413
 21
-152617.7163459536
 31
0.0
 71
     5
 42
354.1249999999418
  3
PANELIM
100
AcDbAlignedDimension
 13
93103.41395886405
 23
-152554.7163459535
 33
0.0
 14
92749.28895886411
 24
-152554.7163459537
 34
0.0
 50
180.000000000044
100
AcDbRotatedDimension
1001
PSPanelH
1002
{
1000
6051215072178
1000
6051215072178
1002
}
1001
ACAD
1000
DSTYLE
1002
{
1070
   271
1070
     1
1002
}
  0
LWPOLYLINE
  5
140
330
2
100
AcDbEntity
  8
CONTOR
100
AcDbPolyline
 90
        4
 70
     1
 43
0.0
 10
92755.28895886411
 20
-152556.2163459537
 10
92743.28895886411
 20
-152556.2163459537
 10
92743.28895886411
 20
-152553.2163459537
 10
92755.28895886411
 20
-152553.2163459537
1001
PSPanelH
1002
{
1000
6051215072178
1000
6051215072178
1002
}
  0
DIMENSION
  5
141
330
2
100
AcDbEntity
  8
0
100
AcDbDimension
  2
*D12
 10
93103.41395886413
 20
-152645.2163459535
 30
0.0
 11
93280.47645886407
 21
-152617.7163459533
 31
0.0
 71
     5
 42
354.1249999999418
  3
PANELIM
100
AcDbAlignedDimension
 13
93457.538958864
 23
-152554.7163459532
 33
0.0
 14
93103.41395886405
 24
-152554.7163459535
 34
0.0
 50
180.000000000044
100
AcDbRotatedDimension
1001
PSPanelH
1002
{
1000
6051215072178
1000
6051215072178
1002
}
1001
ACAD
1000
DSTYLE
1002
{
1070
   271
1070
     1
1002
}
  0
LWPOLYLINE
  5
14E
330
2
100
AcDbEntity
  8
CONTOR
100
AcDbPolyline
 90
        4
 70
     1
 43
0.0
 10
93109.41395886405
 20
-152556.2163459535
 10
93097.41395886405
 20
-152556.2163459535
 10
93097.41395886405
 20
-152553.2163459535
 10
93109.41395886405
 20
-152553.2163459535
1001
PSPanelH
1002
{
1000
6051215072178
1000
6051215072178
1002
}
  0
DIMENSION
  5
14F
330
2
100
AcDbEntity
  8
0
100
AcDbDimension
  2
*D13
 10
93457.53895886407
 20
-152645.2163459532
 30
0.0
 11
93634.60145886401
 21
-152617.7163459531
 31
0.0
 71
     5
 42
354.1249999999418
  3
PANELIM
100
AcDbAlignedDimension
 13
93811.66395886394
 23
-152554.7163459529
 33
0.0
 14
93457.538958864
 24
-152554.7163459532
 34
0.0
 50
180.000000000044
100
AcDbRotatedDimension
1001
PSPanelH
1002
{
1000
6051215072178
1000
6051215072178
1002
}
1001
ACAD
1000
DSTYLE
1002
{
1070
   271
1070
     1
1002
}
  0
LWPOLYLINE
  5
15C
330
2
100
AcDbEntity
  8
CONTOR
100
AcDbPolyline
 90
        4
 70
     1
 43
0.0
 10
93463.538958864
 20
-152556.2163459532
 10
93451.538958864
 20
-152556.2163459532
 10
93451.538958864
 20
-152553.2163459532
 10
93463.538958864
 20
-152553.2163459532
1001
PSPanelH
1002
{
1000
6051215072178
1000
6051215072178
1002
}
  0
DIMENSION
  5
15D
330
2
100
AcDbEntity
  8
0
100
AcDbDimension
  2
*D14
 10
93811.66395886401
 20
-152645.2163459529
 30
0.0
 11
93962.06674178201
 21
-152645.2163459528
 31
0.0
 70
   128
 71
     5
 42
50.0
  3
PANELIM
100
AcDbAlignedDimension
 13
93861.66395886392
 23
-152545.2163459529
 33
0.0
 14
93811.66395886394
 24
-152554.7163459529
 34
0.0
 50
180.000000000044
100
AcDbRotatedDimension
1001
PSPanelH
1002
{
1000
6051215072178
1000
6051215072178
1002
}
  0
LWPOLYLINE
  5
16C
330
2
100
AcDbEntity
  8
CONTOR
100
AcDbPolyline
 90
        4
 70
     1
 43
0.0
 10
93817.66395886394
 20
-152556.2163459529
 10
93805.66395886394
 20
-152556.2163459529
 10
93805.66395886394
 20
-152553.2163459529
 10
93817.66395886394
 20
-152553.2163459529
1001
PSPanelH
1002
{
1000
6051215072178
1000
6051215072178
1002
}
  0
DIMENSION
  5
16D
330
2
100
AcDbEntity
  8
0
100
AcDbDimension
  2
*D75
 10
92258.16395886416
 20
-152427.526715511
 30
0.0
 11
92157.53788495246
 21
-152400.026715511
 31
0.0
 71
     5
 42
38.0
  3
PANELIM
100
AcDbAlignedDimension
 13
92296.16395886416
 23
-152464.216345954
 33
0.0
 14
92258.16395886416
 24
-152464.216345954
 34
0.0
100
AcDbRotatedDimension
  0
DIMENSION
  5
17C
330
2
100
AcDbEntity
  8
0
100
AcDbDimension
  2
*D15
 10
94512.16395886439
 20
-152078.2163459541
 30
0.0
 11
94512.16395886433
 21
-152053.2163459541
 31
0.0
 70
   128
 71
     5
 42
50.0
  3
PANELIM
100
AcDbAlignedDimension
 13
94381.66395886421
 23
-152028.216345954
 33
0.0
 14
94372.16395886421
 24
-152078.216345954
 34
0.0
 50
270.0
100
AcDbRotatedDimension
1001
PSPanelH
1002
{
1000
6051214312369
1000
6051214312369
1002
}
  0
DIMENSION
  5
18B
330
2
100
AcDbEntity
  8
0
100
AcDbDimension
  2
*D16
 10
94512.16395886459
 20
-152028.2163459541
 30
0.0
 11
94484.66395886453
 21
-151905.966345954
 31
0.0
 71
     5
 42
244.5000000002619
  3
PANELIM
100
AcDbAlignedDimension
 13
94381.66395886421
 23
-151783.7163459538
 33
0.0
 14
94381.66395886421
 24
-152028.216345954
 34
0.0
 50
270.0
100
AcDbRotatedDimension
1001
PSPanelH
1002
{
1000
6051214312369
1000
6051214312369
1002
}
  0
LWPOLYLINE
  5
198
330
2
100
AcDbEntity
  8
CONTOR
100
AcDbPolyline
 90
        4
 70
     1
 43
0.0
 10
94383.16395886421
 20
-152022.216345954
 10
94383.16395886421
 20
-152034.216345954
 10
94380.16395886421
 20
-152034.216345954
 10
94380.16395886421
 20
-152022.216345954
1001
PSPanelH
1002
{
1000
6051214312369
1000
6051214312369
1002
}
  0
DIMENSION
  5
199
330
2
100
AcDbEntity
  8
0
100
AcDbDimension
  2
*D17
 10
94512.16395886459
 20
-151783.7163459538
 30
0.0
 11
94484.66395886453
 21
-151661.4663459537
 31
0.0
 71
     5
 42
244.5000000002619
  3
PANELIM
100
AcDbAlignedDimension
 13
94381.66395886421
 23
-151539.2163459535
 33
0.0
 14
94381.66395886421
 24
-151783.7163459538
 34
0.0
 50
270.0
100
AcDbRotatedDimension
1001
PSPanelH
1002
{
1000
6051214312369
1000
6051214312369
1002
}
  0
LWPOLYLINE
  5
1A6
330
2
100
AcDbEntity
  8
CONTOR
100
AcDbPolyline
 90
        4
 70
     1
 43
0.0
 10
94383.16395886421
 20
-151777.7163459538
 10
94383.16395886421
 20
-151789.7163459538
 10
94380.16395886421
 20
-151789.7163459538
 10
94380.16395886421
 20
-151777.7163459538
1001
PSPanelH
1002
{
1000
6051214312369
1000
6051214312369
1002
}
  0
DIMENSION
  5
1A7
330
2
100
AcDbEntity
  8
0
100
AcDbDimension
  2
*D18
 10
94512.16395886439
 20
-151539.2163459536
 30
0.0
 11
94512.16395886433
 21
-151514.2163459536
 31
0.0
 70
   128
 71
     5
 42
50.0
  3
PANELIM
100
AcDbAlignedDimension
 13
94372.16395886421
 23
-151489.2163459535
 33
0.0
 14
94381.66395886421
 24
-151539.2163459535
 34
0.0
 50
270.0
100
AcDbRotatedDimension
1001
PSPanelH
1002
{
1000
6051214312369
1000
6051214312369
1002
}
  0
LWPOLYLINE
  5
1B6
330
2
100
AcDbEntity
  8
CONTOR
100
AcDbPolyline
 90
        4
 70
     1
 43
0.0
 10
94383.16395886421
 20
-151533.2163459535
 10
94383.16395886421
 20
-151545.2163459535
 10
94380.16395886421
 20
-151545.2163459535
 10
94380.16395886421
 20
-151533.2163459535
1001
PSPanelH
1002
{
1000
6051214312369
1000
6051214312369
1002
}
  0
DIMENSION
  5
1B7
330
2
100
AcDbEntity
  8
0
100
AcDbDimension
  2
*D19
 10
92347.16395886416
 20
-152434.5322951899
 30
0.0
 11
93105.16395886407
 21
-152407.0322951899
 31
0.0
 71
     5
 42
1515.999999999825
  3
PANELIM
100
AcDbAlignedDimension
 13
93863.16395886398
 23
-152434.5322951898
 33
0.0
 14
92347.16395886416
 24
-152434.5322951899
 34
0.0
 50
180.0
100
AcDbRotatedDimension
  0
DIMENSION
  5
1C4
330
2
100
AcDbEntity
  8
0
100
AcDbDimension
  2
*D20
 10
93896.78163248049
 20
-153494.4260194002
 30
0.0
 11
93936.51454241735
 21
-153434.4260194002
 31
0.0
 70
   128
 71
     5
 42
40.0
  3
PANELIM
100
AcDbAlignedDimension
 13
93865.16395886416
 23
-153534.4260194002
 33
0.0
 14
93865.16395886416
 24
-153494.4260194002
 34
0.0
 50
270.0
100
AcDbRotatedDimension
1001
ACAD
1000
DSTYLE
1002
{
1070
   271
1070
     0
1002
}
  0
LINE
  5
1D4
330
2
100
AcDbEntity
  8
HAT
 62
     5
100
AcDbLine
 10
93863.16395886416
 20
-153534.4260194002
 30
0.0
 11
93865.16395886416
 21
-153534.4260194002
 31
0.0
  0
LINE
  5
1D7
330
2
100
AcDbEntity
  8
HAT
 62
     5
100
AcDbLine
 10
93865.16395886416
 20
-153494.4260194002
 30
0.0
 11
93865.16395886416
 21
-153534.4260194002
 31
0.0
  0
LINE
  5
1D8
330
2
100
AcDbEntity
  8
HAT
 62
     5
100
AcDbLine
 10
93863.16395886416
 20
-153496.4260194002
 30
0.0
 11
93863.16395886416
 21
-153534.4260194002
 31
0.0
  0
TEXT
  5
1D9
330
2
100
AcDbEntity
  8
A-STRS-1
  6
Continuous
100
AcDbText
 10
93212.21207237184
 20
-153354.1015526053
 30
0.0
 40
51.25733341502607
  1
%%UC-C
 41
1.015426611876166
 51
9.999999999995486
  7
MIHAL
100
AcDbText
  0
LINE
  5
1DB
330
2
100
AcDbEntity
  8
HAT
 62
     5
100
AcDbLine
 10
92307.16395886416
 20
-153443.4260194002
 30
0.0
 11
92307.16395886416
 21
-153441.4260194002
 31
0.0
  0
DIMENSION
  5
1DC
330
2
100
AcDbEntity
  8
0
100
AcDbDimension
  2
*D21
 10
92418.44118009256
 20
-153496.4260194002
 30
0.0
 11
92418.4411800925
 21
-153468.9260194002
 31
0.0
 70
   128
 71
     5
 42
55.0
  3
PANELIM
100
AcDbAlignedDimension
 13
92347.16395886416
 23
-153441.4260194002
 33
0.0
 14
92345.16395886416
 24
-153496.4260194002
 34
0.0
 50
90.0
100
AcDbRotatedDimension
1001
ACAD
1000
DSTYLE
1002
{
1070
   271
1070
     0
1002
}
  0
LINE
  5
1EB
330
2
100
AcDbEntity
  8
HAT
 62
     5
100
AcDbLine
 10
92345.16395886416
 20
-153443.4260194002
 30
0.0
 11
92307.16395886416
 21
-153443.4260194002
 31
0.0
  0
LINE
  5
1EC
330
2
100
AcDbEntity
  8
HAT
 62
     5
100
AcDbLine
 10
92347.16395886416
 20
-153441.4260194002
 30
0.0
 11
92307.16395886416
 21
-153441.4260194002
 31
0.0
  0
LINE
  5
1ED
330
2
100
AcDbEntity
  8
HAT
 62
     5
100
AcDbLine
 10
92345.16395886416
 20
-153496.4260194002
 30
0.0
 11
92345.16395886416
 21
-153443.4260194002
 31
0.0
  0
LINE
  5
1EE
330
2
100
AcDbEntity
  8
HAT
 62
     5
100
AcDbLine
 10
92347.16395886416
 20
-153494.4260194002
 30
0.0
 11
92347.16395886416
 21
-153441.4260194002
 31
0.0
  0
DIMENSION
  5
1EF
330
2
100
AcDbEntity
  8
0
100
AcDbDimension
  2
*D22
 10
92307.16395886416
 20
-153368.8222764431
 30
0.0
 11
92327.16395886416
 21
-153368.8222764431
 31
0.0
 70
   128
 71
     5
 42
40.0
  3
PANELIM
100
AcDbAlignedDimension
 13
92347.16395886416
 23
-153441.4260194002
 33
0.0
 14
92307.16395886416
 24
-153441.4260194002
 34
0.0
100
AcDbRotatedDimension
  0
DIMENSION
  5
1FE
330
2
100
AcDbEntity
  8
0
100
AcDbDimension
  2
*D23
 10
93865.16395886416
 20
-153580.7953541578
 30
0.0
 11
93105.16395886416
 21
-153553.2953541578
 31
0.0
 71
     5
 42
1520.0
  3
PANELIM
100
AcDbAlignedDimension
 13
92345.16395886416
 23
-153496.4260194002
 33
0.0
 14
93865.16395886416
 24
-153534.4260194002
 34
0.0
100
AcDbRotatedDimension
1001
ACAD
1000
DSTYLE
1002
{
1070
   271
1070
     0
1002
}
  0
INSERT
  5
20B
330
2
100
AcDbEntity
  8
0
  6
Continuous
100
AcDbBlockReference
  2
Zeva
 10
93341.33558535016
 20
-153496.4260194002
 30
0.0
 41
1.5
 42
1.5
 43
1.5
  0
LINE
  5
217
330
2
100
AcDbEntity
  8
HAT
 62
     5
100
AcDbLine
 10
92345.16395886416
 20
-153496.4260194002
 30
0.0
 11
93863.16395886416
 21
-153496.4260194002
 31
0.0
  0
LINE
  5
218
330
2
100
AcDbEntity
  8
HAT
 62
     5
100
AcDbLine
 10
92347.16395886416
 20
-153494.4260194002
 30
0.0
 11
93865.16395886416
 21
-153494.4260194002
 31
0.0
  0
DIMENSION
  5
219
330
2
100
AcDbEntity
  8
0
100
AcDbDimension
  2
*D24
 10
92347.16395886416
 20
-151917.2163230657
 30
0.0
 11
92828.66395886414
 21
-151889.7163230657
 31
0.0
 71
     5
 42
962.9999999999709
  3
PANELIM
100
AcDbAlignedDimension
 13
93310.16395886413
 23
-151917.2163230657
 33
0.0
 14
92347.16395886416
 24
-151917.2163230657
 34
0.0
 50
180.0
100
AcDbRotatedDimension
1001
PSPanelO
1002
{
1000
6051212494901
1000
6051212494901
1002
}
  0
DIMENSION
  5
226
330
2
100
AcDbEntity
  8
0
100
AcDbDimension
  2
*D25
 10
93420.16395886465
 20
-151488.2163459541
 30
0.0
 11
93392.66395886459
 21
-151792.71633451
 31
0.0
 71
     5
 42
608.9999771118164
  3
PANELIM
100
AcDbAlignedDimension
 13
93420.16395886413
 23
-152097.2163230659
 33
0.0
 14
93420.16395886413
 24
-151488.216345954
 34
0.0
 50
90.0
100
AcDbRotatedDimension
1001
PSPanelO
1002
{
1000
6051212494901
1000
6051212494901
1002
}
  0
DIMENSION
  5
233
330
2
100
AcDbEntity
  8
0
100
AcDbDimension
  2
*D26
 10
93360.16395886413
 20
-151917.2163230657
 30
0.0
 11
93841.66395886414
 21
-151889.7163230657
 31
0.0
 71
     5
 42
963.0000000000291
  3
PANELIM
100
AcDbAlignedDimension
 13
94323.16395886416
 23
-151917.2163230657
 33
0.0
 14
93360.16395886413
 24
-151917.2163230657
 34
0.0
 50
180.0
100
AcDbRotatedDimension
1001
PSPanelO
1002
{
1000
6051212494901
1000
6051212494901
1002
}
  0
TEXT
  5
240
330
2
100
AcDbEntity
  8
Omega_Text
100
AcDbText
 10
93280.16395886413
 20
-152054.1449059385
 30
0.0
 40
60.0
  1
OMEGA-129
 50
90.0
  7
ORON1
 72
     4
 11
93250.16395886413
 21
-151792.71633451
 31
0.0
100
AcDbText
1001
PSPanelO
1002
{
1000
6051212494901
1000
6051212494901
1000
609
1002
}
  0
LINE
  5
243
330
2
100
AcDbEntity
  8
Omega_Lines
  6
Continuous
100
AcDbLine
 10
93310.16395886413
 20
-152097.2163230659
 30
0.0
 11
93310.16395886413
 21
-151488.216345954
 31
0.0
1001
PSPanelO
1002
{
1000
6051212494901
1000
6051212494901
1002
}
  0
LINE
  5
246
330
2
100
AcDbEntity
  8
Omega_Lines
  6
Continuous
100
AcDbLine
 10
93360.16395886413
 20
-152097.2163230659
 30
0.0
 11
93360.16395886413
 21
-151488.216345954
 31
0.0
1001
PSPanelO
1002
{
1000
6051212494901
1000
6051212494901
1002
}
  0
LWPOLYLINE
  5
247
330
2
100
AcDbEntity
  8
CONTOR
100
AcDbPolyline
 90
        4
 70
     1
 43
0.0
 10
94269.16395959223
 20
-152152.216325778
 10
94281.16395959223
 20
-152152.2163251812
 10
94281.16395974145
 20
-152155.2163251812
 10
94269.16395974145
 20
-152155.216325778
1001
PSPanelH
1002
{
1000
6051212494939
1000
6051212494939
1002
}
  0
LWPOLYLINE
  5
248
330
2
100
AcDbEntity
  8
CONTOR
100
AcDbPolyline
 90
        4
 70
     1
 43
0.0
 10
93906.16395871365
 20
-152152.2163438336
 10
93918.16395871365
 20
-152152.2163432367
 10
93918.16395886286
 20
-152155.2163432367
 10
93906.16395886286
 20
-152155.2163438336
1001
PSPanelH
1002
{
1000
6051212494939
1000
6051212494939
1002
}
  0
DIMENSION
  5
249
330
2
100
AcDbEntity
  8
0
100
AcDbDimension
  2
*D27
 10
92347.16395965684
 20
-152247.2163459543
 30
0.0
 11
92472.16395951153
 21
-152219.7163452937
 31
0.0
 71
     5
 42
250.0
  3
PANELIM
100
AcDbAlignedDimension
 13
92597.16395899627
 23
-152122.2163446329
 33
0.0
 14
92347.16395886416
 24
-152097.216345954
 34
0.0
 50
180.0000003027839
100
AcDbRotatedDimension
1001
PSPanelH
1002
{
1000
6051212494938
1000
6051212494938
1002
}
  0
DIMENSION
  5
256
330
2
100
AcDbEntity
  8
0
100
AcDbDimension
  2
*D28
 10
92597.16395965684
 20
-152247.2163446329
 30
0.0
 11
92850.16395935958
 21
-152219.7163432959
 31
0.0
 71
     5
 42
505.9999996960978
  3
PANELIM
100
AcDbAlignedDimension
 13
93103.16395869237
 23
-152122.2163419589
 33
0.0
 14
92597.16395899627
 24
-152122.2163446329
 34
0.0
 50
180.0000003027839
100
AcDbRotatedDimension
1001
PSPanelH
1002
{
1000
6051212494938
1000
6051212494938
1002
}
  0
LWPOLYLINE
  5
263
330
2
100
AcDbEntity
  8
CONTOR
100
AcDbPolyline
 90
        4
 70
     1
 43
0.0
 10
92590.16395898041
 20
-152119.2163446699
 10
92604.16395898041
 20
-152119.2163445959
 42
-1.0
 10
92604.16395901213
 20
-152125.2163445959
 10
92590.16395901213
 20
-152125.2163446699
 42
-1.0
1001
PSPanelH
1002
{
1000
6051212494938
1000
6051212494938
1002
}
  0
DIMENSION
  5
264
330
2
100
AcDbEntity
  8
0
100
AcDbDimension
  2
*D29
 10
93103.16395935294
 20
-152247.2163419591
 30
0.0
 11
93356.16395905567
 21
-152219.7163406221
 31
0.0
 71
     5
 42
505.9999996960978
  3
PANELIM
100
AcDbAlignedDimension
 13
93609.16395838847
 23
-152122.2163392849
 33
0.0
 14
93103.16395869237
 24
-152122.2163419589
 34
0.0
 50
180.0000003027839
100
AcDbRotatedDimension
1001
PSPanelH
1002
{
1000
6051212494938
1000
6051212494938
1002
}
  0
LWPOLYLINE
  5
271
330
2
100
AcDbEntity
  8
CONTOR
100
AcDbPolyline
 90
        4
 70
     1
 43
0.0
 10
93096.16395867651
 20
-152119.2163419959
 10
93110.16395867651
 20
-152119.2163419219
 42
-1.0
 10
93110.16395870823
 20
-152125.2163419219
 10
93096.16395870823
 20
-152125.2163419959
 42
-1.0
1001
PSPanelH
1002
{
1000
6051212494938
1000
6051212494938
1002
}
  0
DIMENSION
  5
272
330
2
100
AcDbEntity
  8
0
100
AcDbDimension
  2
*D30
 10
93609.16395904904
 20
-152247.2163392849
 30
0.0
 11
93734.16395890372
 21
-152219.7163386243
 31
0.0
 71
     5
 42
250.0
  3
PANELIM
100
AcDbAlignedDimension
 13
93859.16395825635
 23
-152097.2163379638
 33
0.0
 14
93609.16395838847
 24
-152122.2163392849
 34
0.0
 50
180.0000003027839
100
AcDbRotatedDimension
1001
PSPanelH
1002
{
1000
6051212494938
1000
6051212494938
1002
}
  0
LWPOLYLINE
  5
27F
330
2
100
AcDbEntity
  8
CONTOR
100
AcDbPolyline
 90
        4
 70
     1
 43
0.0
 10
93602.1639583726
 20
-152119.2163393219
 10
93616.1639583726
 20
-152119.2163392479
 42
-1.0
 10
93616.16395840433
 20
-152125.2163392479
 10
93602.16395840433
 20
-152125.2163393219
 42
-1.0
1001
PSPanelH
1002
{
1000
6051212494938
1000
6051212494938
1002
}
  0
LWPOLYLINE
  5
280
330
2
100
AcDbEntity
  8
CONTOR
100
AcDbPolyline
 90
        4
 70
     1
 43
0.0
 10
93870.16395894908
 20
-152355.7163459712
 10
93870.1639589309
 20
-152367.7163459712
 10
93867.1639589309
 20
-152367.7163459666
 10
93867.16395894908
 20
-152355.7163459666
1001
PSPanelH
1002
{
1000
6051212494935
1000
6051212494935
1002
}
  0
LWPOLYLINE
  5
281
330
2
100
AcDbEntity
  8
CONTOR
100
AcDbPolyline
 90
        4
 70
     1
 43
0.0
 10
93870.16395917395
 20
-152207.2163342466
 10
93870.16395915579
 20
-152219.2163342466
 10
93867.16395915579
 20
-152219.2163342421
 10
93867.16395917395
 20
-152207.2163342421
1001
PSPanelH
1002
{
1000
6051212494935
1000
6051212494935
1002
}
  0
DIMENSION
  5
282
330
2
100
AcDbEntity
  8
0
100
AcDbDimension
  2
*D31
 10
93792.11427351231
 20
-151372.2163459541
 30
0.0
 11
93750.59503562578
 21
-151533.97241032
 31
0.0
 70
   128
 71
     5
 42
28.0
  3
PANELIM
100
AcDbAlignedDimension
 13
93797.9200178841
 23
-151400.216345954
 33
0.0
 14
93790.38777620431
 24
-151372.216345954
 34
0.0
 50
90.0
100
AcDbRotatedDimension
1001
ACAD
1000
DSTYLE
1002
{
1070
   271
1070
     0
1002
}
  0
LINE
  5
292
330
2
100
AcDbEntity
  8
KIFOF
 48
2.0
100
AcDbLine
 10
94272.16395886421
 20
-151400.216345954
 30
0.0
 11
92398.16395886421
 21
-151400.216345954
 31
0.0
  0
DIMENSION
  5
296
330
2
100
AcDbEntity
  8
0
100
AcDbDimension
  2
*D76
 10
91085.79104105038
 20
-151388.5981952687
 30
0.0
 11
90985.38825813237
 21
-151388.5981952687
 31
0.0
 70
   128
 71
     5
 42
30.0
  3
PANELIM
100
AcDbAlignedDimension
 13
91115.79104105038
 23
-151445.216345954
 33
0.0
 14
91085.79104105038
 24
-151445.216345954
 34
0.0
100
AcDbRotatedDimension
1001
ACAD
1000
DSTYLE
1002
{
1070
   271
1070
     0
1002
}
1001
PSPanelLink
1002
{
1000
6051210521413-1
1000
1
1002
}
  0
LINE
  5
2A5
330
2
100
AcDbEntity
  8
HAT
 62
     5
100
AcDbLine
 10
91036.79104105038
 20
-151488.216345954
 30
0.0
 11
91087.79104105038
 21
-151488.216345954
 31
0.0
  0
LINE
  5
2A6
330
2
100
AcDbEntity
  8
HAT
 62
     5
100
AcDbLine
 10
91034.79104105038
 20
-151486.216345954
 30
0.0
 11
91085.79104105038
 21
-151486.216345954
 31
0.0
  0
LINE
  5
2A7
330
2
100
AcDbEntity
  8
HAT
 62
     5
100
AcDbLine
 10
91085.79104105038
 20
-151486.216345954
 30
0.0
 11
91085.79104105038
 21
-151445.216345954
 31
0.0
  0
LINE
  5
2A8
330
2
100
AcDbEntity
  8
HAT
 62
     5
100
AcDbLine
 10
91087.79104105038
 20
-151488.216345954
 30
0.0
 11
91087.79104105038
 21
-151447.216345954
 31
0.0
  0
DIMENSION
  5
2A9
330
2
100
AcDbEntity
  8
0
100
AcDbDimension
  2
*D32
 10
91193.18319012325
 20
-151445.2163459541
 30
0.0
 11
91193.18319012319
 21
-151466.7163459541
 31
0.0
 70
   128
 71
     5
 42
43.0
  3
PANELIM
100
AcDbAlignedDimension
 13
91087.79104105038
 23
-151488.216345954
 33
0.0
 14
91115.79104105038
 24
-151445.216345954
 34
0.0
 50
90.0
100
AcDbRotatedDimension
1001
PSPanelLink
1002
{
1000
6051210521413-1
1000
1
1002
}
  0
DIMENSION
  5
2B8
330
2
100
AcDbEntity
  8
0
100
AcDbDimension
  2
*D33
 10
91034.79104105038
 20
-151569.9438715672
 30
0.0
 11
91189.08698794316
 21
-151569.9438715672
 31
0.0
 70
   128
 71
     5
 42
53.0
  3
PANELIM
100
AcDbAlignedDimension
 13
91087.79104105038
 23
-151447.216345954
 33
0.0
 14
91034.79104105038
 24
-151486.216345954
 34
0.0
 50
180.0
100
AcDbRotatedDimension
1001
PSPanelLink
1002
{
1000
6051210521413-1
1000
1
1002
}
  0
LINE
  5
2C7
330
2
100
AcDbEntity
  8
HAT
 62
     5
100
AcDbLine
 10
91085.79104105038
 20
-151445.216345954
 30
0.0
 11
91115.79104105038
 21
-151445.216345954
 31
0.0
  0
LINE
  5
2C8
330
2
100
AcDbEntity
  8
HAT
 62
     5
100
AcDbLine
 10
91115.79104105038
 20
-151445.216345954
 30
0.0
 11
91115.79104105038
 21
-151447.216345954
 31
0.0
  0
LINE
  5
2C9
330
2
100
AcDbEntity
  8
HAT
 62
     5
100
AcDbLine
 10
91115.79104105038
 20
-151447.216345954
 30
0.0
 11
91087.79104105038
 21
-151447.216345954
 31
0.0
  0
DIMENSION
  5
2CA
330
2
100
AcDbEntity
  8
0
100
AcDbDimension
  2
*D77
 10
95045.55292909248
 20
-151388.5981952687
 30
0.0
 11
95145.95571201049
 21
-151388.5981952687
 31
0.0
 70
   128
 71
     5
 42
30.0
  3
PANELIM
100
AcDbAlignedDimension
 13
95015.55292909248
 23
-151445.216345954
 33
0.0
 14
95045.55292909248
 24
-151445.216345954
 34
0.0
 50
180.0
100
AcDbRotatedDimension
1001
ACAD
1000
DSTYLE
1002
{
1070
   271
1070
     0
1002
}
  0
LINE
  5
2D9
330
2
100
AcDbEntity
  8
HAT
 62
     5
100
AcDbLine
 10
95094.55292909248
 20
-151488.216345954
 30
0.0
 11
95043.55292909248
 21
-151488.216345954
 31
0.0
  0
LINE
  5
2DA
330
2
100
AcDbEntity
  8
HAT
 62
     5
100
AcDbLine
 10
95096.55292909248
 20
-151486.216345954
 30
0.0
 11
95045.55292909248
 21
-151486.216345954
 31
0.0
  0
LINE
  5
2DB
330
2
100
AcDbEntity
  8
HAT
 62
     5
100
AcDbLine
 10
95045.55292909248
 20
-151486.216345954
 30
0.0
 11
95045.55292909248
 21
-151445.216345954
 31
0.0
  0
LINE
  5
2DC
330
2
100
AcDbEntity
  8
HAT
 62
     5
100
AcDbLine
 10
95043.55292909248
 20
-151488.216345954
 30
0.0
 11
95043.55292909248
 21
-151447.216345954
 31
0.0
  0
DIMENSION
  5
2DD
330
2
100
AcDbEntity
  8
0
100
AcDbDimension
  2
*D34
 10
94976.22992556238
 20
-151445.2163459541
 30
0.0
 11
94976.22992556232
 21
-151466.7163459541
 31
0.0
 70
   128
 71
     5
 42
43.0
  3
PANELIM
100
AcDbAlignedDimension
 13
95043.55292909248
 23
-151488.216345954
 33
0.0
 14
95015.55292909248
 24
-151445.216345954
 34
0.0
 50
90.0
100
AcDbRotatedDimension
  0
DIMENSION
  5
2EC
330
2
100
AcDbEntity
  8
0
100
AcDbDimension
  2
*D35
 10
95096.55292909248
 20
-151569.9438715672
 30
0.0
 11
94942.25698219969
 21
-151569.9438715672
 31
0.0
 70
   128
 71
     5
 42
53.0
  3
PANELIM
100
AcDbAlignedDimension
 13
95043.55292909248
 23
-151447.216345954
 33
0.0
 14
95096.55292909248
 24
-151486.216345954
 34
0.0
100
AcDbRotatedDimension
  0
LINE
  5
2FB
330
2
100
AcDbEntity
  8
HAT
 62
     5
100
AcDbLine
 10
95045.55292909248
 20
-151445.216345954
 30
0.0
 11
95015.55292909248
 21
-151445.216345954
 31
0.0
  0
LINE
  5
2FC
330
2
100
AcDbEntity
  8
HAT
 62
     5
100
AcDbLine
 10
95015.55292909248
 20
-151445.216345954
 30
0.0
 11
95015.55292909248
 21
-151447.216345954
 31
0.0
  0
LINE
  5
2FD
330
2
100
AcDbEntity
  8
HAT
 62
     5
100
AcDbLine
 10
95015.55292909248
 20
-151447.216345954
 30
0.0
 11
95043.55292909248
 21
-151447.216345954
 31
0.0
  0
LINE
  5
2FE
330
2
100
AcDbEntity
  8
Defpoints
 62
   252
100
AcDbLine
 10
94323.16395886416
 20
-152097.216323066
 30
0.0
 11
92347.16395886416
 21
-152097.2163230657
 31
0.0
1001
PSPanelO
1002
{
1000
6051212494901
1000
6051212494901
1000
0
1000
1
1000
7
1000
1000
1000
450
1000
180
1000
OMEGA-
1000
24
1000
15
1000
1
1000
1
1005
0
1000
1
1011
94323.16395886416
1021
-152097.216323066
1031
0.0
1011
92347.16395886416
1021
-152097.2163230657
1031
0.0
1005
0
1000
6
1000
0
1000
0
1000
1
1000
0
1000
0
1002
}
  0
TEXT
  5
2FF
330
2
100
AcDbEntity
  8
A-STRS-1
  6
Continuous
100
AcDbText
 10
94250.12110231635
 20
-152518.2140797432
 30
0.0
 40
51.25733341502607
  1
C
 41
1.015426611876166
 51
9.999999999995486
  7
MIHAL
100
AcDbText
  0
LWPOLYLINE
  5
300
330
2
100
AcDbEntity
  8
A-STRS-1
  6
Continuous
100
AcDbPolyline
 90
        4
 70
     0
 10
94156.80907497641
 20
-152571.647743226
 40
0.0
 41
35.27999999999999
 10
94156.80907497641
 20
-152524.3989911874
 40
13.23
 41
13.23
 10
94156.80907497641
 20
-152469.0992980459
 40
13.23
 41
13.23
 10
94086.78730449003
 20
-152469.0992980459
 40
13.23
 41
13.23
  0
TEXT
  5
301
330
2
100
AcDbEntity
  8
A-STRS-1
  6
Continuous
100
AcDbText
 10
91804.38953112658
 20
-152518.2140797432
 30
0.0
 40
51.25733341502607
  1
C
 41
1.015426611876166
 51
9.999999999995486
  7
MIHAL
100
AcDbText
  0
LWPOLYLINE
  5
302
330
2
100
AcDbEntity
  8
A-STRS-1
  6
Continuous
100
AcDbPolyline
 90
        4
 70
     0
 10
91851.64446799141
 20
-152571.647743226
 40
0.0
 41
35.27999999999999
 10
91851.64446799141
 20
-152524.3989911874
 40
13.23
 41
13.23
 10
91851.64446799141
 20
-152469.0992980459
 40
13.23
 41
13.23
 10
91944.88268766923
 20
-152469.0992980459
 40
13.23
 41
13.23
  0
LINE
  5
303
330
2
100
AcDbEntity
  8
HAT
 62
     5
100
AcDbLine
 10
92307.16421336353
 20
-151142.155767835
 30
0.0
 11
92309.16421336353
 21
-151142.155767835
 31
0.0
  0
DIMENSION
  5
304
330
2
100
AcDbEntity
  8
0
100
AcDbDimension
  2
*D36
 10
92418.44143459194
 20
-151059.1557678351
 30
0.0
 11
92418.44143459188
 21
-151086.6557678351
 31
0.0
 70
   128
 71
     5
 42
55.0
  3
PANELIM
100
AcDbAlignedDimension
 13
92347.16421336353
 23
-151114.155767835
 33
0.0
 14
92345.16421336353
 24
-151059.155767835
 34
0.0
 50
270.0
100
AcDbRotatedDimension
1001
ACAD
1000
DSTYLE
1002
{
1070
   271
1070
     0
1002
}
1001
PSPanelLink
1002
{
1000
6051210545014-1
1000
1
1002
}
  0
LINE
  5
313
330
2
100
AcDbEntity
  8
HAT
 62
     5
100
AcDbLine
 10
92345.16421336353
 20
-151112.155767835
 30
0.0
 11
92307.16421336353
 21
-151112.155767835
 31
0.0
  0
LINE
  5
314
330
2
100
AcDbEntity
  8
HAT
 62
     5
100
AcDbLine
 10
92347.16421336353
 20
-151114.155767835
 30
0.0
 11
92309.16421336353
 21
-151114.155767835
 31
0.0
  0
LINE
  5
315
330
2
100
AcDbEntity
  8
HAT
 62
     5
100
AcDbLine
 10
92309.16421336353
 20
-151114.155767835
 30
0.0
 11
92309.16421336353
 21
-151142.155767835
 31
0.0
  0
LINE
  5
316
330
2
100
AcDbEntity
  8
HAT
 62
     5
100
AcDbLine
 10
92307.16421336353
 20
-151112.155767835
 30
0.0
 11
92307.16421336353
 21
-151142.155767835
 31
0.0
  0
LINE
  5
317
330
2
100
AcDbEntity
  8
HAT
 62
     5
100
AcDbLine
 10
92345.16421336353
 20
-151059.155767835
 30
0.0
 11
92345.16421336353
 21
-151112.155767835
 31
0.0
  0
LINE
  5
318
330
2
100
AcDbEntity
  8
HAT
 62
     5
100
AcDbLine
 10
92347.16421336353
 20
-151061.155767835
 30
0.0
 11
92347.16421336353
 21
-151114.155767835
 31
0.0
  0
DIMENSION
  5
319
330
2
100
AcDbEntity
  8
0
100
AcDbDimension
  2
*D37
 10
92268.71782294933
 20
-151142.1557678351
 30
0.0
 11
92246.24804830684
 21
-151054.1557678351
 31
0.0
 70
   128
 71
     5
 42
30.0
  3
PANELIM
100
AcDbAlignedDimension
 13
92307.16421336353
 23
-151112.155767835
 33
0.0
 14
92307.16421336353
 24
-151142.155767835
 34
0.0
 50
90.0
100
AcDbRotatedDimension
1001
ACAD
1000
DSTYLE
1002
{
1070
   279
1070
     1
1002
}
1001
PSPanelLink
1002
{
1000
6051210545014-1
1000
1
1002
}
  0
DIMENSION
  5
329
330
2
100
AcDbEntity
  8
0
100
AcDbDimension
  2
*D38
 10
92307.16421336353
 20
-151186.7595107922
 30
0.0
 11
92463.62217471695
 21
-151186.7595107922
 31
0.0
 70
   128
 71
     5
 42
40.0
  3
PANELIM
100
AcDbAlignedDimension
 13
92347.16421336353
 23
-151114.155767835
 33
0.0
 14
92307.16421336353
 24
-151142.155767835
 34
0.0
100
AcDbRotatedDimension
1001
ACAD
1000
DSTYLE
1002
{
1070
   279
1070
     1
1002
}
1001
PSPanelLink
1002
{
1000
6051210545014-1
1000
1
1002
}
  0
DIMENSION
  5
33A
330
2
100
AcDbEntity
  8
0
100
AcDbDimension
  2
*D39
 10
93863.16395886416
 20
-152454.960045942
 30
0.0
 11
94001.7900327758
 21
-152454.960045942
 31
0.0
 70
   128
 71
     5
 42
37.99999999994179
  3
PANELIM
100
AcDbAlignedDimension
 13
93901.1639588641
 23
-152433.460045942
 33
0.0
 14
93863.16395886416
 24
-152433.460045942
 34
0.0
 50
180.0
100
AcDbRotatedDimension
  0
LINE
  5
349
330
2
100
AcDbEntity
  8
hat hide
100
AcDbLine
 10
95094.22946322516
 20
-152096.216345954
 30
0.0
 11
95043.55292909253
 21
-152096.216345954
 31
0.0
  0
DIMENSION
  5
34C
330
2
100
AcDbEntity
  8
0
100
AcDbDimension
  2
*D78
 10
94999.81482816231
 20
-152115.2163459541
 30
0.0
 11
94965.4248705019
 21
-152175.2163459542
 31
0.0
 70
   128
 71
     5
 42
18.0
  3
PANELIM
100
AcDbAlignedDimension
 13
95045.22946322516
 23
-152097.216345954
 33
0.0
 14
95045.22946322516
 24
-152115.216345954
 34
0.0
 50
90.0
100
AcDbRotatedDimension
1001
ACAD
1000
DSTYLE
1002
{
1070
   271
1070
     0
1002
}
  0
DIMENSION
  5
35C
330
2
100
AcDbEntity
  8
0
100
AcDbDimension
  2
*D79
 10
95045.22946322516
 20
-152206.219628181
 30
0.0
 11
95070.72946322516
 21
-152206.219628181
 31
0.0
 70
   128
 71
     5
 42
51.0
  3
PANELIM
100
AcDbAlignedDimension
 13
95096.22946322516
 23
-152099.216345954
 33
0.0
 14
95045.22946322516
 24
-152115.216345954
 34
0.0
 50
180.0
100
AcDbRotatedDimension
1001
ACAD
1000
DSTYLE
1002
{
1070
   271
1070
     0
1002
}
  0
LINE
  5
36B
330
2
100
AcDbEntity
  8
HAT
 62
     5
100
AcDbLine
 10
95047.22946322516
 20
-152099.216345954
 30
0.0
 11
95096.22946322516
 21
-152099.216345954
 31
0.0
  0
LINE
  5
36C
330
2
100
AcDbEntity
  8
HAT
 62
     5
100
AcDbLine
 10
95047.22946322516
 20
-152115.216345954
 30
0.0
 11
95047.22946322516
 21
-152099.216345954
 31
0.0
  0
LINE
  5
36D
330
2
100
AcDbEntity
  8
HAT
 62
     5
100
AcDbLine
 10
95045.22946322516
 20
-152115.216345954
 30
0.0
 11
95047.22946322516
 21
-152115.216345954
 31
0.0
  0
LINE
  5
36E
330
2
100
AcDbEntity
  8
HAT
 62
     5
100
AcDbLine
 10
95045.22946322516
 20
-152097.216345954
 30
0.0
 11
95045.22946322516
 21
-152115.216345954
 31
0.0
  0
LINE
  5
36F
330
2
100
AcDbEntity
  8
HAT
 62
     5
100
AcDbLine
 10
95094.22946322516
 20
-152097.216345954
 30
0.0
 11
95045.22946322516
 21
-152097.216345954
 31
0.0
  0
INSERT
  5
370
330
2
100
AcDbEntity
  8
0
  6
Continuous
100
AcDbBlockReference
  2
Zeva
 10
95096.55292909248
 20
-151792.716345954
 30
0.0
 41
1.5
 42
1.5
 43
1.5
 50
90.00000000000001
  0
DIMENSION
  5
371
330
2
100
AcDbEntity
  8
0
100
AcDbDimension
  2
*D40
 10
95233.9169981598
 20
-152099.2163459541
 30
0.0
 11
95206.41699815974
 21
-151792.7163459541
 31
0.0
 71
     5
 42
613.0
  3
PANELIM
100
AcDbAlignedDimension
 13
95096.55292909248
 23
-151486.216345954
 33
0.0
 14
95096.55292909248
 24
-152099.216345954
 34
0.0
 50
90.0
100
AcDbRotatedDimension
1001
ACAD
1000
DSTYLE
1002
{
1070
    49
1040
0.04
1070
    50
1040
1.570796326794896
1070
   271
1070
     0
1002
}
1001
ACAD_DSTYLE_DIMJOGGED_JOGANGLE_SYMBOL
1070
   384
1040
1.570796326794896
  0
LINE
  5
37E
330
2
100
AcDbEntity
  8
HAT
 62
     5
100
AcDbLine
 10
95094.55292909248
 20
-152097.216345954
 30
0.0
 11
95094.55292909248
 21
-151488.216345954
 31
0.0
  0
LINE
  5
37F
330
2
100
AcDbEntity
  8
HAT
 62
     5
100
AcDbLine
 10
95096.55292909248
 20
-152099.216345954
 30
0.0
 11
95096.55292909248
 21
-151486.216345954
 31
0.0
  0
LINE
  5
380
330
2
100
AcDbEntity
  8
hat hide
100
AcDbLine
 10
95043.55292909248
 20
-151489.216345954
 30
0.0
 11
95094.55292909248
 21
-151489.216345954
 31
0.0
  0
LINE
  5
381
330
2
100
AcDbEntity
  8
hat hide
100
AcDbLine
 10
95043.55292909248
 20
-151489.216345954
 30
0.0
 11
95043.55292909253
 21
-152096.216345954
 31
0.0
  0
LINE
  5
382
330
2
100
AcDbEntity
  8
hat hide
  6
HIDDEN
100
AcDbLine
 10
95045.55292909248
 20
-151489.216345954
 30
0.0
 11
95045.55292909248
 21
-152096.216345954
 31
0.0
  0
DIMENSION
  5
383
330
2
100
AcDbEntity
  8
0
100
AcDbDimension
  2
*D41
 10
94090.17193153249
 20
-152160.2163337792
 30
0.0
 11
94123.72855585946
 21
-152077.8948655272
 31
0.0
 70
   128
 71
     5
 42
16.00000325276051
  3
PANELIM
100
AcDbAlignedDimension
 13
94090.1719315326
 23
-152144.2163305263
 33
0.0
 14
94090.1719315326
 24
-152160.2163337791
 34
0.0
 50
90.0
100
AcDbRotatedDimension
  0
LINE
  5
393
330
2
100
AcDbEntity
  8
KIFOF
 48
2.0
100
AcDbLine
 10
93862.16395831572
 20
-152144.2163460221
 30
0.0
 11
94325.16395919431
 21
-152144.2163229926
 31
0.0
1001
PSPanelH
1002
{
1000
6051212494939
1000
6051212494939
1000
9.5
1000
50
1000
50
1000
2
1000
PSHoleRectangle12x3
1000
-
1000
400
1000
200
1000
150
1000
-
1000
0
1000
0
1000
1
1002
}
  0
CIRCLE
  5
394
330
2
100
AcDbEntity
  8
CONTOR
100
AcDbCircle
 10
93860.66395831572
 20
-152144.2163460221
 30
0.0
 40
1.5
  0
LINE
  5
395
330
2
100
AcDbEntity
  8
KIFOF
 48
2.0
100
AcDbLine
 10
93859.16395825635
 20
-152097.2163379638
 30
0.0
 11
94323.16395886416
 21
-152097.216323066
 31
0.0
  0
DIMENSION
  5
396
330
2
100
AcDbEntity
  8
0
100
AcDbDimension
  2
*D42
 10
94179.10305586766
 20
-152144.2163256968
 30
0.0
 11
94220.56246311263
 21
-152037.2163459542
 31
0.0
 70
   128
 71
     5
 42
46.99997974262806
  3
PANELIM
100
AcDbAlignedDimension
 13
94179.10305586776
 23
-152097.2163459542
 33
0.0
 14
94179.10305630624
 24
-152144.2163256968
 34
0.0
 50
90.0
100
AcDbRotatedDimension
  0
CIRCLE
  5
3A6
330
2
100
AcDbEntity
  8
CONTOR
100
AcDbCircle
 10
94324.66558670758
 20
-152097.2862092524
 30
0.0
 40
1.5
  0
CIRCLE
  5
3A7
330
2
100
AcDbEntity
  8
CONTOR
100
AcDbCircle
 10
94323.16558670758
 20
-152097.2862092524
 30
0.0
 40
1.5
  0
DIMENSION
  5
3A8
330
2
100
AcDbEntity
  8
0
100
AcDbDimension
  2
*D43
 10
92347.16395886416
 20
-152355.710493512
 30
0.0
 11
93103.16395886407
 21
-152328.210493512
 31
0.0
 71
     5
 42
1511.999999999825
  3
PANELIM
100
AcDbAlignedDimension
 13
93859.16395886398
 23
-152355.710493512
 33
0.0
 14
92347.16395886416
 24
-152355.710493512
 34
0.0
 50
180.0
100
AcDbRotatedDimension
  0
DIMENSION
  5
3B5
330
2
100
AcDbEntity
  8
0
100
AcDbDimension
  2
*D44
 10
94414.23370318596
 20
-151059.1557678351
 30
0.0
 11
94414.2337031859
 21
-151085.6557678351
 31
0.0
 70
   128
 71
     5
 42
53.0
  3
PANELIM
100
AcDbAlignedDimension
 13
94341.1639588641
 23
-151112.155767835
 33
0.0
 14
94325.1639588641
 24
-151059.155767835
 34
0.0
 50
270.0
100
AcDbRotatedDimension
1001
ACAD
1000
DSTYLE
1002
{
1070
   271
1070
     0
1002
}
1001
PSPanelLink
1002
{
1000
6051210545014-1
1000
1
1002
}
  0
LINE
  5
3C4
330
2
100
AcDbEntity
  8
HAT
 62
     5
100
AcDbLine
 10
94325.1639588641
 20
-151110.155767835
 30
0.0
 11
94341.1639588641
 21
-151110.155767835
 31
0.0
  0
LINE
  5
3C5
330
2
100
AcDbEntity
  8
HAT
 62
     5
100
AcDbLine
 10
94323.1639588641
 20
-151112.155767835
 30
0.0
 11
94341.1639588641
 21
-151112.155767835
 31
0.0
  0
LINE
  5
3C6
330
2
100
AcDbEntity
  8
HAT
 62
     5
100
AcDbLine
 10
94341.1639588641
 20
-151112.155767835
 30
0.0
 11
94341.1639588641
 21
-151110.155767835
 31
0.0
  0
LINE
  5
3C7
330
2
100
AcDbEntity
  8
HAT
 62
     5
100
AcDbLine
 10
94325.1639588641
 20
-151059.155767835
 30
0.0
 11
94325.1639588641
 21
-151110.155767835
 31
0.0
  0
LINE
  5
3C8
330
2
100
AcDbEntity
  8
HAT
 62
     5
100
AcDbLine
 10
94323.1639588641
 20
-151061.155767835
 30
0.0
 11
94323.1639588641
 21
-151112.155767835
 31
0.0
  0
DIMENSION
  5
3C9
330
2
100
AcDbEntity
  8
0
100
AcDbDimension
  2
*D45
 10
94341.1639588641
 20
-151184.7595107922
 30
0.0
 11
94442.45990575686
 21
-151184.7595107922
 31
0.0
 70
   128
 71
     5
 42
18.0
  3
PANELIM
100
AcDbAlignedDimension
 13
94323.1639588641
 23
-151112.155767835
 33
0.0
 14
94341.1639588641
 24
-151112.155767835
 34
0.0
 50
180.0
100
AcDbRotatedDimension
1001
PSPanelLink
1002
{
1000
6051210545014-1
1000
1
1002
}
  0
DIMENSION
  5
3D8
330
2
100
AcDbEntity
  8
0
100
AcDbDimension
  2
*D46
 10
93898.12458475705
 20
-153121.3859369281
 30
0.0
 11
93932.51454241735
 21
-153061.385936928
 31
0.0
 70
   128
 71
     5
 42
18.0
  3
PANELIM
100
AcDbAlignedDimension
 13
93861.16395886416
 23
-153139.385936928
 33
0.0
 14
93861.16395886416
 24
-153121.385936928
 34
0.0
 50
270.0
100
AcDbRotatedDimension
1001
ACAD
1000
DSTYLE
1002
{
1070
   271
1070
     0
1002
}
  0
LINE
  5
3E8
330
2
100
AcDbEntity
  8
HAT
 62
     5
100
AcDbLine
 10
93859.16395886416
 20
-153139.385936928
 30
0.0
 11
93861.16395886416
 21
-153139.385936928
 31
0.0
  0
LINE
  5
3E9
330
2
100
AcDbEntity
  8
HAT
 62
     5
100
AcDbLine
 10
93861.16395886416
 20
-153121.385936928
 30
0.0
 11
93861.16395886416
 21
-153139.385936928
 31
0.0
  0
LINE
  5
3EA
330
2
100
AcDbEntity
  8
HAT
 62
     5
100
AcDbLine
 10
93859.16395886416
 20
-153123.385936928
 30
0.0
 11
93859.16395886416
 21
-153139.385936928
 31
0.0
  0
DIMENSION
  5
3EB
330
2
100
AcDbEntity
  8
0
100
AcDbDimension
  2
*D47
 10
93859.16395886416
 20
-152316.7313680558
 30
0.0
 11
93968.72058319119
 21
-152316.7313680558
 31
0.0
 70
   128
 71
     5
 42
16.0
  3
PANELIM
100
AcDbAlignedDimension
 13
93875.16395886416
 23
-152316.7313680558
 33
0.0
 14
93859.16395886416
 24
-152316.7313680558
 34
0.0
 50
180.0
100
AcDbRotatedDimension
  0
LINE
  5
3FA
330
2
100
AcDbEntity
  8
KIFOF
 48
2.0
100
AcDbLine
 10
93859.16395924058
 20
-152163.21633423
 30
0.0
 11
93859.16395886427
 21
-152411.7163459545
 31
0.0
1001
PSPanelH
1002
{
1000
6051212494935
1000
6051212494935
1000
9.5
1000
50
1000
50
1000
2
1000
PSHoleRectangle12x3
1000
+
1000
400
1000
100
1000
120
1000
+
1000
1
1000
0
1000
1
1002
}
  0
DIMENSION
  5
3FB
330
2
100
AcDbEntity
  8
0
100
AcDbDimension
  2
*D48
 10
94323.16395886468
 20
-151639.8362246922
 30
0.0
 11
94224.0410912674
 21
-151612.3362246922
 31
0.0
 71
     5
 42
48.99999999994179
  3
PANELIM
100
AcDbAlignedDimension
 13
94372.16395886462
 23
-151601.84151614
 33
0.0
 14
94323.16395886468
 24
-151601.84151614
 34
0.0
100
AcDbRotatedDimension
1001
ACAD
1000
DSTYLE
1002
{
1070
   271
1070
     0
1002
}
  0
DIMENSION
  5
40A
330
2
100
AcDbEntity
  8
0
100
AcDbDimension
  2
*D49
 10
94388.16395886427
 20
-151707.0246442431
 30
0.0
 11
94278.60733453724
 21
-151707.0246442431
 31
0.0
 70
   128
 71
     5
 42
16.0
  3
PANELIM
100
AcDbAlignedDimension
 13
94372.16395886427
 23
-151707.0246442431
 33
0.0
 14
94388.16395886427
 24
-151707.0246442431
 34
0.0
100
AcDbRotatedDimension
1001
ACAD
1000
DSTYLE
1002
{
1070
   271
1070
     0
1002
}
  0
LINE
  5
419
330
2
100
AcDbEntity
  8
KIFOF
 48
2.0
100
AcDbLine
 10
94372.16395886421
 20
-151489.2163459535
 30
0.0
 11
94372.16395886421
 21
-152078.216345954
 31
0.0
1001
PSPanelH
1002
{
1000
6051214312369
1000
6051214312369
1000
9.5
1000
50
1000
50
1000
3
1000
PSHoleRectangle12x3
1000
+
1000
400
1000
100
1000
140
1000
+
1000
1
1000
0
1000
1
1002
}
  0
LWPOLYLINE
  5
41A
330
2
100
AcDbEntity
  8
צבע
100
AcDbPolyline
 90
        3
 70
     0
 10
92962.32571896723
 20
-151717.1527662246
 40
0.0
 41
117.6
 10
92861.4983921456
 20
-151717.1527662246
 40
44.1
 41
44.1
 10
92721.22385862841
 20
-151717.1527662246
 40
44.1
 41
44.1
  0
TEXT
  5
41B
330
2
100
AcDbEntity
  8
A-STRS-1
  6
Continuous
100
AcDbText
 10
94744.0626639162
 20
-151838.6169758411
 30
0.0
 40
51.25733341502607
  1
A
 41
1.015426611876166
 51
9.999999999995486
  7
MIHAL
100
AcDbText
  0
LWPOLYLINE
  5
41C
330
2
100
AcDbEntity
  8
A-STRS-1
  6
Continuous
100
AcDbPolyline
 90
        4
 70
     0
 10
94650.75063657625
 20
-151729.2097124384
 40
0.0
 41
35.27999999999999
 10
94650.75063657625
 20
-151776.458464477
 40
13.23
 41
13.23
 10
94650.75063657625
 20
-151831.7581576185
 40
13.23
 41
13.23
 10
94557.51241689837
 20
-151831.7581576185
 40
13.23
 41
13.23
  0
TEXT
  5
41D
330
2
100
AcDbEntity
  8
A-STRS-1
  6
Continuous
100
AcDbText
 10
91804.38953112658
 20
-151838.6169758411
 30
0.0
 40
51.25733341502607
  1
A
 41
1.015426611876166
 51
9.999999999995486
  7
MIHAL
100
AcDbText
  0
LWPOLYLINE
  5
41E
330
2
100
AcDbEntity
  8
A-STRS-1
  6
Continuous
100
AcDbPolyline
 90
        4
 70
     0
 10
91851.64446799141
 20
-151729.2097124384
 40
0.0
 41
35.27999999999999
 10
91851.64446799141
 20
-151776.458464477
 40
13.23
 41
13.23
 10
91851.64446799141
 20
-151831.7581576185
 40
13.23
 41
13.23
 10
91944.88268766923
 20
-151831.7581576185
 40
13.23
 41
13.23
  0
TEXT
  5
41F
330
2
100
AcDbEntity
  8
A-STRS-1
  6
Continuous
100
AcDbText
 10
93408.39521783676
 20
-150813.0471768295
 30
0.0
 40
51.25733341502607
  1
%%UA-A
 41
1.015426611876166
 51
9.999999999995486
  7
MIHAL
100
AcDbText
  0
TEXT
  5
420
330
2
100
AcDbEntity
  8
A-STRS-1
  6
Continuous
100
AcDbText
 10
93212.21207237184
 20
-152981.0614701331
 30
0.0
 40
51.25733341502607
  1
%%UB-B
 41
1.015426611876166
 51
9.999999999995486
  7
MIHAL
100
AcDbText
  0
TEXT
  5
421
330
2
100
AcDbEntity
  8
A-STRS-1
  6
Continuous
100
AcDbText
 10
94744.0626639162
 20
-152278.9106787883
 30
0.0
 40
51.25733341502607
  1
B
 41
1.015426611876166
 51
9.999999999995486
  7
MIHAL
100
AcDbText
  0
LWPOLYLINE
  5
422
330
2
100
AcDbEntity
  8
A-STRS-1
  6
Continuous
100
AcDbPolyline
 90
        4
 70
     0
 10
94650.75063657625
 20
-152332.3443422711
 40
0.0
 41
35.27999999999999
 10
94650.75063657625
 20
-152285.0955902325
 40
13.23
 41
13.23
 10
94650.75063657625
 20
-152229.795897091
 40
13.23
 41
13.23
 10
94580.72886608988
 20
-152229.795897091
 40
13.23
 41
13.23
  0
TEXT
  5
423
330
2
100
AcDbEntity
  8
A-STRS-1
  6
Continuous
100
AcDbText
 10
91804.38953112658
 20
-152278.9106787883
 30
0.0
 40
51.25733341502607
  1
B
 41
1.015426611876166
 51
9.999999999995486
  7
MIHAL
100
AcDbText
  0
LWPOLYLINE
  5
424
330
2
100
AcDbEntity
  8
A-STRS-1
  6
Continuous
100
AcDbPolyline
 90
        4
 70
     0
 10
91851.64446799141
 20
-152332.3443422711
 40
0.0
 41
35.27999999999999
 10
91851.64446799141
 20
-152285.0955902325
 40
13.23
 41
13.23
 10
91851.64446799141
 20
-152229.795897091
 40
13.23
 41
13.23
 10
91944.88268766923
 20
-152229.795897091
 40
13.23
 41
13.23
  0
DIMENSION
  5
425
330
2
100
AcDbEntity
  8
0
100
AcDbDimension
  2
*D80
 10
92266.786054295
 20
-153040.3859369281
 30
0.0
 11
92226.38327137694
 21
-153148.620267884
 31
0.0
 70
   128
 71
     5
 42
30.0
  3
PANELIM
100
AcDbAlignedDimension
 13
92307.16395886416
 23
-153070.385936928
 33
0.0
 14
92307.16395886416
 24
-153040.385936928
 34
0.0
 50
270.0
100
AcDbRotatedDimension
  0
LINE
  5
435
330
2
100
AcDbEntity
  8
HAT
 62
     5
100
AcDbLine
 10
92309.16395886416
 20
-153040.385936928
 30
0.0
 11
92309.16395886416
 21
-153068.385936928
 31
0.0
  0
LINE
  5
436
330
2
100
AcDbEntity
  8
HAT
 62
     5
100
AcDbLine
 10
92307.16395886416
 20
-153040.385936928
 30
0.0
 11
92309.16395886416
 21
-153040.385936928
 31
0.0
  0
LINE
  5
437
330
2
100
AcDbEntity
  8
HAT
 62
     5
100
AcDbLine
 10
92307.16395886416
 20
-153070.385936928
 30
0.0
 11
92307.16395886416
 21
-153040.385936928
 31
0.0
  0
DIMENSION
  5
438
330
2
100
AcDbEntity
  8
0
100
AcDbDimension
  2
*D50
 10
92418.44118009256
 20
-153123.3859369281
 30
0.0
 11
92418.4411800925
 21
-153095.8859369281
 31
0.0
 70
   128
 71
     5
 42
55.0
  3
PANELIM
100
AcDbAlignedDimension
 13
92347.16395886416
 23
-153068.385936928
 33
0.0
 14
92345.16395886416
 24
-153123.385936928
 34
0.0
 50
90.0
100
AcDbRotatedDimension
1001
ACAD
1000
DSTYLE
1002
{
1070
   271
1070
     0
1002
}
  0
LINE
  5
447
330
2
100
AcDbEntity
  8
HAT
 62
     5
100
AcDbLine
 10
92345.16395886416
 20
-153070.385936928
 30
0.0
 11
92307.16395886416
 21
-153070.385936928
 31
0.0
  0
LINE
  5
448
330
2
100
AcDbEntity
  8
HAT
 62
     5
100
AcDbLine
 10
92347.16395886416
 20
-153068.385936928
 30
0.0
 11
92309.16395886416
 21
-153068.385936928
 31
0.0
  0
LINE
  5
449
330
2
100
AcDbEntity
  8
HAT
 62
     5
100
AcDbLine
 10
92345.16395886416
 20
-153123.385936928
 30
0.0
 11
92345.16395886416
 21
-153070.385936928
 31
0.0
  0
LINE
  5
44A
330
2
100
AcDbEntity
  8
HAT
 62
     5
100
AcDbLine
 10
92347.16395886416
 20
-153121.385936928
 30
0.0
 11
92347.16395886416
 21
-153068.385936928
 31
0.0
  0
DIMENSION
  5
44B
330
2
100
AcDbEntity
  8
0
100
AcDbDimension
  2
*D51
 10
92307.16395886416
 20
-152995.7821939709
 30
0.0
 11
92327.16395886416
 21
-152995.7821939709
 31
0.0
 70
   128
 71
     5
 42
40.0
  3
PANELIM
100
AcDbAlignedDimension
 13
92347.16395886416
 23
-153068.385936928
 33
0.0
 14
92307.16395886416
 24
-153040.385936928
 34
0.0
100
AcDbRotatedDimension
  0
DIMENSION
  5
45A
330
2
100
AcDbEntity
  8
0
100
AcDbDimension
  2
*D52
 10
93861.16395886416
 20
-153207.7552716857
 30
0.0
 11
93103.16395886416
 21
-153180.2552716857
 31
0.0
 71
     5
 42
1516.0
  3
PANELIM
100
AcDbAlignedDimension
 13
92345.16395886416
 23
-153123.385936928
 33
0.0
 14
93861.16395886416
 24
-153139.385936928
 34
0.0
100
AcDbRotatedDimension
1001
ACAD
1000
DSTYLE
1002
{
1070
   271
1070
     0
1002
}
  0
INSERT
  5
467
330
2
100
AcDbEntity
  8
0
  6
Continuous
100
AcDbBlockReference
  2
Zeva
 10
93341.33558535016
 20
-153123.385936928
 30
0.0
 41
1.5
 42
1.5
 43
1.5
  0
LINE
  5
468
330
2
100
AcDbEntity
  8
HAT
 62
     5
100
AcDbLine
 10
92345.16395886416
 20
-153123.385936928
 30
0.0
 11
93859.16395886416
 21
-153123.385936928
 31
0.0
  0
LINE
  5
469
330
2
100
AcDbEntity
  8
HAT
 62
     5
100
AcDbLine
 10
92347.16395886416
 20
-153121.385936928
 30
0.0
 11
93861.16395886416
 21
-153121.385936928
 31
0.0
  0
LINE
  5
46A
330
2
100
AcDbEntity
  8
hat hide
100
AcDbLine
 10
91352.79104105038
 20
-152015.216345954
 30
0.0
 11
91301.79104105038
 21
-152015.216345954
 31
0.0
  0
LINE
  5
46B
330
2
100
AcDbEntity
  8
hat hide
100
AcDbLine
 10
91354.79104105038
 20
-152099.216345954
 30
0.0
 11
91303.79104105038
 21
-152048.216345954
 31
0.0
  0
LINE
  5
46C
330
2
100
AcDbEntity
  8
hat hide
100
AcDbLine
 10
91034.79104105038
 20
-152099.216345954
 30
0.0
 11
91087.79104105038
 21
-152048.216345954
 31
0.0
  0
LINE
  5
46D
330
2
100
AcDbEntity
  8
hat hide
100
AcDbLine
 10
91301.79104105038
 20
-152015.216345954
 30
0.0
 11
91301.79104105038
 21
-152046.216345954
 31
0.0
  0
LINE
  5
46E
330
2
100
AcDbEntity
  8
hat hide
  6
HIDDEN
100
AcDbLine
 10
91303.79104105038
 20
-152015.216345954
 30
0.0
 11
91303.79104105038
 21
-152048.216345954
 31
0.0
  0
LINE
  5
46F
330
2
100
AcDbEntity
  8
hat hide
100
AcDbLine
 10
91089.79104105038
 20
-152046.216345954
 30
0.0
 11
91301.79104105038
 21
-152046.216345954
 31
0.0
  0
LINE
  5
470
330
2
100
AcDbEntity
  8
hat hide
  6
HIDDEN
100
AcDbLine
 10
91087.79104105038
 20
-152048.216345954
 30
0.0
 11
91303.79104105038
 21
-152048.216345954
 31
0.0
  0
CIRCLE
  5
471
330
2
100
AcDbEntity
  8
CONTOR
100
AcDbCircle
 10
93859.16395886375
 20
-152413.2163459545
 30
0.0
 40
1.5
  0
CIRCLE
  5
472
330
2
100
AcDbEntity
  8
CONTOR
100
AcDbCircle
 10
93863.16395886416
 20
-152496.2163459546
 30
0.0
 40
1.5
  0
LINE
  5
473
330
2
100
AcDbEntity
  8
KIFOF
 48
2.0
100
AcDbLine
 10
93863.16395886416
 20
-152414.7163459546
 30
0.0
 11
93863.16395886416
 21
-152496.2163459546
 31
0.0
  0
DIMENSION
  5
474
330
2
100
AcDbEntity
  8
Dim LengthForAreaNetto
100
AcDbDimension
  2
*D53
 10
94335.1639588641
 20
-150892.6855952891
 30
0.0
 11
93335.16408611381
 21
-150865.1855952891
 31
0.0
 71
     5
 42
1999.999745500565
  3
PANELIM
100
AcDbAlignedDimension
 13
92335.16421336353
 23
-151059.155767835
 33
0.0
 14
94335.1639588641
 24
-151059.155767835
 34
0.0
100
AcDbRotatedDimension
1001
ACAD
1000
DSTYLE
1002
{
1070
   176
1070
   256
1070
   177
1070
   256
1070
   178
1070
   256
1002
}
  0
DIMENSION
  5
482
330
2
100
AcDbEntity
  8
0
100
AcDbDimension
  2
*D81
 10
94325.1639588641
 20
-150963.9791449361
 30
0.0
 11
93335.16408611381
 21
-150936.4791449361
 31
0.0
 71
     5
 42
1979.999745500565
  3
PANELIM
100
AcDbAlignedDimension
 13
92345.16421336353
 23
-151059.155767835
 33
0.0
 14
94325.1639588641
 24
-151059.155767835
 34
0.0
100
AcDbRotatedDimension
1001
ACAD
1000
DSTYLE
1002
{
1070
   271
1070
     0
1002
}
1001
PSPanelLink
1002
{
1000
6051210545014-1
1000
1
1002
}
  0
INSERT
  5
48F
330
2
100
AcDbEntity
  8
0
  6
Continuous
100
AcDbBlockReference
  2
Zeva
 10
93335.16408611384
 20
-151059.155767835
 30
0.0
 41
1.5
 42
1.5
 43
1.5
 50
180.0
  0
LINE
  5
490
330
2
100
AcDbEntity
  8
HAT
 62
     5
100
AcDbLine
 10
92345.16421336353
 20
-151059.155767835
 30
0.0
 11
94325.1639588641
 21
-151059.155767835
 31
0.0
  0
LINE
  5
491
330
2
100
AcDbEntity
  8
HAT
 62
     5
100
AcDbLine
 10
92347.16421336353
 20
-151061.155767835
 30
0.0
 11
94323.1639588641
 21
-151061.155767835
 31
0.0
  0
DIMENSION
  5
492
330
2
100
AcDbEntity
  8
0
100
AcDbDimension
  2
*D54
 10
92725.07461048452
 20
-152413.2163459541
 30
0.0
 11
92725.07461048446
 21
-152465.2163459541
 31
0.0
 70
   128
 71
     5
 42
83.0
  3
PANELIM
100
AcDbAlignedDimension
 13
92724.05550802556
 23
-152496.216345954
 33
0.0
 14
92724.05550802556
 24
-152413.216345954
 34
0.0
 50
90.0
100
AcDbRotatedDimension
  0
LINE
  5
49F
330
2
100
AcDbEntity
  8
KIFOF
 48
2.0
100
AcDbLine
 10
92347.1639588641
 20
-152496.216345954
 30
0.0
 11
92347.16395886416
 21
-152413.216345954
 31
0.0
  0
CIRCLE
  5
4A0
330
2
100
AcDbEntity
  8
CONTOR
100
AcDbCircle
 10
92347.16395886416
 20
-152413.216345954
 30
0.0
 40
1.5
  0
LINE
  5
4A1
330
2
100
AcDbEntity
  8
KIFOF
 48
2.0
100
AcDbLine
 10
92296.16395886416
 20
-152464.216345954
 30
0.0
 11
92296.16395886416
 21
-152495.2163459545
 31
0.0
  0
DIMENSION
  5
4A2
330
2
100
AcDbEntity
  8
0
100
AcDbDimension
  2
*D55
 10
92725.07461048143
 20
-152097.2163459541
 30
0.0
 11
92725.07461048137
 21
-152176.4974722189
 31
0.0
 70
   128
 71
     5
 42
316.0
  3
PANELIM
100
AcDbAlignedDimension
 13
92725.07461048283
 23
-152413.216345954
 33
0.0
 14
92725.07461048283
 24
-152097.216345954
 34
0.0
 50
90.0
100
AcDbRotatedDimension
  0
DIMENSION
  5
4AF
330
2
100
AcDbEntity
  8
0
100
AcDbDimension
  2
*D56
 10
93506.50674787103
 20
-152545.2163459541
 30
0.0
 11
93545.62961546825
 21
-152436.216345954
 31
0.0
 70
   128
 71
     5
 42
49.0
  3
PANELIM
100
AcDbAlignedDimension
 13
93506.50674787104
 23
-152496.216345954
 33
0.0
 14
93506.50674787104
 24
-152545.216345954
 34
0.0
 50
90.0
100
AcDbRotatedDimension
  0
LINE
  5
4BF
330
2
100
AcDbEntity
  8
KIFOF
 48
2.0
100
AcDbLine
 10
92347.16395886416
 20
-152496.216345954
 30
0.0
 11
93863.1639588641
 21
-152496.2163459546
 31
0.0
  0
DIMENSION
  5
4C0
330
2
100
AcDbEntity
  8
0
100
AcDbDimension
  2
*D57
 10
92232.16395886421
 20
-152291.3344456545
 30
0.0
 11
92130.64472097774
 21
-152291.3344456545
 31
0.0
 70
   128
 71
     5
 42
27.99999999988358
  3
PANELIM
100
AcDbAlignedDimension
 13
92260.1639588641
 23
-152296.3344456545
 33
0.0
 14
92232.16395886421
 24
-152296.3344456544
 34
0.0
100
AcDbRotatedDimension
  0
DIMENSION
  5
4CF
330
2
100
AcDbEntity
  8
0
100
AcDbDimension
  2
*D58
 10
92296.16395886416
 20
-152231.071500045
 30
0.0
 11
92160.37121828574
 21
-152231.071500045
 31
0.0
 70
   128
 71
     5
 42
36.0
  3
PANELIM
100
AcDbAlignedDimension
 13
92260.16395886416
 23
-152231.071500045
 33
0.0
 14
92296.16395886416
 24
-152231.071500045
 34
0.0
100
AcDbRotatedDimension
  0
DIMENSION
  5
4DE
330
2
100
AcDbEntity
  8
0
100
AcDbDimension
  2
*D59
 10
93405.67684954494
 20
-152545.2163459541
 30
0.0
 11
93440.06680720524
 21
-152457.7163459541
 31
0.0
 71
     5
 42
18.0
  3
PANELIM
100
AcDbAlignedDimension
 13
93376.14402363198
 23
-152563.216345954
 33
0.0
 14
93375.35382344398
 24
-152545.216345954
 34
0.0
 50
90.0
100
AcDbRotatedDimension
  0
DIMENSION
  5
4EE
330
2
100
AcDbEntity
  8
0
100
AcDbDimension
  2
*D60
 10
92347.16395886398
 20
-152171.7614741327
 30
0.0
 11
92201.53467863786
 21
-152171.7614741327
 31
0.0
 70
   128
 71
     5
 42
51.0
  3
PANELIM
100
AcDbAlignedDimension
 13
92296.16395886398
 23
-152171.7614741327
 33
0.0
 14
92347.16395886398
 24
-152171.7614741327
 34
0.0
100
AcDbRotatedDimension
  0
CIRCLE
  5
4FD
330
2
100
AcDbEntity
  8
CONTOR
100
AcDbCircle
 10
92347.1639588641
 20
-152496.216345954
 30
0.0
 40
1.5
  0
CIRCLE
  5
4FE
330
2
100
AcDbEntity
  8
CONTOR
100
AcDbCircle
 10
92345.6639588641
 20
-152496.216345954
 30
0.0
 40
1.5
  0
LINE
  5
4FF
330
2
100
AcDbEntity
  8
KIFOF
 48
2.0
100
AcDbLine
 10
93861.66395886392
 20
-152545.2163459529
 30
0.0
 11
92345.16395886416
 21
-152545.216345954
 31
0.0
1001
PSPanelH
1002
{
1000
6051215072178
1000
6051215072178
1000
9.5
1000
50
1000
50
1000
5
1000
PSHoleRectangle12x3
1000
+
1000
405
1000
100
1000
100
1000
+
1000
1
1000
0
1000
1
1002
}
  0
LINE
  5
500
330
2
100
AcDbEntity
  8
KIFOF
 48
2.0
100
AcDbLine
 10
92260.16395886416
 20
-152198.2163459546
 30
0.0
 11
92260.16395886416
 21
-152310.2163459535
 31
0.0
  0
LINE
  5
501
330
2
100
AcDbEntity
  8
KIFOF
 48
2.0
100
AcDbLine
 10
92296.16395886416
 20
-152148.216345954
 30
0.0
 11
92296.16395886386
 21
-152360.2163459541
 31
0.0
  0
LINE
  5
502
330
2
100
AcDbEntity
  8
KIFOF
 48
2.0
100
AcDbLine
 10
92347.16395886416
 20
-152097.216345954
 30
0.0
 11
92347.16395886416
 21
-152413.216345954
 31
0.0
  0
LINE
  5
503
330
2
100
AcDbEntity
  8
KIFOF
 48
2.0
100
AcDbLine
 10
92347.16395886416
 20
-152413.216345954
 30
0.0
 11
93859.16395886398
 21
-152413.2163459545
 31
0.0
  0
DIMENSION
  5
504
330
2
100
AcDbEntity
  8
0
100
AcDbDimension
  2
*D61
 10
91354.79104105038
 20
-151912.8775995946
 30
0.0
 11
91328.29104105038
 21
-151912.8775995946
 31
0.0
 70
   128
 71
     5
 42
53.0
  3
PANELIM
100
AcDbAlignedDimension
 13
91301.79104105038
 23
-151994.216345954
 33
0.0
 14
91354.79104105038
 24
-152012.216345954
 34
0.0
 50
180.0
100
AcDbRotatedDimension
1001
ACAD
1000
DSTYLE
1002
{
1070
   271
1070
     0
1002
}
1001
PSPanelLink
1002
{
1000
6051210521413-1
1000
1
1002
}
  0
LINE
  5
513
330
2
100
AcDbEntity
  8
HAT
 62
     5
100
AcDbLine
 10
91303.79104105038
 20
-152012.216345954
 30
0.0
 11
91303.79104105038
 21
-151994.216345954
 31
0.0
  0
LINE
  5
514
330
2
100
AcDbEntity
  8
HAT
 62
     5
100
AcDbLine
 10
91301.79104105038
 20
-152014.216345954
 30
0.0
 11
91301.79104105038
 21
-151994.216345954
 31
0.0
  0
LINE
  5
515
330
2
100
AcDbEntity
  8
HAT
 62
     5
100
AcDbLine
 10
91301.79104105038
 20
-151994.216345954
 30
0.0
 11
91303.79104105038
 21
-151994.216345954
 31
0.0
  0
LINE
  5
516
330
2
100
AcDbEntity
  8
HAT
 62
     5
100
AcDbLine
 10
91354.79104105038
 20
-152012.216345954
 30
0.0
 11
91303.79104105038
 21
-152012.216345954
 31
0.0
  0
LINE
  5
517
330
2
100
AcDbEntity
  8
HAT
 62
     5
100
AcDbLine
 10
91352.79104105038
 20
-152014.216345954
 30
0.0
 11
91301.79104105038
 21
-152014.216345954
 31
0.0
  0
DIMENSION
  5
518
330
2
100
AcDbEntity
  8
0
100
AcDbDimension
  2
*D62
 10
91258.95119859478
 20
-151994.2163459541
 30
0.0
 11
91234.98802282392
 21
-151943.2643863746
 31
0.0
 70
   128
 71
     5
 42
20.0
  3
PANELIM
100
AcDbAlignedDimension
 13
91301.79104105038
 23
-152014.216345954
 33
0.0
 14
91301.79104105038
 24
-151994.216345954
 34
0.0
 50
270.0
100
AcDbRotatedDimension
1001
ACAD
1000
DSTYLE
1002
{
1070
   279
1070
     1
1002
}
1001
PSPanelLink
1002
{
1000
6051210521413-1
1000
1
1002
}
  0
DIMENSION
  5
528
330
2
100
AcDbEntity
  8
Dim WidthForAreaNetto
100
AcDbDimension
  2
*D63
 10
91509.47856456427
 20
-151994.2163459541
 30
0.0
 11
91481.97856456421
 21
-152046.7163459541
 31
0.0
 71
     5
 42
105.0
  3
PANELIM
100
AcDbAlignedDimension
 13
91354.79104105038
 23
-152099.216345954
 33
0.0
 14
91303.79104105038
 24
-151994.216345954
 34
0.0
 50
90.0
100
AcDbRotatedDimension
1001
ACAD
1000
DSTYLE
1002
{
1070
   178
1070
   256
1070
   177
1070
   256
1070
   176
1070
   256
1002
}
  0
DIMENSION
  5
536
330
2
100
AcDbEntity
  8
0
100
AcDbDimension
  2
*D82
 10
91438.11755718765
 20
-152012.2163459541
 30
0.0
 11
91438.1175571876
 21
-152045.2163459541
 31
0.0
 70
   128
 71
     5
 42
87.0
  3
PANELIM
100
AcDbAlignedDimension
 13
91354.79104105038
 23
-152099.216345954
 33
0.0
 14
91354.79104105038
 24
-152012.216345954
 34
0.0
 50
90.0
100
AcDbRotatedDimension
1001
PSPanelLink
1002
{
1000
6051210521413-1
1000
1
1002
}
  0
LINE
  5
543
330
2
100
AcDbEntity
  8
HAT
 62
     5
100
AcDbLine
 10
91352.79104105038
 20
-152097.216345954
 30
0.0
 11
91352.79104105038
 21
-152014.216345954
 31
0.0
  0
LINE
  5
544
330
2
100
AcDbEntity
  8
HAT
 62
     5
100
AcDbLine
 10
91354.79104105038
 20
-152099.216345954
 30
0.0
 11
91354.79104105038
 21
-152012.216345954
 31
0.0
  0
DIMENSION
  5
545
330
2
100
AcDbEntity
  8
Dim WidthForAreaNetto
100
AcDbDimension
  2
*D83
 10
91354.79104105038
 20
-152314.3057234056
 30
0.0
 11
91194.79104105038
 21
-152286.8057234056
 31
0.0
 71
     5
 42
320.0
  3
PANELIM
100
AcDbAlignedDimension
 13
91034.79104105038
 23
-152099.216345954
 33
0.0
 14
91354.79104105038
 24
-152099.216345954
 34
0.0
100
AcDbRotatedDimension
1001
ACAD
1000
DSTYLE
1002
{
1070
   178
1070
   256
1070
   177
1070
   256
1070
   176
1070
   256
1002
}
  0
LINE
  5
552
330
2
100
AcDbEntity
  8
HAT
 62
     5
100
AcDbLine
 10
91036.79104105038
 20
-152097.216345954
 30
0.0
 11
91352.79104105038
 21
-152097.216345954
 31
0.0
  0
LINE
  5
553
330
2
100
AcDbEntity
  8
HAT
 62
     5
100
AcDbLine
 10
91034.79104105038
 20
-152099.216345954
 30
0.0
 11
91354.79104105038
 21
-152099.216345954
 31
0.0
  0
DIMENSION
  5
554
330
2
100
AcDbEntity
  8
0
100
AcDbDimension
  2
*D64
 10
91034.79104105038
 20
-152235.0762004858
 30
0.0
 11
91194.79104105038
 21
-152207.5762004858
 31
0.0
 71
     5
 42
320.0
  3
PANELIM
100
AcDbAlignedDimension
 13
91354.79104105038
 23
-152099.216345954
 33
0.0
 14
91034.79104105038
 24
-152099.216345954
 34
0.0
 50
180.0
100
AcDbRotatedDimension
1001
PSPanelLink
1002
{
1000
6051210521413-1
1000
1
1002
}
  0
DIMENSION
  5
561
330
2
100
AcDbEntity
  8
Dim WidthForAreaNetto
100
AcDbDimension
  2
*D65
 10
90804.02548859407
 20
-152099.2163459541
 30
0.0
 11
90776.52548859401
 21
-151787.7163459541
 31
0.0
 71
     5
 42
623.0
  3
PANELIM
100
AcDbAlignedDimension
 13
91034.79104105038
 23
-151476.216345954
 33
0.0
 14
91034.79104105038
 24
-152099.216345954
 34
0.0
 50
90.0
100
AcDbRotatedDimension
1001
ACAD
1000
DSTYLE
1002
{
1070
   178
1070
   256
1070
   177
1070
   256
1070
   176
1070
   256
1002
}
  0
INSERT
  5
56E
330
2
100
AcDbEntity
  8
0
  6
Continuous
100
AcDbBlockReference
  2
Zeva
 10
91034.79104105038
 20
-151792.716345954
 30
0.0
 41
1.5
 42
1.5
 43
1.5
 50
270.0
  0
DIMENSION
  5
56F
330
2
100
AcDbEntity
  8
0
100
AcDbDimension
  2
*D66
 10
90897.42697199895
 20
-152099.2163459541
 30
0.0
 11
90869.9269719989
 21
-151792.7163459541
 31
0.0
 71
     5
 42
613.0
  3
PANELIM
100
AcDbAlignedDimension
 13
91034.79104105038
 23
-151486.216345954
 33
0.0
 14
91034.79104105038
 24
-152099.216345954
 34
0.0
 50
90.0
100
AcDbRotatedDimension
1001
ACAD
1000
DSTYLE
1002
{
1070
    49
1040
0.04
1070
    50
1040
1.570796326794896
1070
   271
1070
     0
1002
}
1001
PSPanelLink
1002
{
1000
6051210521413-1
1000
1
1002
}
1001
ACAD_DSTYLE_DIMJOGGED_JOGANGLE_SYMBOL
1070
   384
1040
1.570796326794896
  0
LINE
  5
57C
330
2
100
AcDbEntity
  8
HAT
 62
     5
100
AcDbLine
 10
91036.79104105038
 20
-152097.216345954
 30
0.0
 11
91036.79104105038
 21
-151488.216345954
 31
0.0
  0
LINE
  5
57D
330
2
100
AcDbEntity
  8
HAT
 62
     5
100
AcDbLine
 10
91034.79104105038
 20
-152099.216345954
 30
0.0
 11
91034.79104105038
 21
-151486.216345954
 31
0.0
  0
LINE
  5
57E
330
2
100
AcDbEntity
  8
hat hide
100
AcDbLine
 10
91089.79104105038
 20
-151489.216345954
 30
0.0
 11
91036.79104105038
 21
-151489.216345954
 31
0.0
  0
LINE
  5
57F
330
2
100
AcDbEntity
  8
hat hide
100
AcDbLine
 10
91089.79104105038
 20
-151489.216345954
 30
0.0
 11
91089.79104105038
 21
-152046.216345954
 31
0.0
  0
LINE
  5
580
330
2
100
AcDbEntity
  8
hat hide
  6
HIDDEN
100
AcDbLine
 10
91087.79104105038
 20
-151489.216345954
 30
0.0
 11
91087.79104105038
 21
-152048.216345954
 31
0.0
  0
DIMENSION
  5
581
330
2
100
AcDbEntity
  8
0
100
AcDbDimension
  2
*D67
 10
92347.16395886416
 20
-151984.1272859766
 30
0.0
 11
92826.08401968952
 21
-151984.1272859766
 31
0.0
 70
   128
 71
     5
 42
1975.999999999942
  3
PANELIM
100
AcDbAlignedDimension
 13
94323.1639588641
 23
-151958.3459628396
 33
0.0
 14
92347.16395886416
 24
-151958.3459628394
 34
0.0
 50
180.0
100
AcDbRotatedDimension
1001
ACAD
1000
DSTYLE
1002
{
1070
   271
1070
     0
1002
}
  0
CIRCLE
  5
58E
330
2
100
AcDbEntity
  8
CONTOR
100
AcDbCircle
 10
94323.16395886404
 20
-151488.2163230659
 30
0.0
 40
1.5
  0
CIRCLE
  5
58F
330
2
100
AcDbEntity
  8
CONTOR
100
AcDbCircle
 10
94324.66395886404
 20
-151488.2163230659
 30
0.0
 40
1.5
  0
LINE
  5
590
330
2
100
AcDbEntity
  8
KIFOF
 48
2.0
100
AcDbLine
 10
94323.16395886416
 20
-152097.216323066
 30
0.0
 11
94323.16395886421
 21
-151488.216323066
 31
0.0
  0
DIMENSION
  5
591
330
2
100
AcDbEntity
  8
0
100
AcDbDimension
  2
*D68
 10
92347.16395886375
 20
-151648.8117048887
 30
0.0
 11
92441.79323908985
 21
-151621.3117048887
 31
0.0
 71
     5
 42
50.99999999994179
  3
PANELIM
100
AcDbAlignedDimension
 13
92296.1639588638
 23
-151610.8169963365
 33
0.0
 14
92347.16395886375
 24
-151610.8169963365
 34
0.0
 50
180.0
100
AcDbRotatedDimension
1001
ACAD
1000
DSTYLE
1002
{
1070
   271
1070
     0
1002
}
  0
CIRCLE
  5
5A0
330
2
100
AcDbEntity
  8
CONTOR
100
AcDbCircle
 10
92347.16395886416
 20
-152097.216345954
 30
0.0
 40
1.5
  0
DIMENSION
  5
5A1
330
2
100
AcDbEntity
  8
0
100
AcDbDimension
  2
*D69
 10
92232.16395886421
 20
-151784.5816645666
 30
0.0
 11
92397.60563381434
 21
-151784.5816645666
 31
0.0
 70
   128
 71
     5
 42
28.0
  3
PANELIM
100
AcDbAlignedDimension
 13
92260.16395886421
 23
-151784.5816645666
 33
0.0
 14
92232.16395886421
 24
-151784.5816645666
 34
0.0
 50
180.0
100
AcDbRotatedDimension
1001
ACAD
1000
DSTYLE
1002
{
1070
   271
1070
     0
1002
}
  0
DIMENSION
  5
5B0
330
2
100
AcDbEntity
  8
0
100
AcDbDimension
  2
*D70
 10
92260.16395886421
 20
-151716.0001244396
 30
0.0
 11
92413.04074070974
 21
-151716.0001244396
 31
0.0
 70
   128
 71
     5
 42
36.0
  3
PANELIM
100
AcDbAlignedDimension
 13
92296.16395886421
 23
-151716.0001244396
 33
0.0
 14
92260.16395886421
 24
-151716.0001244396
 34
0.0
 50
180.0
100
AcDbRotatedDimension
1001
ACAD
1000
DSTYLE
1002
{
1070
   271
1070
     0
1002
}
  0
LINE
  5
5BF
330
2
100
AcDbEntity
  8
KIFOF
 48
2.0
100
AcDbLine
 10
92260.16395886421
 20
-151516.2163459539
 30
0.0
 11
92260.16395886421
 21
-151994.2163459535
 31
0.0
  0
LINE
  5
5C0
330
2
100
AcDbEntity
  8
KIFOF
 48
2.0
100
AcDbLine
 10
92296.16395886352
 20
-151507.2163459535
 30
0.0
 11
92296.16395886352
 21
-152044.2163459541
 31
0.0
  0
CIRCLE
  5
5C1
330
2
100
AcDbEntity
  8
CONTOR
100
AcDbCircle
 10
92347.16395886421
 20
-151488.2163459539
 30
0.0
 40
1.5
  0
CIRCLE
  5
5C2
330
2
100
AcDbEntity
  8
CONTOR
100
AcDbCircle
 10
92345.66395886421
 20
-151488.2163459539
 30
0.0
 40
1.5
  0
LWPOLYLINE
  5
5C3
330
2
100
AcDbEntity
  8
CONTOR
100
AcDbPolyline
 90
       62
 70
     1
 43
0.0
 10
92398.16395886421
 20
-151372.216345954
 10
92398.16395886421
 20
-151400.216345954
 10
92348.16395886421
 20
-151400.216345954
 10
92348.16395886421
 20
-151421.216345954
 10
92345.16395886421
 20
-151421.216345954
 10
92345.16395886421
 20
-151489.2163459535
 10
92296.16395886421
 20
-151489.2163459535
 10
92296.16395886421
 20
-151507.2163459535
 10
92260.16395886421
 20
-151507.2163459535
 10
92260.16395886421
 20
-151516.216345954
 10
92232.16395886421
 20
-151516.216345954
 10
92232.16395886416
 20
-151994.2163459535
 10
92260.16395886433
 20
-151994.2163459535
 10
92260.16395886421
 20
-152044.216345954
 10
92296.16395886421
 20
-152044.2163459541
 10
92296.16395886421
 20
-152046.2163459541
 10
92347.16395886416
 20
-152097.216345954
 10
92296.16395886416
 20
-152148.216345954
 10
92260.16395886416
 20
-152148.216345954
 10
92260.16395886433
 20
-152198.2163459546
 10
92232.16395886427
 20
-152198.2163459546
 10
92232.16395886416
 20
-152310.2163459535
 10
92260.16395886433
 20
-152310.2163459535
 10
92260.16395886421
 20
-152360.216345954
 10
92296.16395886421
 20
-152360.2163459541
 10
92296.16395886421
 20
-152362.2163459541
 10
92347.16395886416
 20
-152413.216345954
 10
92296.16395886416
 20
-152464.216345954
 10
92258.16395886416
 20
-152464.216345954
 10
92258.1639588641
 20
-152516.216345954
 10
92295.16395886416
 20
-152516.216345954
 10
92295.16395886416
 20
-152495.2163459545
 10
92345.16395886416
 20
-152495.2163459545
 10
92345.16395886416
 20
-152563.216345954
 10
93861.66395886392
 20
-152563.2163459541
 10
93861.66395886386
 20
-152496.2163459542
 10
93864.6639588641
 20
-152496.2163459545
 10
93864.66395886421
 20
-152516.2163459546
 10
93901.16395886427
 20
-152516.2163459546
 10
93901.16395886346
 20
-152414.7163459552
 10
93859.16395886375
 20
-152414.716345954
 10
93859.16395886375
 20
-152411.7163459545
 10
93875.16395886392
 20
-152411.7163459545
 10
93875.16395886416
 20
-152163.2163338284
 10
93859.16395879256
 20
-152163.2163343
 10
93859.16395831572
 20
-152144.2163467404
 10
93862.16395831572
 20
-152144.2163453038
 10
93862.16395879256
 20
-152160.2163338231
 10
94325.16395930432
 20
-152160.2163338284
 10
94325.16395886433
 20
-152096.216345954
 10
94369.16395886421
 20
-152096.216345954
 10
94369.16395886421
 20
-152078.216345954
 10
94388.16395886421
 20
-152078.216345954
 10
94388.16395886427
 20
-151486.2163459535
 10
94372.16395886421
 20
-151486.2163459535
 10
94372.16395886421
 20
-151489.2163459535
 10
94325.16395886421
 20
-151489.2163459535
 10
94325.16395886421
 20
-151421.216345954
 10
94322.16395886421
 20
-151421.216345954
 10
94322.16395886421
 20
-151400.216345954
 10
94272.16395886421
 20
-151400.216345954
 10
94272.16395886421
 20
-151372.216345954
  0
DIMENSION
  5
5C4
330
2
100
AcDbEntity
  8
0
100
AcDbDimension
  2
*D71
 10
93686.67827050027
 20
-151400.2163459541
 30
0.0
 11
93646.88552992184
 21
-151553.8583245894
 31
0.0
 70
   128
 71
     5
 42
39.0
  3
PANELIM
100
AcDbAlignedDimension
 13
93689.54384551336
 23
-151439.216345954
 33
0.0
 14
93686.67827050037
 24
-151400.216345954
 34
0.0
 50
90.0
100
AcDbRotatedDimension
1001
ACAD
1000
DSTYLE
1002
{
1070
   271
1070
     0
1002
}
  0
DIMENSION
  5
5D4
330
2
100
AcDbEntity
  8
0
100
AcDbDimension
  2
*D72
 10
93582.38434061472
 20
-151439.2163459541
 30
0.0
 11
93543.26147301738
 21
-151568.0501665079
 31
0.0
 70
   128
 71
     5
 42
49.0
  3
PANELIM
100
AcDbAlignedDimension
 13
93582.38434061465
 23
-151488.216345954
 33
0.0
 14
93582.38434061465
 24
-151439.216345954
 34
0.0
 50
90.0
100
AcDbRotatedDimension
1001
ACAD
1000
DSTYLE
1002
{
1070
   271
1070
     0
1002
}
  0
LINE
  5
5E4
330
2
100
AcDbEntity
  8
KIFOF
 48
2.0
100
AcDbLine
 10
94323.16395886421
 20
-151488.216345954
 30
0.0
 11
92347.16395886421
 21
-151488.216345954
 31
0.0
1001
PSPanelO2
1002
{
1000
6051212494901
1000
6051212494901
1000
0
1000
1
1000
7
1000
1000
1000
450
1000
180
1000
OMEGA-
1000
24
1000
15
1000
1
1000
1
1005
0
1000
2
1011
94323.16395886421
1021
-151488.216345954
1031
0.0
1011
92347.16395886421
1021
-151488.216345954
1031
0.0
1005
0
1000
6
1000
0
1000
0
1000
1
1000
0
1000
0
1002
}
1002
{
1000
6022209154201
1000
6022209154201
1000
0
1000
1
1000
7
1000
1000
1000
350
1000
250
1000
OMEGA-
1000
24
1000
15
1000
1
1000
1
1005
0
1000
2
1011
92347.16395886421
1021
-151488.216345954
1031
0.0
1011
94323.16395886421
1021
-151488.216345954
1031
0.0
1005
0
1000
6
1000
0
1000
0
1000
1
1000
0
1000
0
1002
}
1002
{
1000
5021823144102
1000
5021823144102
1000
0
1000
2
1000
7
1000
1000
1000
350
1000
250
1000
OMEGA-
1000
24
1000
15
1000
1
1000
1
1005
0
1000
2
1011
94323.16395886421
1021
-151488.216345954
1031
0.0
1011
92347.16395886421
1021
-151488.216345954
1031
0.0
1005
0
1000
6
1000
0
1000
0
1000
1
1000
0
1000
0
1002
}
1002
{
1000
5021823134801
1000
5021823134801
1000
0
1000
1
1000
7
1000
1000
1000
450
1000
250
1000
OMEGA-
1000
24
1000
15
1000
1
1000
1
1005
0
1000
2
1011
94323.16395886421
1021
-151488.216345954
1031
0.0
1011
92347.16395886421
1021
-151488.216345954
1031
0.0
1005
0
1000
6
1000
0
1000
0
1000
1
1000
0
1000
0
1002
}
1002
{
1000
3030811152901
1000
3030811152901
1000

1000
1
1000
7
1000
1000
1000
200
1000
250
1000
OMEGA-
1000
24
1000
15
1000
1
1000
1
1005
0
1000
2
1011
94323.16395886421
1021
-151488.216345954
1031
0.0
1011
92347.16395886421
1021
-151488.216345954
1031
0.0
1005
0
1000
6
1000
0
1000
0
1000
1
1002
}
1002
{
1000
3022314110401
1000
3022314110401
1000

1000
1
1000
7
1000
1000
1000
200
1000
250
1000
OMEGA-
1000
24
1000
15
1000
1
1000
1
1005
0
1000
2
1011
94323.16395886421
1021
-151488.216345954
1031
0.0
1011
92347.16395886421
1021
-151488.216345954
1031
0.0
1005
0
1000
6
1000
0
1000
0
1000
1
1002
}
1002
{
1000
3020115360901
1000
3020115360901
1000

1000
2
1000
7
1000
1000
1000
200
1000
250
1000
OMEGA-
1000
24
1000
15
1000
1
1000
1
1005
0
1000
2
1011
92347.16395886421
1021
-151488.216345954
1031
0.0
1011
94323.16395886421
1021
-151488.216345954
1031
0.0
1005
0
1000
6
1000
0
1000
0
1000
1
1002
}
  0
DIMENSION
  5
5E6
330
2
100
AcDbEntity
  8
0
100
AcDbDimension
  2
*D73
 10
92232.16395886421
 20
-151262.5320476848
 30
0.0
 11
93310.16395886424
 21
-151212.5320476848
 31
0.0
 71
     5
 42
2156.000000000058
  3
PANELIM
100
AcDbAlignedDimension
 13
94388.16395886427
 23
-151486.2163459535
 33
0.0
 14
92232.16395886421
 24
-151516.216345954
 34
0.0
 50
180.0
100
AcDbRotatedDimension
1001
ACAD
1000
DSTYLE
1002
{
1070
   140
1040
60.0
1070
   147
1040
-10.0
1002
}
1001
PSPanelLink
1002
{
1000
6051210545014-2
1000
1
1000
-
1000
20
1002
}
1002
{
1000
3102310291803-1
1000
2
1002
}
  0
DIMENSION
  5
5F7
330
2
100
AcDbEntity
  8
0
100
AcDbDimension
  2
*D74
 10
92082.43898017159
 20
-152563.2163459541
 30
0.0
 11
92032.43898017153
 21
-151967.7163459541
 31
0.0
 71
     5
 42
1191.0
  3
PANELIM
100
AcDbAlignedDimension
 13
92398.16395886421
 23
-151372.216345954
 33
0.0
 14
92345.16395886416
 24
-152563.216345954
 34
0.0
 50
90.0
100
AcDbRotatedDimension
1001
ACAD
1000
DSTYLE
1002
{
1070
   140
1040
60.0
1070
   147
1040
-10.0
1002
}
1001
PSPanelLink
1002
{
1000
6051210521413-2
1000
1
1000
-
1000
28
1002
}
1002
{
1000
3102310294306-1
1000
2
1002
}
  0
LINE
  5
608
330
2
100
AcDbEntity
  8
KIFOF
 48
2.0
100
AcDbLine
 10
93859.16395825635
 20
-152097.2163379638
 30
0.0
 11
92347.16395886416
 21
-152097.216345954
 31
0.0
1001
PSPanelH
1002
{
1000
6051212494938
1000
6051212494938
1000
25
1000
250
1000
250
1000
3
1000
PSHoleEllipse20x6
1000
+
1000
700
1000
140
1000
150
1000
+
1000
1
1000
0
1000
1
1002
}
  0
LINE
  5
609
330
2
100
AcDbEntity
  8
KIFOF
 48
2.0
100
AcDbLine
 10
94325.16395886404
 20
-151439.216345954
 30
0.0
 11
92345.16395886421
 21
-151439.216345954
 31
0.0
  0
LINE
  5
60A
330
2
100
AcDbEntity
  8
KIFOF
 48
2.0
100
AcDbLine
 10
92347.16395886416
 20
-152097.216345954
 30
0.0
 11
92347.16395886421
 21
-151488.216345954
 31
0.0
  0
ENDSEC
  0
SECTION
  2
OBJECTS
  0
DICTIONARY
  5
A
330
0
100
AcDbDictionary
281
     1
  3
ACAD_COLOR
350
3E
  3
ACAD_DETAILVIEWSTYLE
350
610
  3
ACAD_FIELDLIST
350
60E
  3
ACAD_GROUP
350
35
  3
ACAD_LAST_SAVED_VERSION_INFO
350
60F
  3
ACAD_LAYOUT
350
17
  3
ACAD_MATERIAL
350
C
  3
ACAD_MLEADERSTYLE
350
41
  3
ACAD_MLINESTYLE
350
36
  3
ACAD_PLOTSETTINGS
350
37
  3
ACAD_PLOTSTYLENAME
350
9
  3
ACAD_SCALELIST
350
3F
  3
ACAD_SECTIONVIEWSTYLE
350
611
  3
ACAD_TABLESTYLE
350
40
  3
ACAD_VISUALSTYLE
350
2C
  3
ACDB_RECOMPOSE_DATA
350
667
  3
ACDBVARIABLEDICTIONARY
350
42
  3
AcDsDecomposeData
350
668
  0
DICTIONARY
  5
629
330
29
100
AcDbDictionary
280
     1
281
     1
  3
ACAD_XREC_ROUNDTRIP
360
62A
  0
DICTIONARY
  5
1F
330
1E
100
AcDbDictionary
280
     1
281
     1
  3
ACAD_LAYERSTATES
360
20
  0
DICTIONARY
  5
3
330
2
100
AcDbDictionary
280
     1
281
     1
  3
ACAD_SORTENTS
360
60D
  0
DICTIONARY
  5
EC
330
EB
100
AcDbDictionary
280
     1
281
     1
  3
ACAD_SORTENTS
360
60B
  0
DICTIONARY
  5
92
330
91
100
AcDbDictionary
280
     1
281
     1
  3
ACAD_SORTENTS
360
60C
  0
DICTIONARY
  5
FA
330
F9
100
AcDbDictionary
280
     1
281
     1
  3
AcDbContextDataManager
360
FB
  0
DICTIONARY
  5
FF
330
FE
100
AcDbDictionary
280
     1
281
     1
  3
AcDbContextDataManager
360
100
  0
DICTIONARY
  5
103
330
102
100
AcDbDictionary
280
     1
281
     1
  3
AcDbContextDataManager
360
104
  0
DICTIONARY
  5
108
330
107
100
AcDbDictionary
280
     1
281
     1
  3
AcDbContextDataManager
360
109
  0
DICTIONARY
  5
3E
102
{ACAD_REACTORS
330
A
102
}
330
A
100
AcDbDictionary
281
     1
  0
DICTIONARY
  5
610
102
{ACAD_REACTORS
330
A
102
}
330
A
100
AcDbDictionary
281
     1
  0
FIELDLIST
  5
60E
102
{ACAD_REACTORS
330
A
102
}
330
A
100
AcDbIdSet
 90
        0
100
AcDbFieldList
  0
DICTIONARY
  5
35
102
{ACAD_REACTORS
330
A
102
}
330
A
100
AcDbDictionary
281
     1
  0
XRECORD
  5
60F
102
{ACAD_REACTORS
330
A
102
}
330
A
100
AcDbXrecord
280
     1
300
{73211A62-6BC3-D140-B068-4BBB71343696}
301
{9F08E760-BFE4-0F49-BDF2-16D77B7910FD}
302
{73211A62-6BC3-D140-B068-4BBB71343696}
303
\\10.0.0.5\Dropbox\lior autocad files\ענק\גרנד נתניה\Panelim\2026\DWG\DWG 904\PN_PL_1570.dwg
  0
DICTIONARY
  5
17
102
{ACAD_REACTORS
330
A
102
}
330
A
100
AcDbDictionary
281
     1
  3
Layout1
350
1D
  3
Model
350
16
  0
DICTIONARY
  5
C
102
{ACAD_REACTORS
330
A
102
}
330
A
100
AcDbDictionary
281
     1
  3
ByBlock
350
3B
  3
ByLayer
350
38
  3
Global
350
B
  0
DICTIONARY
  5
41
102
{ACAD_REACTORS
330
A
102
}
330
A
100
AcDbDictionary
281
     1
  3
Standard
350
626
  0
DICTIONARY
  5
36
102
{ACAD_REACTORS
330
A
102
}
330
A
100
AcDbDictionary
281
     1
  3
Standard
350
5B
  0
DICTIONARY
  5
37
102
{ACAD_REACTORS
330
A
102
}
330
A
100
AcDbDictionary
281
     1
  0
ACDBDICTIONARYWDFLT
  5
9
102
{ACAD_REACTORS
330
A
102
}
330
A
100
AcDbDictionary
281
     1
  3
Normal
350
8
100
AcDbDictionaryWithDefault
340
8
  0
DICTIONARY
  5
3F
102
{ACAD_REACTORS
330
A
102
}
330
A
100
AcDbDictionary
281
     1
  3
*A1
350
60
  3
A0
350
61
  3
A1
350
62
  3
A2
350
63
  3
A3
350
64
  3
A4
350
65
  3
A5
350
66
  3
A6
350
67
  3
A7
350
68
  3
A8
350
69
  3
A9
350
6A
  3
B0
350
6B
  3
B1
350
6C
  3
B2
350
6D
  3
B3
350
6E
  3
B4
350
6F
  3
B5
350
70
  3
B6
350
71
  0
DICTIONARY
  5
611
102
{ACAD_REACTORS
330
A
102
}
330
A
100
AcDbDictionary
281
     1
  0
DICTIONARY
  5
40
102
{ACAD_REACTORS
330
A
102
}
330
A
100
AcDbDictionary
281
     1
  3
Standard
350
5C
  0
DICTIONARY
  5
2C
102
{ACAD_REACTORS
330
A
102
}
330
A
100
AcDbDictionary
281
     1
  3
2dWireframe
350
2B
  3
Basic
350
617
  3
Brighten
350
61A
  3
ColorChange
350
61E
  3
Conceptual
350
618
  3
Dim
350
619
  3
EdgeColorOff
350
9F
  3
Facepattern
350
61D
  3
Flat
350
612
  3
FlatWithEdges
350
613
  3
Gouraud
350
614
  3
GouraudWithEdges
350
615
  3
Hidden
350
616
  3
JitterOff
350
61F
  3
Linepattern
350
61C
  3
OverhangOff
350
620
  3
Realistic
350
5E
  3
Shaded
350
625
  3
Shaded with edges
350
624
  3
Shades of Gray
350
621
  3
Sketchy
350
622
  3
Thicken
350
61B
  3
Wireframe
350
5F
  3
X-Ray
350
623
  0
XRECORD
  5
667
102
{ACAD_REACTORS
330
A
102
}
330
A
100
AcDbXrecord
280
     1
 90
        1
330
5C
  0
DICTIONARY
  5
42
102
{ACAD_REACTORS
330
A
102
}
330
A
100
AcDbDictionary
281
     2
  3
#REVCLOUDAPPROXARCLEN
350
43
  3
ANNOALLVISIBLE
350
44
  3
CANNOSCALE
350
45
  3
CMLEADERSTYLE
350
671
  3
CTABLESTYLE
350
47
  3
DIMADEC
350
4A
  3
DIMASSOC
350
4B
  3
DIMLAYER
350
4C
  3
EXPORTPAPERSPACE
350
4D
  3
HPCOLOR
350
4E
  3
HPINHERIT
350
4F
  3
HPTRANSPARENCY
350
50
  3
INDEXCTL
350
51
  3
LAYEREVAL
350
52
  3
LAYERNOTIFY
350
53
  3
LIGHTINGUNITS
350
54
  3
MLEADERSCALE
350
55
  3
MSLTSCALE
350
56
  3
OLEFRAME
350
57
  3
PDFFRAME
350
58
  3
SOLIDHIST
350
59
  3
SORTENTS
350
5A
  3
XCLIPFRAME
350
62B
  0
DICTIONARY
  5
668
102
{ACAD_REACTORS
330
A
102
}
330
A
100
AcDbDictionary
281
     1
  3
AcDsRecords
350
669
  3
AcDsSchemas
350
66A
1001
ACAD
1070
     2
  0
XRECORD
  5
62A
102
{ACAD_REACTORS
330
629
102
}
330
629
100
AcDbXrecord
280
     1
102
VTR_0.000_0.000_1.000_1.000_VISUALSTYLE
340
2B
102
VTR_0.000_0.000_1.000_1.000_GRIDDISPLAY
 70
     3
102
VTR_0.000_0.000_1.000_1.000_GRIDMAJOR
 70
     5
102
VTR_0.000_0.000_1.000_1.000_DEFAULTLIGHTING
280
     1
102
VTR_0.000_0.000_1.000_1.000_DEFAULTLIGHTINGTYPE
 70
     1
102
VTR_0.000_0.000_1.000_1.000_BRIGHTNESS
141
0.0
102
VTR_0.000_0.000_1.000_1.000_CONTRAST
142
0.0
  0
DICTIONARY
  5
20
102
{ACAD_REACTORS
330
1F
102
}
330
1F
100
AcDbDictionary
281
     1
  0
SORTENTSTABLE
  5
60D
102
{ACAD_REACTORS
330
3
102
}
330
3
100
AcDbSortentsTable
330
2
  0
SORTENTSTABLE
  5
60B
102
{ACAD_REACTORS
330
EC
102
}
330
EC
100
AcDbSortentsTable
330
EB
331
F8
  5
107
331
F9
  5
106
331
FE
  5
102
331
102
  5
FE
331
106
  5
F9
331
107
  5
F8
  0
SORTENTSTABLE
  5
60C
102
{ACAD_REACTORS
330
92
102
}
330
92
100
AcDbSortentsTable
330
91
  0
DICTIONARY
  5
FB
102
{ACAD_REACTORS
330
FA
102
}
330
FA
100
AcDbDictionary
281
     1
  3
ACDB_ANNOTATIONSCALES
350
FC
  0
DICTIONARY
  5
100
102
{ACAD_REACTORS
330
FF
102
}
330
FF
100
AcDbDictionary
281
     1
  3
ACDB_ANNOTATIONSCALES
350
101
  0
DICTIONARY
  5
104
102
{ACAD_REACTORS
330
103
102
}
330
103
100
AcDbDictionary
281
     1
  3
ACDB_ANNOTATIONSCALES
350
105
  0
DICTIONARY
  5
109
102
{ACAD_REACTORS
330
108
102
}
330
108
100
AcDbDictionary
281
     1
  3
ACDB_ANNOTATIONSCALES
350
10A
  0
LAYOUT
  5
1D
102
{ACAD_REACTORS
330
17
102
}
330
17
100
AcDbPlotSettings
  1

  2
C:\Documents and Settings\basas\Application Data\Autodesk\AutoCAD 2005\R16.1\enu\plotters\Default Windows System Printer.pc3
  4

  6

 40
0.0
 41
0.0
 42
0.0
 43
0.0
 44
0.0
 45
0.0
 46
0.0
 47
0.0
 48
0.0
 49
0.0
140
0.0
141
0.0
142
1.0
143
1.0
 70
   688
 72
     0
 73
     0
 74
     5
  7

 75
    16
 76
     0
 77
     2
 78
   300
147
1.0
148
0.0
149
0.0
100
AcDbLayout
  1
Layout1
 70
     0
 71
     1
 10
0.0
 20
0.0
 11
12.0
 21
9.0
 12
0.0
 22
0.0
 32
0.0
 14
0.0
 24
0.0
 34
0.0
 15
0.0
 25
0.0
 35
0.0
146
0.0
 13
0.0
 23
0.0
 33
0.0
 16
1.0
 26
0.0
 36
0.0
 17
0.0
 27
1.0
 37
0.0
 76
     0
330
1A
  0
LAYOUT
  5
16
102
{ACAD_REACTORS
330
17
102
}
102
{ACAD_XDICTIONARY
360
62C
102
}
330
17
100
AcDbPlotSettings
  1

  2
DWG To PDF.pc3
  4
ISO_full_bleed_A4_(210.00_x_297.00_MM)
  6

 40
0.0
 41
0.0
 42
0.0
 43
0.0
 44
210.0
 45
297.0
 46
0.0
 47
1.770961350206221
 48
138422.6814395501
 49
-169324.3781053877
140
141997.0643191159
141
-164329.4660702928
142
1.0
143
17.02087085507519
 70
 11956
 72
     1
 73
     0
 74
     4
  7
PANELIM.ctb
 75
     0
 76
     1
 77
     2
 78
   300
147
0.058751400472663
148
-138422.6814395501
149
169324.3781053877
100
AcDbLayout
  1
Model
 70
     1
 71
     0
 10
0.0
 20
0.0
 11
12.0
 21
9.0
 12
0.0
 22
0.0
 32
0.0
 14
0.0
 24
0.0
 34
0.0
 15
0.0
 25
0.0
 35
0.0
146
0.0
 13
0.0
 23
0.0
 33
0.0
 16
1.0
 26
0.0
 36
0.0
 17
0.0
 27
1.0
 37
0.0
 76
     0
330
2
331
2A
1001
ACAD_PSEXT
1000
DWG To PDF.pc3
1000
DWG To PDF
1000
File
1000

1070
     0
  0
MATERIAL
  5
3B
102
{ACAD_REACTORS
330
C
102
}
102
{ACAD_XDICTIONARY
360
3C
102
}
330
C
100
AcDbMaterial
  1
ByBlock
 73
     2
 78
     2
172
     2
176
     2
270
     2
274
     2
  0
MATERIAL
  5
38
102
{ACAD_REACTORS
330
C
102
}
102
{ACAD_XDICTIONARY
360
39
102
}
330
C
100
AcDbMaterial
  1
ByLayer
 73
     2
 78
     2
172
     2
176
     2
270
     2
274
     2
  0
MATERIAL
  5
B
102
{ACAD_REACTORS
330
C
102
}
102
{ACAD_XDICTIONARY
360
D
102
}
330
C
100
AcDbMaterial
  1
Global
 73
     2
 43
0.0007999999797903
 43
0.0
 43
0.0
 43
0.0
 43
0.0
 43
0.0007999999797903
 43
0.0
 43
0.0
 43
0.0
 43
0.0
 43
1.0
 43
0.0
 43
0.0
 43
0.0
 43
0.0
 43
1.0
 78
     2
172
     2
 49
0.0007999999797903
 49
0.0
 49
0.0
 49
0.0
 49
0.0
 49
0.0007999999797903
 49
0.0
 49
0.0
 49
0.0
 49
0.0
 49
1.0
 49
0.0
 49
0.0
 49
0.0
 49
0.0
 49
1.0
176
     2
142
0.0007999999797903
142
0.0
142
0.0
142
0.0
142
0.0
142
0.0007999999797903
142
0.0
142
0.0
142
0.0
142
0.0
142
1.0
142
0.0
142
0.0
142
0.0
142
0.0
142
1.0
270
     2
144
0.0007999999797903
144
0.0
144
0.0
144
0.0
144
0.0
144
0.0007999999797903
144
0.0
144
0.0
144
0.0
144
0.0
144
1.0
144
0.0
144
0.0
144
0.0
144
0.0
144
1.0
274
     2
1001
ACAD
1070
    -1
1070
     3
1070
     0
1000

1071
        0
1070
     0
  0
MLEADERSTYLE
  5
626
102
{ACAD_REACTORS
330
41
102
}
102
{ACAD_XDICTIONARY
360
632
102
}
330
41
100
AcDbMLeaderStyle
170
     2
171
     1
172
     0
 90
        2
 40
0.0
 41
0.0
173
     1
 91
-1056964608
340
25
 92
       -2
290
     1
 42
2.0
291
     1
 43
8.0
  3
Standard
341
0
 44
4.0
300

342
22
174
     1
178
     6
175
     1
176
     0
 93
-1056964608
 45
4.0
292
     0
297
     0
 46
4.0
343
0
 94
-1056964608
 47
1.0
 49
1.0
140
1.0
293
     1
141
0.0
294
     1
177
     0
142
1.0
295
     0
296
     0
143
3.75
1001
ACAD_MLEADERVER
1070
     2
  0
MLINESTYLE
  5
5B
102
{ACAD_REACTORS
330
36
102
}
330
36
100
AcDbMlineStyle
  2
STANDARD
 70
     0
  3

 62
   256
 51
90.0
 52
90.0
 71
     2
 49
0.5
 62
   256
  6
BYLAYER
 49
-0.5
 62
   256
  6
BYLAYER
  0
ACDBPLACEHOLDER
  5
8
102
{ACAD_REACTORS
330
9
102
}
330
9
  0
SCALE
  5
60
102
{ACAD_REACTORS
330
3F
102
}
330
3F
100
AcDbScale
 70
     0
300
1:75
140
1.0
141
75.0
290
     0
  0
SCALE
  5
61
102
{ACAD_REACTORS
330
3F
102
}
330
3F
100
AcDbScale
 70
     0
300
1:1
140
1.0
141
1.0
290
     1
  0
SCALE
  5
62
102
{ACAD_REACTORS
330
3F
102
}
330
3F
100
AcDbScale
 70
     0
300
1:2
140
1.0
141
2.0
290
     0
  0
SCALE
  5
63
102
{ACAD_REACTORS
330
3F
102
}
330
3F
100
AcDbScale
 70
     0
300
1:4
140
1.0
141
4.0
290
     0
  0
SCALE
  5
64
102
{ACAD_REACTORS
330
3F
102
}
330
3F
100
AcDbScale
 70
     0
300
1:5
140
1.0
141
5.0
290
     0
  0
SCALE
  5
65
102
{ACAD_REACTORS
330
3F
102
}
330
3F
100
AcDbScale
 70
     0
300
1:8
140
1.0
141
8.0
290
     0
  0
SCALE
  5
66
102
{ACAD_REACTORS
330
3F
102
}
330
3F
100
AcDbScale
 70
     0
300
1:10
140
1.0
141
10.0
290
     0
  0
SCALE
  5
67
102
{ACAD_REACTORS
330
3F
102
}
330
3F
100
AcDbScale
 70
     0
300
1:16
140
1.0
141
16.0
290
     0
  0
SCALE
  5
68
102
{ACAD_REACTORS
330
3F
102
}
330
3F
100
AcDbScale
 70
     0
300
1:20
140
1.0
141
20.0
290
     0
  0
SCALE
  5
69
102
{ACAD_REACTORS
330
3F
102
}
330
3F
100
AcDbScale
 70
     0
300
1:30
140
1.0
141
30.0
290
     0
  0
SCALE
  5
6A
102
{ACAD_REACTORS
330
3F
102
}
330
3F
100
AcDbScale
 70
     0
300
1:40
140
1.0
141
40.0
290
     0
  0
SCALE
  5
6B
102
{ACAD_REACTORS
330
3F
102
}
330
3F
100
AcDbScale
 70
     0
300
1:50
140
1.0
141
50.0
290
     0
  0
SCALE
  5
6C
102
{ACAD_REACTORS
330
3F
102
}
330
3F
100
AcDbScale
 70
     0
300
1:100
140
1.0
141
100.0
290
     0
  0
SCALE
  5
6D
102
{ACAD_REACTORS
330
3F
102
}
330
3F
100
AcDbScale
 70
     0
300
2:1
140
2.0
141
1.0
290
     0
  0
SCALE
  5
6E
102
{ACAD_REACTORS
330
3F
102
}
330
3F
100
AcDbScale
 70
     0
300
4:1
140
4.0
141
1.0
290
     0
  0
SCALE
  5
6F
102
{ACAD_REACTORS
330
3F
102
}
330
3F
100
AcDbScale
 70
     0
300
8:1
140
8.0
141
1.0
290
     0
  0
SCALE
  5
70
102
{ACAD_REACTORS
330
3F
102
}
330
3F
100
AcDbScale
 70
     0
300
10:1
140
10.0
141
1.0
290
     0
  0
SCALE
  5
71
102
{ACAD_REACTORS
330
3F
102
}
330
3F
100
AcDbScale
 70
     0
300
100:1
140
100.0
141
1.0
290
     0
  0
TABLESTYLE
  5
5C
102
{ACAD_REACTORS
330
40
102
}
102
{ACAD_XDICTIONARY
360
634
102
}
330
40
100
AcDbTableStyle
  3
Standard
 70
     0
 71
     0
 40
1.5
 41
1.5
280
     0
281
     0
  7
Standard
140
4.5
170
     2
 62
     0
 63
   257
283
     0
274
    -2
284
     1
 64
     0
275
    -2
285
     1
 65
     0
276
    -2
286
     1
 66
     0
277
    -2
287
     1
 67
     0
278
    -2
288
     1
 68
     0
279
    -2
289
     1
 69
     0
  7
Standard
140
6.0
170
     5
 62
     0
 63
   257
283
     0
274
    -2
284
     1
 64
     0
275
    -2
285
     1
 65
     0
276
    -2
286
     1
 66
     0
277
    -2
287
     1
 67
     0
278
    -2
288
     1
 68
     0
279
    -2
289
     1
 69
     0
  7
Standard
140
4.5
170
     5
 62
     0
 63
   257
283
     0
274
    -2
284
     1
 64
     0
275
    -2
285
     1
 65
     0
276
    -2
286
     1
 66
     0
277
    -2
287
     1
 67
     0
278
    -2
288
     1
 68
     0
279
    -2
289
     1
 69
     0
  0
VISUALSTYLE
  5
2B
102
{ACAD_REACTORS
330
2C
102
}
102
{ACAD_XDICTIONARY
360
637
102
}
330
2C
100
AcDbVisualStyle
  2
2dWireframe
 70
     4
 71
     0
 72
     2
 73
     1
 90
        0
 40
0.6
 41
30.0
 62
     5
 63
     7
421
 16777215
 74
     1
 91
        4
 64
     7
 65
   257
 75
     1
175
     1
 42
1.0
 92
        0
 66
   257
 43
1.0
 76
     1
 77
     6
 78
     2
 67
     7
 79
     5
170
     0
171
     0
290
     0
174
     0
 93
        1
 44
0.0
173
     0
291
     0
 45
0.0
1001
ACAD
1000
AcDbSavedByObjectVersion
1070
     0
  0
VISUALSTYLE
  5
617
102
{ACAD_REACTORS
330
2C
102
}
102
{ACAD_XDICTIONARY
360
649
102
}
330
2C
100
AcDbVisualStyle
  2
Basic
 70
     7
 71
     1
 72
     0
 73
     1
 90
        0
 40
0.6
 41
30.0
 62
     5
 63
     7
421
 16777215
 74
     0
 91
        4
 64
     7
 65
   257
 75
     1
175
     1
 42
1.0
 92
        8
 66
     7
 43
1.0
 76
     1
 77
     6
 78
     2
 67
     7
 79
     5
170
     0
171
     0
290
     0
174
     0
 93
        1
 44
0.0
173
     0
291
     1
 45
0.0
1001
ACAD
1000
AcDbSavedByObjectVersion
1070
     0
  0
VISUALSTYLE
  5
61A
102
{ACAD_REACTORS
330
2C
102
}
102
{ACAD_XDICTIONARY
360
64F
102
}
330
2C
100
AcDbVisualStyle
  2
Brighten
 70
    12
 71
     2
 72
     2
 73
     0
 90
        0
 40
0.6
 41
30.0
 62
     5
 63
     7
421
 16777215
 74
     1
 91
        4
 64
     7
 65
   257
 75
     1
175
     1
 42
1.0
 92
        8
 66
     7
 43
1.0
 76
     1
 77
     6
 78
     2
 67
     7
 79
     5
170
     0
171
     0
290
     0
174
     0
 93
        1
 44
50.0
173
     0
291
     1
 45
0.0
1001
ACAD
1000
AcDbSavedByObjectVersion
1070
     0
  0
VISUALSTYLE
  5
61E
102
{ACAD_REACTORS
330
2C
102
}
102
{ACAD_XDICTIONARY
360
657
102
}
330
2C
100
AcDbVisualStyle
  2
ColorChange
 70
    16
 71
     2
 72
     2
 73
     3
 90
        0
 40
0.6
 41
30.0
 62
     5
 63
     8
421
  8421504
 74
     1
 91
        4
 64
     7
 65
   257
 75
     1
175
     1
 42
1.0
 92
        8
 66
     8
424
  8421504
 43
1.0
 76
     1
 77
     6
 78
     2
 67
     7
 79
     5
170
     0
171
     0
290
     0
174
     0
 93
        1
 44
0.0
173
     0
291
     1
 45
0.0
1001
ACAD
1000
AcDbSavedByObjectVersion
1070
     0
  0
VISUALSTYLE
  5
618
102
{ACAD_REACTORS
330
2C
102
}
102
{ACAD_XDICTIONARY
360
64B
102
}
330
2C
100
AcDbVisualStyle
  2
Conceptual
 70
     9
 71
     3
 72
     2
 73
     0
 90
        0
 40
0.6
 41
30.0
 62
     5
 63
     7
421
 16777215
 74
     2
 91
        2
 64
     7
 65
   257
 75
     1
175
     1
 42
179.0
 92
        8
 66
     7
 43
1.0
 76
     1
 77
     6
 78
     2
 67
     7
 79
     3
170
     0
171
     0
290
     0
174
     0
 93
        1
 44
0.0
173
     0
291
     0
 45
0.0
1001
ACAD
1000
AcDbSavedByObjectVersion
1070
     0
  0
VISUALSTYLE
  5
619
102
{ACAD_REACTORS
330
2C
102
}
102
{ACAD_XDICTIONARY
360
64D
102
}
330
2C
100
AcDbVisualStyle
  2
Dim
 70
    11
 71
     2
 72
     2
 73
     0
 90
        0
 40
0.6
 41
30.0
 62
     5
 63
     7
421
 16777215
 74
     1
 91
        4
 64
     7
 65
   257
 75
     1
175
     1
 42
1.0
 92
        8
 66
     7
 43
1.0
 76
     1
 77
     6
 78
     2
 67
     7
 79
     5
170
     0
171
     0
290
     0
174
     0
 93
        1
 44
-50.0
173
     0
291
     1
 45
0.0
1001
ACAD
1000
AcDbSavedByObjectVersion
1070
     0
  0
VISUALSTYLE
  5
9F
102
{ACAD_REACTORS
330
2C
102
}
102
{ACAD_XDICTIONARY
360
639
102
}
330
2C
100
AcDbVisualStyle
  2
EdgeColorOff
 70
    22
 71
     2
 72
     2
 73
     0
 90
        0
 40
0.6
 41
30.0
 62
     5
 63
     7
421
 16777215
 74
     1
 91
        4
 64
     7
 65
   257
 75
     1
175
     1
 42
1.0
 92
        8
 66
     7
 43
1.0
 76
     1
 77
     6
 78
     2
 67
     7
 79
     5
170
     0
171
     0
290
     0
174
     0
 93
        1
 44
0.0
173
     0
291
     1
 45
0.0
1001
ACAD
1000
AcDbSavedByObjectVersion
1070
     0
  0
VISUALSTYLE
  5
61D
102
{ACAD_REACTORS
330
2C
102
}
102
{ACAD_XDICTIONARY
360
655
102
}
330
2C
100
AcDbVisualStyle
  2
Facepattern
 70
    15
 71
     2
 72
     2
 73
     0
 90
        0
 40
0.6
 41
30.0
 62
     5
 63
     7
421
 16777215
 74
     1
 91
        4
 64
     7
 65
   257
 75
     1
175
     1
 42
1.0
 92
        8
 66
     7
 43
1.0
 76
     1
 77
     6
 78
     2
 67
     7
 79
     5
170
     0
171
     0
290
     0
174
     0
 93
        1
 44
0.0
173
     0
291
     1
 45
0.0
1001
ACAD
1000
AcDbSavedByObjectVersion
1070
     0
  0
VISUALSTYLE
  5
612
102
{ACAD_REACTORS
330
2C
102
}
102
{ACAD_XDICTIONARY
360
63F
102
}
330
2C
100
AcDbVisualStyle
  2
Flat
 70
     0
 71
     2
 72
     1
 73
     1
 90
        2
 40
0.6
 41
30.0
 62
     5
 63
     7
421
 16777215
 74
     0
 91
        0
 64
     7
 65
   257
 75
     1
175
     1
 42
1.0
 92
        8
 66
     7
 43
1.0
 76
     1
 77
     6
 78
     2
 67
     7
 79
     5
170
     0
171
     0
290
     0
174
     0
 93
       13
 44
0.0
173
     0
291
     1
 45
0.0
1001
ACAD
1000
AcDbSavedByObjectVersion
1070
     0
  0
VISUALSTYLE
  5
613
102
{ACAD_REACTORS
330
2C
102
}
102
{ACAD_XDICTIONARY
360
641
102
}
330
2C
100
AcDbVisualStyle
  2
FlatWithEdges
 70
     1
 71
     2
 72
     1
 73
     1
 90
        2
 40
0.6
 41
30.0
 62
     5
 63
     7
421
 16777215
 74
     1
 91
        0
 64
     7
 65
   257
 75
     1
175
     1
 42
1.0
 92
        0
 66
   257
 43
1.0
 76
     1
 77
     6
 78
     2
 67
     7
 79
     5
170
     0
171
     0
290
     0
174
     0
 93
       13
 44
0.0
173
     0
291
     1
 45
0.0
1001
ACAD
1000
AcDbSavedByObjectVersion
1070
     0
  0
VISUALSTYLE
  5
614
102
{ACAD_REACTORS
330
2C
102
}
102
{ACAD_XDICTIONARY
360
643
102
}
330
2C
100
AcDbVisualStyle
  2
Gouraud
 70
     2
 71
     2
 72
     2
 73
     1
 90
        2
 40
0.6
 41
30.0
 62
     5
 63
     7
421
 16777215
 74
     0
 91
        0
 64
     7
 65
   257
 75
     1
175
     1
 42
1.0
 92
        0
 66
     7
 43
1.0
 76
     1
 77
     6
 78
     2
 67
     7
 79
     5
170
     0
171
     0
290
     0
174
     0
 93
       13
 44
0.0
173
     0
291
     1
 45
0.0
1001
ACAD
1000
AcDbSavedByObjectVersion
1070
     0
  0
VISUALSTYLE
  5
615
102
{ACAD_REACTORS
330
2C
102
}
102
{ACAD_XDICTIONARY
360
645
102
}
330
2C
100
AcDbVisualStyle
  2
GouraudWithEdges
 70
     3
 71
     2
 72
     2
 73
     1
 90
        2
 40
0.6
 41
30.0
 62
     5
 63
     7
421
 16777215
 74
     1
 91
        0
 64
     7
 65
   257
 75
     1
175
     1
 42
1.0
 92
        0
 66
   257
 43
1.0
 76
     1
 77
     6
 78
     2
 67
     7
 79
     5
170
     0
171
     0
290
     0
174
     0
 93
       13
 44
0.0
173
     0
291
     1
 45
0.0
1001
ACAD
1000
AcDbSavedByObjectVersion
1070
     0
  0
VISUALSTYLE
  5
616
102
{ACAD_REACTORS
330
2C
102
}
102
{ACAD_XDICTIONARY
360
647
102
}
330
2C
100
AcDbVisualStyle
  2
Hidden
 70
     6
 71
     1
 72
     2
 73
     2
 90
        0
 40
0.6
 41
30.0
 62
     5
 63
     7
421
 16777215
 74
     2
 91
        2
 64
     7
 65
   257
 75
     2
175
     1
 42
40.0
 92
        0
 66
   257
 43
1.0
 76
     1
 77
     6
 78
     2
 67
     7
 79
     3
170
     0
171
     0
290
     0
174
     0
 93
        1
 44
0.0
173
     0
291
     0
 45
0.0
1001
ACAD
1000
AcDbSavedByObjectVersion
1070
     0
  0
VISUALSTYLE
  5
61F
102
{ACAD_REACTORS
330
2C
102
}
102
{ACAD_XDICTIONARY
360
659
102
}
330
2C
100
AcDbVisualStyle
  2
JitterOff
 70
    20
 71
     2
 72
     2
 73
     0
 90
        0
 40
0.6
 41
30.0
 62
     5
 63
     7
421
 16777215
 74
     1
 91
        4
 64
     7
 65
   257
 75
     1
175
     1
 42
1.0
 92
       10
 66
     7
 43
1.0
 76
     1
 77
     6
 78
     2
 67
     7
 79
     5
170
     0
171
     0
290
     0
174
     0
 93
        1
 44
0.0
173
     0
291
     1
 45
0.0
1001
ACAD
1000
AcDbSavedByObjectVersion
1070
     0
  0
VISUALSTYLE
  5
61C
102
{ACAD_REACTORS
330
2C
102
}
102
{ACAD_XDICTIONARY
360
653
102
}
330
2C
100
AcDbVisualStyle
  2
Linepattern
 70
    14
 71
     2
 72
     2
 73
     0
 90
        0
 40
0.6
 41
30.0
 62
     5
 63
     7
421
 16777215
 74
     1
 91
        4
 64
     7
 65
   257
 75
     7
175
     7
 42
1.0
 92
        8
 66
     7
 43
1.0
 76
     1
 77
     6
 78
     2
 67
     7
 79
     5
170
     0
171
     0
290
     0
174
     0
 93
        1
 44
0.0
173
     0
291
     1
 45
0.0
1001
ACAD
1000
AcDbSavedByObjectVersion
1070
     0
  0
VISUALSTYLE
  5
620
102
{ACAD_REACTORS
330
2C
102
}
102
{ACAD_XDICTIONARY
360
65B
102
}
330
2C
100
AcDbVisualStyle
  2
OverhangOff
 70
    21
 71
     2
 72
     2
 73
     0
 90
        0
 40
0.6
 41
30.0
 62
     5
 63
     7
421
 16777215
 74
     1
 91
        4
 64
     7
 65
   257
 75
     1
175
     1
 42
1.0
 92
        9
 66
     7
 43
1.0
 76
     1
 77
     6
 78
     2
 67
     7
 79
     5
170
     0
171
     0
290
     0
174
     0
 93
        1
 44
0.0
173
     0
291
     1
 45
0.0
1001
ACAD
1000
AcDbSavedByObjectVersion
1070
     0
  0
VISUALSTYLE
  5
5E
102
{ACAD_REACTORS
330
2C
102
}
102
{ACAD_XDICTIONARY
360
63B
102
}
330
2C
100
AcDbVisualStyle
  2
Realistic
 70
     8
 71
     2
 72
     3
 73
     0
 90
        2
 40
0.6
 41
30.0
 62
     5
 63
     7
421
 16777215
 74
     0
 91
        0
 64
     7
 65
   257
 75
     1
175
     1
 42
1.0
 92
        8
 66
   257
 43
1.0
 76
     1
 77
     6
 78
     2
 67
     7
 79
     3
170
     0
171
     0
290
     0
174
     0
 93
       13
 44
0.0
173
     0
291
     0
 45
0.0
1001
ACAD
1000
AcDbSavedByObjectVersion
1070
     0
  0
VISUALSTYLE
  5
625
102
{ACAD_REACTORS
330
2C
102
}
102
{ACAD_XDICTIONARY
360
665
102
}
330
2C
100
AcDbVisualStyle
  2
Shaded
 70
    27
 71
     2
 72
     2
 73
     1
 90
        2
 40
0.6
 41
30.0
 62
     5
 63
     7
421
 16777215
 74
     0
 91
        4
 64
     7
 65
   257
 75
     1
175
     1
 42
1.0
 92
        8
 66
   257
 43
1.0
 76
     1
 77
     6
 78
     2
 67
     8
425
  7895160
 79
     3
170
     0
171
     0
290
     0
174
     0
 93
        5
 44
0.0
173
     0
291
     0
 45
0.0
1001
ACAD
1000
AcDbSavedByObjectVersion
1070
     0
  0
VISUALSTYLE
  5
624
102
{ACAD_REACTORS
330
2C
102
}
102
{ACAD_XDICTIONARY
360
663
102
}
330
2C
100
AcDbVisualStyle
  2
Shaded with edges
 70
    26
 71
     2
 72
     2
 73
     1
 90
        2
 40
0.6
 41
30.0
 62
     5
 63
     7
421
 16777215
 74
     1
 91
       10
 64
     7
 65
   257
 75
     2
175
     1
 42
1.0
 92
        8
 66
   257
 43
1.0
 76
     1
 77
     6
 78
     2
 67
     7
 79
     3
170
     0
171
     0
290
     0
174
     0
 93
        5
 44
0.0
173
     0
291
     0
 45
0.0
1001
ACAD
1000
AcDbSavedByObjectVersion
1070
     0
  0
VISUALSTYLE
  5
621
102
{ACAD_REACTORS
330
2C
102
}
102
{ACAD_XDICTIONARY
360
65D
102
}
330
2C
100
AcDbVisualStyle
  2
Shades of Gray
 70
    23
 71
     2
 72
     2
 73
     3
 90
        0
 40
0.6
 41
30.0
 62
     5
 63
     7
421
 16777215
 74
     2
 91
        2
 64
     7
 65
     7
 75
     1
175
     1
 42
40.0
 92
        8
 66
     7
 43
1.0
 76
     1
 77
     6
 78
     2
 67
     7
 79
     3
170
     0
171
     0
290
     0
174
     0
 93
        1
 44
0.0
173
     0
291
     0
 45
0.0
1001
ACAD
1000
AcDbSavedByObjectVersion
1070
     0
  0
VISUALSTYLE
  5
622
102
{ACAD_REACTORS
330
2C
102
}
102
{ACAD_XDICTIONARY
360
65F
102
}
330
2C
100
AcDbVisualStyle
  2
Sketchy
 70
    24
 71
     1
 72
     2
 73
     2
 90
        0
 40
0.6
 41
30.0
 62
     5
 63
     7
421
 16777215
 74
     2
 91
        2
 64
     7
 65
     7
 75
     1
175
     1
 42
40.0
 92
       11
 66
     7
 43
1.0
 76
     1
 77
     6
 78
     2
 67
     7
 79
     6
170
     0
171
     0
290
     0
174
     0
 93
        1
 44
0.0
173
     0
291
     0
 45
0.0
1001
ACAD
1000
AcDbSavedByObjectVersion
1070
     0
  0
VISUALSTYLE
  5
61B
102
{ACAD_REACTORS
330
2C
102
}
102
{ACAD_XDICTIONARY
360
651
102
}
330
2C
100
AcDbVisualStyle
  2
Thicken
 70
    13
 71
     2
 72
     2
 73
     0
 90
        0
 40
0.6
 41
30.0
 62
     5
 63
     7
421
 16777215
 74
     1
 91
        4
 64
     7
 65
   257
 75
     1
175
     1
 42
1.0
 92
       12
 66
     7
 43
1.0
 76
     1
 77
     6
 78
     2
 67
     7
 79
     5
170
     0
171
     0
290
     0
174
     0
 93
        1
 44
0.0
173
     0
291
     1
 45
0.0
1001
ACAD
1000
AcDbSavedByObjectVersion
1070
     0
  0
VISUALSTYLE
  5
5F
102
{ACAD_REACTORS
330
2C
102
}
102
{ACAD_XDICTIONARY
360
63D
102
}
330
2C
100
AcDbVisualStyle
  2
Wireframe
 70
     5
 71
     0
 72
     2
 73
     0
 90
        0
 40
0.6
 41
30.0
 62
     5
 63
     7
421
 16777215
 74
     1
 91
        4
 64
     7
 65
   257
 75
     1
175
     1
 42
1.0
 92
        0
 66
   257
 43
1.0
 76
     1
 77
     6
 78
     2
 67
     7
 79
     3
170
     0
171
     0
290
     0
174
     0
 93
        1
 44
0.0
173
     0
291
     0
 45
0.0
1001
ACAD
1000
AcDbSavedByObjectVersion
1070
     0
  0
VISUALSTYLE
  5
623
102
{ACAD_REACTORS
330
2C
102
}
102
{ACAD_XDICTIONARY
360
661
102
}
330
2C
100
AcDbVisualStyle
  2
X-Ray
 70
    25
 71
     2
 72
     2
 73
     1
 90
        1
 40
0.5
 41
30.0
 62
     5
 63
     7
421
 16777215
 74
     1
 91
        0
 64
     7
 65
   257
 75
     1
175
     1
 42
1.0
 92
        8
 66
     7
 43
1.0
 76
     1
 77
     6
 78
     2
 67
     7
 79
     3
170
     0
171
     0
290
     0
174
     0
 93
       13
 44
0.0
173
     0
291
     0
 45
0.0
1001
ACAD
1000
AcDbSavedByObjectVersion
1070
     0
  0
DICTIONARYVAR
  5
43
102
{ACAD_REACTORS
330
42
102
}
330
42
100
DictionaryVariables
280
     0
  1
200.000000
  0
DICTIONARYVAR
  5
44
102
{ACAD_REACTORS
330
42
102
}
330
42
100
DictionaryVariables
280
     0
  1
1
  0
DICTIONARYVAR
  5
45
102
{ACAD_REACTORS
330
42
102
}
330
42
100
DictionaryVariables
280
     0
  1
1:1
  0
DICTIONARYVAR
  5
671
102
{ACAD_REACTORS
330
42
102
}
330
42
100
DictionaryVariables
280
     0
  1
Standard
  0
DICTIONARYVAR
  5
47
102
{ACAD_REACTORS
330
42
102
}
330
42
100
DictionaryVariables
280
     0
  1
Standard
  0
DICTIONARYVAR
  5
4A
102
{ACAD_REACTORS
330
42
102
}
330
42
100
DictionaryVariables
280
     0
  1
0
  0
DICTIONARYVAR
  5
4B
102
{ACAD_REACTORS
330
42
102
}
330
42
100
DictionaryVariables
280
     0
  1
2
  0
DICTIONARYVAR
  5
4C
102
{ACAD_REACTORS
330
42
102
}
330
42
100
DictionaryVariables
280
     0
  1
0
  0
DICTIONARYVAR
  5
4D
102
{ACAD_REACTORS
330
42
102
}
330
42
100
DictionaryVariables
280
     0
  1
1
  0
DICTIONARYVAR
  5
4E
102
{ACAD_REACTORS
330
42
102
}
330
42
100
DictionaryVariables
280
     0
  1
BYBLOCK
  0
DICTIONARYVAR
  5
4F
102
{ACAD_REACTORS
330
42
102
}
330
42
100
DictionaryVariables
280
     0
  1
0
  0
DICTIONARYVAR
  5
50
102
{ACAD_REACTORS
330
42
102
}
330
42
100
DictionaryVariables
280
     0
  1
ByLayer
  0
DICTIONARYVAR
  5
51
102
{ACAD_REACTORS
330
42
102
}
330
42
100
DictionaryVariables
280
     0
  1
0
  0
DICTIONARYVAR
  5
52
102
{ACAD_REACTORS
330
42
102
}
330
42
100
DictionaryVariables
280
     0
  1
0
  0
DICTIONARYVAR
  5
53
102
{ACAD_REACTORS
330
42
102
}
330
42
100
DictionaryVariables
280
     0
  1
0
  0
DICTIONARYVAR
  5
54
102
{ACAD_REACTORS
330
42
102
}
330
42
100
DictionaryVariables
280
     0
  1
2
  0
DICTIONARYVAR
  5
55
102
{ACAD_REACTORS
330
42
102
}
330
42
100
DictionaryVariables
280
     0
  1
1.000000
  0
DICTIONARYVAR
  5
56
102
{ACAD_REACTORS
330
42
102
}
330
42
100
DictionaryVariables
280
     0
  1
1
  0
DICTIONARYVAR
  5
57
102
{ACAD_REACTORS
330
42
102
}
330
42
100
DictionaryVariables
280
     0
  1
2
  0
DICTIONARYVAR
  5
58
102
{ACAD_REACTORS
330
42
102
}
330
42
100
DictionaryVariables
280
     0
  1
1
  0
DICTIONARYVAR
  5
59
102
{ACAD_REACTORS
330
42
102
}
330
42
100
DictionaryVariables
280
     0
  1
1
  0
DICTIONARYVAR
  5
5A
102
{ACAD_REACTORS
330
42
102
}
330
42
100
DictionaryVariables
280
     0
  1
127
  0
DICTIONARYVAR
  5
62B
102
{ACAD_REACTORS
330
42
102
}
330
42
100
DictionaryVariables
280
     0
  1
2
  0
DICTIONARY
  5
669
102
{ACAD_REACTORS
330
668
102
}
330
668
100
AcDbDictionary
281
     1
  0
DICTIONARY
  5
66A
102
{ACAD_REACTORS
330
668
102
}
330
668
100
AcDbDictionary
281
     1
  3
8796086122576
350
66B
  3
8796086122592
350
66C
  3
8796086122608
350
66D
  3
8796086122624
350
66E
  3
8796086122640
350
66F
  3
8796086122656
350
670
  0
DICTIONARY
  5
FC
102
{ACAD_REACTORS
330
FB
102
}
330
FB
100
AcDbDictionary
281
     1
  0
DICTIONARY
  5
101
102
{ACAD_REACTORS
330
100
102
}
330
100
100
AcDbDictionary
281
     1
  0
DICTIONARY
  5
105
102
{ACAD_REACTORS
330
104
102
}
330
104
100
AcDbDictionary
281
     1
  0
DICTIONARY
  5
10A
102
{ACAD_REACTORS
330
109
102
}
330
109
100
AcDbDictionary
281
     1
  0
DICTIONARY
  5
62C
330
16
100
AcDbDictionary
280
     1
281
     1
  3
ADSK_XREC_LAYOUTTHUMBNAIL
360
62D
  0
DICTIONARY
  5
3C
330
3B
100
AcDbDictionary
280
     1
281
     1
  3
ACAD_XREC_ROUNDTRIP
360
62E
  3
FBXASSET
360
3D
  0
DICTIONARY
  5
39
330
38
100
AcDbDictionary
280
     1
281
     1
  3
ACAD_XREC_ROUNDTRIP
360
62F
  3
FBXASSET
360
3A
  0
DICTIONARY
  5
D
330
B
100
AcDbDictionary
280
     1
281
     1
  3
ACAD_XREC_ROUNDTRIP
360
630
  3
FBXASSET
360
10
  0
DICTIONARY
  5
632
330
626
100
AcDbDictionary
280
     1
281
     1
  3
ACAD_XREC_ROUNDTRIP
360
633
  0
DICTIONARY
  5
634
330
5C
100
AcDbDictionary
280
     1
281
     1
  3
ACAD_ROUNDTRIP_2008_TABLESTYLE_CELLSTYLEMAP
360
636
  3
ACAD_XREC_ROUNDTRIP
360
635
  0
DICTIONARY
  5
637
330
2B
100
AcDbDictionary
280
     1
281
     1
  3
ACAD_XREC_ROUNDTRIP
360
638
  0
DICTIONARY
  5
649
330
617
100
AcDbDictionary
280
     1
281
     1
  3
ACAD_XREC_ROUNDTRIP
360
64A
  0
DICTIONARY
  5
64F
330
61A
100
AcDbDictionary
280
     1
281
     1
  3
ACAD_XREC_ROUNDTRIP
360
650
  0
DICTIONARY
  5
657
330
61E
100
AcDbDictionary
280
     1
281
     1
  3
ACAD_XREC_ROUNDTRIP
360
658
  0
DICTIONARY
  5
64B
330
618
100
AcDbDictionary
280
     1
281
     1
  3
ACAD_XREC_ROUNDTRIP
360
64C
  0
DICTIONARY
  5
64D
330
619
100
AcDbDictionary
280
     1
281
     1
  3
ACAD_XREC_ROUNDTRIP
360
64E
  0
DICTIONARY
  5
639
330
9F
100
AcDbDictionary
280
     1
281
     1
  3
ACAD_XREC_ROUNDTRIP
360
63A
  0
DICTIONARY
  5
655
330
61D
100
AcDbDictionary
280
     1
281
     1
  3
ACAD_XREC_ROUNDTRIP
360
656
  0
DICTIONARY
  5
63F
330
612
100
AcDbDictionary
280
     1
281
     1
  3
ACAD_XREC_ROUNDTRIP
360
640
  0
DICTIONARY
  5
641
330
613
100
AcDbDictionary
280
     1
281
     1
  3
ACAD_XREC_ROUNDTRIP
360
642
  0
DICTIONARY
  5
643
330
614
100
AcDbDictionary
280
     1
281
     1
  3
ACAD_XREC_ROUNDTRIP
360
644
  0
DICTIONARY
  5
645
330
615
100
AcDbDictionary
280
     1
281
     1
  3
ACAD_XREC_ROUNDTRIP
360
646
  0
DICTIONARY
  5
647
330
616
100
AcDbDictionary
280
     1
281
     1
  3
ACAD_XREC_ROUNDTRIP
360
648
  0
DICTIONARY
  5
659
330
61F
100
AcDbDictionary
280
     1
281
     1
  3
ACAD_XREC_ROUNDTRIP
360
65A
  0
DICTIONARY
  5
653
330
61C
100
AcDbDictionary
280
     1
281
     1
  3
ACAD_XREC_ROUNDTRIP
360
654
  0
DICTIONARY
  5
65B
330
620
100
AcDbDictionary
280
     1
281
     1
  3
ACAD_XREC_ROUNDTRIP
360
65C
  0
DICTIONARY
  5
63B
330
5E
100
AcDbDictionary
280
     1
281
     1
  3
ACAD_XREC_ROUNDTRIP
360
63C
  0
DICTIONARY
  5
665
330
625
100
AcDbDictionary
280
     1
281
     1
  3
ACAD_XREC_ROUNDTRIP
360
666
  0
DICTIONARY
  5
663
330
624
100
AcDbDictionary
280
     1
281
     1
  3
ACAD_XREC_ROUNDTRIP
360
664
  0
DICTIONARY
  5
65D
330
621
100
AcDbDictionary
280
     1
281
     1
  3
ACAD_XREC_ROUNDTRIP
360
65E
  0
DICTIONARY
  5
65F
330
622
100
AcDbDictionary
280
     1
281
     1
  3
ACAD_XREC_ROUNDTRIP
360
660
  0
DICTIONARY
  5
651
330
61B
100
AcDbDictionary
280
     1
281
     1
  3
ACAD_XREC_ROUNDTRIP
360
652
  0
DICTIONARY
  5
63D
330
5F
100
AcDbDictionary
280
     1
281
     1
  3
ACAD_XREC_ROUNDTRIP
360
63E
  0
DICTIONARY
  5
661
330
623
100
AcDbDictionary
280
     1
281
     1
  3
ACAD_XREC_ROUNDTRIP
360
662
  0
XRECORD
  5
66B
102
{ACAD_REACTORS
330
66A
102
}
330
66A
100
AcDbXrecord
280
     1
  1
AcDb_Thumbnail_Schema
102
{ATTRRECORD
341
66D
  2
AcDbDs::TreatedAsObjectData
280
     1
291
     1
102
ATTRRECORD}
102
{ATTRRECORD
341
66E
  2
AcDbDs::Legacy
280
     1
291
     1
102
ATTRRECORD}
  2
AcDbDs::ID
280
    10
 91
        8
102
{ATTRRECORD
341
66F
  2
AcDs:Indexable
280
     1
291
     1
102
ATTRRECORD}
102
{ATTRRECORD
341
670
  2
AcDbDs::HandleAttribute
280
     7
282
     1
102
ATTRRECORD}
  2
Thumbnail_Data
280
    15
 91
        0
  0
XRECORD
  5
66C
102
{ACAD_REACTORS
330
66A
102
}
330
66A
100
AcDbXrecord
280
     1
  1
AcDb3DSolid_ASM_Data
102
{ATTRRECORD
341
66D
  2
AcDbDs::TreatedAsObjectData
280
     1
291
     1
102
ATTRRECORD}
102
{ATTRRECORD
341
66E
  2
AcDbDs::Legacy
280
     1
291
     1
102
ATTRRECORD}
  2
AcDbDs::ID
280
    10
 91
        8
102
{ATTRRECORD
341
66F
  2
AcDs:Indexable
280
     1
291
     1
102
ATTRRECORD}
102
{ATTRRECORD
341
670
  2
AcDbDs::HandleAttribute
280
     7
282
     1
102
ATTRRECORD}
  2
ASM_Data
280
    15
 91
        0
  0
XRECORD
  5
66D
102
{ACAD_REACTORS
330
66A
102
}
330
66A
100
AcDbXrecord
280
     1
  1
AcDbDs::TreatedAsObjectDataSchema
  2
AcDbDs::TreatedAsObjectData
280
     1
 91
        0
  0
XRECORD
  5
66E
102
{ACAD_REACTORS
330
66A
102
}
330
66A
100
AcDbXrecord
280
     1
  1
AcDbDs::LegacySchema
  2
AcDbDs::Legacy
280
     1
 91
        0
  0
XRECORD
  5
66F
102
{ACAD_REACTORS
330
66A
102
}
330
66A
100
AcDbXrecord
280
     1
  1
AcDbDs::IndexedPropertySchema
  2
AcDs:Indexable
280
     1
 91
        0
  0
XRECORD
  5
670
102
{ACAD_REACTORS
330
66A
102
}
330
66A
100
AcDbXrecord
280
     1
  1
AcDbDs::HandleAttributeSchema
  2
AcDbDs::HandleAttribute
280
     7
 91
        1
284
     1
  0
XRECORD
  5
62D
102
{ACAD_REACTORS
330
62C
102
}
330
62C
100
AcDbXrecord
280
     1
310
28000000000100006E0000000100080000000000006E00000000000000000000000000000000000000000000FFFFFF00000000000000000000000000000000000000000000000000000000000000000000000000330000006600000099000000CC000000FF00000000330000333300006633000099330000CC330000FF3300
310
0000660000336600006666000099660000CC660000FF66000000990000339900006699000099990000CC990000FF99000000CC000033CC000066CC000099CC0000CCCC0000FFCC000000FF000033FF000066FF000099FF0000CCFF0000FFFF000000003300330033006600330099003300CC003300FF003300003333003333
310
33006633330099333300CC333300FF33330000663300336633006666330099663300CC663300FF66330000993300339933006699330099993300CC993300FF99330000CC330033CC330066CC330099CC3300CCCC3300FFCC330000FF330033FF330066FF330099FF3300CCFF3300FFFF330000006600330066006600660099
310
006600CC006600FF00660000336600333366006633660099336600CC336600FF33660000666600336666006666660099666600CC666600FF66660000996600339966006699660099996600CC996600FF99660000CC660033CC660066CC660099CC6600CCCC6600FFCC660000FF660033FF660066FF660099FF6600CCFF6600
310
FFFF660000009900330099006600990099009900CC009900FF00990000339900333399006633990099339900CC339900FF33990000669900336699006666990099669900CC669900FF66990000999900339999006699990099999900CC999900FF99990000CC990033CC990066CC990099CC9900CCCC9900FFCC990000FF99
310
0033FF990066FF990099FF9900CCFF9900FFFF99000000CC003300CC006600CC009900CC00CC00CC00FF00CC000033CC003333CC006633CC009933CC00CC33CC00FF33CC000066CC003366CC006666CC009966CC00CC66CC00FF66CC000099CC003399CC006699CC009999CC00CC99CC00FF99CC0000CCCC0033CCCC0066CC
310
CC0099CCCC00CCCCCC00FFCCCC0000FFCC0033FFCC0066FFCC0099FFCC00CCFFCC00FFFFCC000000FF003300FF006600FF009900FF00CC00FF00FF00FF000033FF003333FF006633FF009933FF00CC33FF00FF33FF000066FF003366FF006666FF009966FF00CC66FF00FF66FF000099FF003399FF006699FF009999FF00CC
310
99FF00FF99FF0000CCFF0033CCFF0066CCFF0099CCFF00CCCCFF00FFCCFF0000FFFF0033FFFF0066FFFF0099FFFF00CCFFFF00FFFFFF00000000000D0D0D001A1A1A00282828003535350043434300505050005D5D5D006B6B6B00787878008686860093939300A1A1A100AEAEAE00BBBBBB00C9C9C900D6D6D600E4E4E400
310
F1F1F100FFFFFF00000000000000000000000000000000000000000000000000000000000000000000000000000000000000000000000000000000000000000000000000000000000000DC00000000000000000000000000DC0000000000000000000000000000000000000000000000000000000000000000000000000000
310
00000000000000000000000000000000000000000000000000000000000000000000000000000000000000000000000000000000DC000000000000000000000000DC0000000000000000000000000000000000000000000000000000000000000000000000000000DC0000000000000000000000000000DC00000000000000
310
00000000000000000000000000000000000000000000000000000000000000000000000000000000000000000000000000000000000000000000000000000000000000000000000000000000DC00000000000000000000000000DC000000000000000000000000000000000000000000000000000000000000000000000000
310
000000000000000000000000000000000000000000000000000000000000000000000000000000000000000000000000000000000000DC000000000000000000000000DC0000000000000000000000000000000000000000000000000000000000000000000000000000DC0000000000000000000000000000DC0000000000
310
000000000000000000000000000000000000000000000000000000000000000000000000000000000000000000000000000000000000000000000000000000000000000000000000000000000000DC00000000000000000000000000DC00000000000000000000000000000000000000000000000000000000000000000000
310
0000000000000000000000000000000000000000000000000000000000000000000000000000000000000000000000000000000000000000DC000000000000000000000000DC0000000000000000000000000000000000000000000000000000000000000000000000000000DC0000000000000000000000000000DC000000
310
0000000000000000000000000000000000000000000000000000000000000000000000000000000000000000000000000000000000000000000000000000000000000000000000000000000000000000DC00000000000000000000000000DC0000000000000000000000000000000000000000000000000000000000000000
310
00000000000000000000000000000000000000000000000000000000000000000000000000000000000000000000000000000000000000000000DC000000000000000000000000DC0000000000000000000000000000000000000000000000000000000000000000000000000000DC0000000000000000000000000000DC00
310
00000000000000000000000000000000000000000000000000000000000000000000000000000000000000000000000000000000000000000000000000000000000000000000000000000000000000000000DC00000000000000000000000000DC000000000000000000000000000000000000000000000000000000000000
310
000000000000000000000000000000000000000000000000000000000000000000000000000000000000000000000000000000000000000000000000DC000000000000000000000000DC0000000000000000000000000000000000000000000000000000000000000000000000000000DC0000000000000000000000000000
310
DC0000000000000000000000000000000000000000000000000000000000000000000000000000000000000000000000000000000000000000000000000000000000000000000000000000000000000000000000DC00000000000000000000000000DC00000000000000000000000000000000000000000000000000000000
310
0000000000000000000000000000000000000000000000000000000000000000000000000000000000000000000000000000000000000000000000000000DC000000000000000000000000DC0000000000000000000000000000000000000000000000000000000000000000000000000000DC000000000000000000000000
310
0000DC0000000000000000000000000000000000000000000000000000000000000000000000000000000000000000000000000000000000000000000000000000000000000000000000000000000000000000000000DC00000000000000000000000000DC0000000000000000000000000000000000000000000000000000
310
00000000000000000000000000000000000000000000000000000000000000000000000000000000000000000000000000000000000000000000000000000000DC000000000000000000000000DC0000000000000000000000000000000000000000000000000000000000000000000000000000DC00000000000000000000
310
00000000DC0000000000000000000000000000000000000000000000000000000000000000000000000000000000000000000000000000000000000000000000000000000000000000000000000000000000000000000000DC00000000000000000000000000DC000000000000000000000000000000000000000000000000
310
000000000000000000000000000000000000000000000000000000000000000000000000000000000000000000000000000000000000000000000000000000000000DC000000000000000000000000DC0000000000000000000000000000000000000000000000000000000000000000000000000000DC0000000000000000
310
000000000000DC0000000000000000000000000000000000000000000000000000000000000000000000000000000000000000000000000000000000000000000000000000000000000000000000000000000000000000000000DC00000000000000000000000000DC00000000000000000000000000000000000000000000
310
0000000000000000000000000000000000000000000000000000000000000000000000000000000000000000000000000000000000000000000000000000000000000000DC000000000000000000000000DC0000000000000000000000000000000000000000000000000000000000000000000000000000DC000000000000
310
0000000000000000DC0000000000000000000000000000000000000000000000000000000000000000000000000000000000000000000000000000000000000000000000000000000000000000000000000000000000000000000000DC00000000000000000000000000DC0000000000000000000000000000000000000000
310
00000000000000000000000000000000000000000000000000000000000000000000000000000000000000000000000000000000000000000000000000000000000000000000DC000000000000000000000000DC0000000000000000000000000000000000000000000000000000000000000000000000000000DC00000000
310
00000000000000000000DC0000000000000000000000000000000000000000000000000000000000000000000000000000000000000000000000000000000000000000000000000000000000000000000000000000000000000000000000DC00000000000000000000000000DC000000000000000000000000000000000000
310
000000000000000000000000000000000000000000000000000000000000000000000000000000000000000000000000000000000000000000000000000000000000000000000000DC000000000000000000000000DC0000000000000000000000000000000000000000000000000000000000000000000000000000DC0000
310
000000000000000000000000DC0000000000000000000000000000000000000000000000000000000000000000000000000000000000000000000000000000000000000000000000000000000000000000000000000000000000000000000000DC00000000000000000000000000DC00000000000000000000000000000000
310
0000000000000000000000000000000000000000000000000000000000000000000000000000000000000000000000000000000000000000000000000000000000000000000000000000DC000000000000000000000000DC0000000000000000000000000000000000000000000000000000000000000000000000000000DC
310
0000000000000000000000000000DC0000000000000000000000000000000000000000000000000000000000000000000000000000000000000000000000000000000000000000000000000000000000000000000000000000000000000000000000DC00000000000000000000000000DC0000000000000000000000000000
310
00000000000000000000000000000000000000000000000000000000000000000000000000000000000000000000000000000000000000000000000000000000000000000000000000000000DC000000000000000000000000DC00000000000000000000000000000000000000000000000000000000000000000000000000
310
00DC0000000000000000000000000000DC0000000000000000000000000000000000000000000000000000000000000000000000000000000000000000000000000000000000000000000000000000000000000000000000000000000000000000000000DC00000000000000000000000000DC000000000000000000000000
310
000000000000000000000000000000000000000000000000000000000000000000000000000000000000000000000000000000000000000000000000000000000000000000000000000000000000DC000000000000000000000000DC0000000000000000000000000000000000000000000000000000000000000000000000
310
000000DC0000000000000000000000000000DC0000000000000000000000000000000000000000000000000000000000000000000000000000000000000000000000000000000000000000000000000000000000000000000000000000000000000000000000DC00000000000000000000000000DC00000000000000000000
310
0000000000000000000000000000000000000000000000000000000000000000000000000000000000000000000000000000000000000000000000000000000000000000000000000000000000000000DC000000000000000000000000DC000000000000000000000000000000000000000000000000000000000000000000
310
0000000000DC0000000000000000000000000000DC0000000000000000000000000000000000000000000000000000000000000000000000000000000000000000000000000000000000000000000000000000000000000000000000000000000000000000000000DC00000000000000000000000000DC0000000000000000
310
00000000000000000000000000000000000000000000000000000000000000000000000000000000000000000000000000000000000000000000000000000000000000000000000000000000000000000000DC000000000000000000000000DC00000000000000000000000000000000000000000000000000000000000000
310
00000000000000DC0000000000000000000000000000DC0000000000000000000000000000000000000000000000000000000000000000000000000000000000000000000000000000000000000000000000000000000000000000000000000000000000000000000000DC00000000000000000000000000DC000000000000
310
000000000000000000000000000000000000000000000000000000000000000000000000000000000000000000000000000000000000000000000000000000000000000000000000000000000000000000000000DC000000000000000000000000DC0000000000000000000000000000000000000000000000000000000000
310
000000000000000000DC0000000000000000000000000000DC0000000000000000000000000000000000000000000000000000000000000000000000000000000000000000000000000000000000000000000000000000000000000000000000000000000000000000000000DC00000000000000000000000000DC00000000
310
0000000000000000000000000000000000000000000000000000000000000000000000000000000000000000000000000000000000000000000000000000000000000000000000000000000000000000000000000000DC000000000000000000000000DC000000000000000000000000000000000000000000000000000000
310
0000000000000000000000DC0000000000000000000000000000DC0000000000000000000000000000000000000000000000000000000000000000000000000000000000000000000000000000000000000000000000000000000000000000000000000000000000000000000000DC00000000000000000000000000DC0000
310
00000000000000000000000000000000000000000000000000000000000000000000000000000000000000000000000000000000000000000000000000000000000000000000000000000000000000000000000000000000DC000000000000000000000000DC00000000000000000000000000000000000000000000000000
310
00000000000000000000000000DC0000000000000000000000000000DC0000000000000000000000000000000000000000000000000000000000000000000000000000000000000000000000000000000000000000000000000000000000000000000000000000000000000000000000DC00000000000000000000000000DC
310
000000000000000000000000000000000000000000000000000000000000000000000000000000000000000000000000000000000000000000000000000000000000000000000000000000000000000000000000000000000000DC000000000000000000000000DC0000000000000000000000000000000000000000000000
310
000000000000000000000000000000DC0000000000000000000000000000DC0000000000000000000000000000000000000000000000000000000000000000000000000000000000000000000000000000000000000000000000000000000000000000000000000000000000000000000000DC000000000000000000000000
310
00DC000000000000000000000000000000000000000000000000000000000000000000000000000000000000000000000000000000000000000000000000000000000000000000000000000000000000000000000000000000000000DC000000000000000000000000DC000000000000000000000000000000000000000000
310
0000000000000000000000000000000000DC0000000000000000000000000000DC0000000000000000000000000000000000000000000000000000000000000000000000000000000000000000000000000000000000000000000000000000000000000000000000000000000000000000000000DC00000000000000000000
310
000000DC000000000000000000000000000000000000000000000000000000000000000000000000000000000000000000000000000000000000000000000000000000000000000000000000000000000000000000000000000000000000DC000000000000000000000000DC00000000000000000000000000000000000000
310
00000000000000000000000000000000000000DC0000000000000000000000000000DC0000000000000000000000000000000000000000000000000000000000000000000000000000000000000000000000000000000000000000000000000000000000000000000000000000000000000000000000DC0000000000000000
310
0000000000DC000000000000000000000000000000000000000000000000000000000000000000000000000000000000000000000000000000000000000000000000000000000000000000000000000000000000000000000000000000000000DC000000000000000000000000DC0000000000000000000000000000000000
310
000000000000000000000000000000000000000000DC0000000000000000000000000000DC0000000000000000000000000000000000000000000000000000000000000000000000000000000000000000000000000000000000000000000000000000000000000000000000000000000000000000000000DC000000000000
310
00000000000000DC000000000000000000000000000000000000000000000000000000000000000000000000000000000000000000000000000000000000000000000000000000000000000000000000000000000000000000000000000000000000DC000000000000000000000000DC000000000000000000000000000000
310
0000000000000000000000000000000000000000000000DC0000000000000000000000000000DC0000000000000000000000000000000000000000000000000000000000000000000000000000000000000000000000000000000000000000000000000000000000000000000000000000000000000000000000DC00000000
310
000000000000000000DC000000000000000000000000000000000000000000000000000000000000000000000000000000000000000000000000000000000000000000000000000000000000000000000000000000000000000000000000000000000000DC000000000000000000000000DC00000000000000000000000000
310
00000000000000000000000000000000000000000000000000DC0000000000000000000000000000DC0000000000000000000000000000000000000000000000000000000000000000000000000000000000000000000000000000000000000000000000000000000000000000000000000000000000000000000000DC0000
310
0000000000000000000000DC000000000000000000000000000000000000000000000000000000000000000000000000000000000000000000000000000000000000000000000000000000000000000000000000000000000000000000000000000000000000DC000000000000000000000000DC0000000000000000000000
310
000000000000000000000000000000000000000000000000000000DC0000000000000000000000000000DC0000000000000000000000000000000000000000000000000000000000000000000000000000000000000000000000000000000000000000000000000000000000000000000000000000000000000000000000DC
310
00000000000000000000000000DC000000000000000000000000000000000000000000000000000000000000000000000000000000000000000000000000000000000000000000000000000000000000000000000000000000000000000000000000000000000000DC000000000000000000000000DC000000000000000000
310
0000000000000000000000000000000000000000000000000000000000DC0000000000000000000000000000DC00000000000000000000000000000000000000000000000000000000000000000000000000000000000000000000000000000000000000000000000000000000000000000000000000000000000000000000
310
00DC00000000000000000000000000DC000000000000000000000000000000000000000000000000000000000000000000000000000000000000000000000000000000000000000000000000000000000000000000000000000000000000000000000000000000000000DC000000000000000000000000DC00000000000000
310
00000000000000000000000000000000000000000000000000000000000000DC0000000000000000000000000000DC0000000000000000000000000000000000000000000000000000000000000000000000000000000000000000000000000000000000000000000000000000000000000000000000000000000000000000
310
000000DC00000000000000000000000000DC000000000000000000000000000000000000000000000000000000000000000000000000000000000000000000000000000000000000000000000000000000000000000000000000000000000000000000000000000000000000DC000000000000000000000000DC0000000000
310
000000000000000000000000000000000000000000000000000000000000000000DC0000000000000000000000000000DC000000000000000000000000000000000000000000000000000000000000000000000000000000000000000000000000000000000000000000000000000000000000000000000000000000000000
310
0000000000DC00000000000000000000000000DC000000000000000000000000000000000000000000000000000000000000000000000000000000000000000000000000000000000000000000000000000000000000000000000000000000000000000000000000000000000000DC000000000000000000000000DC000000
310
0000000000000000000000000000000000000000000000000000000000000000000000DC0000000000000000000000000000DC00000000000000000000000000000000000000000000000000000000000000000000000000000000000000000000000000000000000000000000000000000000000000000000000000000000
310
00000000000000DC00000000000000000000000000DC000000000000000000000000000000000000000000000000000000000000000000000000000000000000000000000000000000000000000000000000000000000000000000000000000000000000000000000000000000000000DC000000000000000000000000DC00
310
00000000000000000000000000000000000000000000000000000000000000000000000000DC0000000000000000000000000000DC0000000000000000000000000000000000000000000000000000000000000000000000000000000000000000000000000000000000000000000000000000000000000000000000000000
310
000000000000000000DC00000000000000000000000000DC000000000000000000000000000000000000000000000000000000000000000000000000000000000000000000000000000000000000000000000000000000000000000000000000000000000000000000000000000000000000DC000000000000000000000000
310
DC0000000000000000000000000000000000000000000000000000000000000000000000000000DC0000000000000000000000000000DC000000000000000000000000000000000000000000000000000000000000000000000000000000000000000000000000000000000000000000000000000000000000000000000000
310
0000000000000000000000DC00000000000000000000000000DC000000000000000000000000000000000000000000000000000000000000000000000000000000000000000000000000000000000000000000000000000000000000000000000000000000000000000000000000000000000000DC00000000000000000000
310
0000DC0000000000000000000000000000000000000000000000000000000000000000000000000000DC0000000000000000000000000000DC00000000000000000000000000000000000000000000000000000000000000000000000000000000000000000000000000000000000000000000000000000000000000000000
310
00000000000000000000000000DC00000000000000000000000000DC000000000000000000000000000000000000000000000000000000000000000000000000000000000000000000000000000000000000000000000000000000000000000000000000000000000000000000000000000000000000DC0000000000000000
310
00000000DC0000000000000000000000000000000000000000000000000000000000000000000000000000DC0000000000000000000000000000DC0000000000000000000000000000000000000000000000000000000000000000000000000000000000000000000000000000000000000000000000000000000000000000
310
000000000000000000000000000000DC00000000000000000000000000DC000000000000000000000000000000000000000000000000000000000000000000000000000000000000000000000000000000000000000000000000000000000000000000000000000000000000000000000000000000000000DC000000000000
310
000000000000DC0000000000000000000000000000000000000000000000000000000000000000000000000000DC0000000000000000000000000000DC000000000000000000000000000000000000000000000000000000000000000000000000000000000000000000000000000000000000000000000000000000000000
310
0000000000000000000000000000000000DC00000000000000000000000000DC000000000000000000000000000000000000000000000000000000000000000000000000000000000000000000000000000000000000000000000000000000000000000000000000000000000000000000000000000000000000DC00000000
310
0000000000000000DC0000000000000000000000000000000000000000000000000000000000000000000000000000DC0000000000000000000000000000DC00000000000000000000000000000000000000000000000000000000000000000000000000000000000000000000000000000000000000000000000000000000
310
00000000000000000000000000000000000000DC00000000000000000000000000DC000000000000000000000000000000000000000000000000000000000000000000000000000000000000000000000000000000000000000000000000000000000000000000000000000000000000000000000000000000000000DC0000
310
00000000000000000000DC0000000000000000000000000000000000000000000000000000000000000000000000000000DC0000000000000000000000000000DC0000000000000000000000000000000000000000000000000000000000000000000000000000000000000000000000000000000000000000000000000000
310
000000000000000000000000000000000000000000DC00000000000000000000000000DC000000000000000000000000000000000000000000000000000000000000000000000000000000000000000000000000000000000000000000000000000000000000000000000000000000000000000000000000000000000000DC
310
000000000000000000000000DC0000000000000000000000000000000000000000000000000000000000000000000000000000DC0000000000000000000000000000DC000000000000000000000000000000000000000000000000000000000000000000000000000000000000000000000000000000000000000000000000
310
0000000000000000000000000000000000000000000000DC00000000000000000000000000DC0000000000000000000000000000000000000000000000000000000000000000000000000000000000000000000000000000000000000000000000000000000000000000000000000000000000000000000000000000000000
310
00DC000000000000000000000000DC0000000000000000000000000000000000000000000000000000000000000000000000000000DC0000000000000000000000000000DC00000000000000000000000000000000000000000000000000000000000000000000000000000000000000000000000000000000000000000000
310
00000000000000000000000000000000000000000000000000DC00000000000000000000000000DC000000000000000000000000000000000000000000000000000000000000000000000000000000000000000000000000000000000000000000000000000000000000000000000000000000000000000000000000000000
310
000000DC000000000000000000000000DC0000000000000000000000000000000000000000000000000000000000000000000000000000DC0000000000000000000000000000DC0000000000000000000000000000000000000000000000000000000000000000000000000000000000000000000000000000000000000000
310
000000000000000000000000000000000000000000000000000000DC00000000000000000000000000DC00000000000000000000000000000000000000000000000000000000000000000000000000000000000000000000000000000000000000000000000000000000000000000000000000000000000000000000000000
310
0000000000DC000000000000000000000000DC0000000000000000000000000000000000000000000000000000000000000000000000000000DC0000000000000000000000000000DC000000000000000000000000000000000000000000000000000000000000000000000000000000000000000000000000000000000000
310
0000000000000000000000000000000000000000000000000000000000DC00000000000000000000000000DC0000000000000000000000000000000000000000000000000000000000000000000000000000000000000000000000000000000000000000000000000000000000000000000000000000000000000000000000
310
00000000000000DC000000000000000000000000DC0000000000000000000000000000000000000000000000000000000000000000000000000000DC0000000000000000000000000000DC00000000000000000000000000000000000000000000000000000000000000000000000000000000000000000000000000000000
310
00000000000000000000000000000000000000000000000000000000000000DC00000000000000000000000000DC000000000000000000000000000000000000000000000000000000000000000000000000000000000000000000000000000000000000000000000000000000000000000000000000000000000000000000
310
000000000000000000DC000000000000000000000000DC0000000000000000000000000000000000000000000000000000000000000000000000000000DC0000000000000000000000000000DC0000000000000000000000000000000000000000000000000000000000000000000000000000000000000000000000000000
310
000000000000000000000000000000000000000000000000000000000000000000DC00000000000000000000000000DC00000000000000000000000000000000000000000000000000000000000000000000000000000000000000000000000000000000000000000000000000000000000000000000000000000000000000
310
0000000000000000000000DC000000000000000000000000DC0000000000000000000000000000000000000000000000000000000000000000000000000000DC0000000000000000000000000000DC000000000000000000000000000000000000000000000000000000000000000000000000000000000000000000000000
310
0000000000000000000000000000000000000000000000000000000000000000000000DC00000000000000000000000000DC0000000000000000000000000000000000000000000000000000000000000000000000000000000000000000000000000000000000000000000000000000000000000000000000000000000000
310
00000000000000000000000000DC000000000000000000000000DC0000000000000000000000000000000000000000000000000000000000000000000000000000DC0000000000000000000000000000DC00000000000000000000000000000000000000000000000000000000000000000000000000000000000000000000
310
00000000000000000000000000000000000000000000000000000000000000000000000000DC00000000000000000000000000DC000000000000000000000000000000000000000000000000000000000000000000000000000000000000000000000000000000000000000000000000000000000000000000000000000000
310
000000000000000000000000000000DC000000000000000000000000DC0000000000000000000000000000000000000000000000000000000000000000000000000000DC0000000000000000000000000000DC0000000000000000000000000000000000000000000000000000000000000000000000000000000000000000
310
000000000000000000000000000000000000000000000000000000000000000000000000000000DC00000000000000000000000000DC00000000000000000000000000000000000000000000000000000000000000000000000000000000000000000000000000000000000000000000000000000000000000000000000000
310
0000000000000000000000000000000000DC000000000000000000000000DC0000000000000000000000000000000000000000000000000000000000000000000000000000DC0000000000000000000000000000DC000000000000000000000000000000000000000000000000000000000000000000000000000000000000
310
0000000000000000000000000000000000000000000000000000000000000000000000000000000000DC00000000000000000000000000DC0000000000000000000000000000000000000000000000000000000000000000000000000000000000000000000000000000000000000000000000000000000000000000000000
310
00000000000000000000000000000000000000DC000000000000000000000000DC0000000000000000000000000000000000000000000000000000000000000000000000000000DC0000000000000000000000000000DC00000000000000000000000000000000000000000000000000000000000000000000000000000000
310
00000000000000000000000000000000000000000000000000000000000000000000000000000000000000DC00000000000000000000000000DC000000000000000000000000000000000000000000000000000000000000000000000000000000000000000000000000000000000000000000000000000000000000000000
310
000000000000000000000000000000000000000000DC000000000000000000000000DC0000000000000000000000000000000000000000000000000000000000000000000000000000DC0000000000000000000000000000DC0000000000000000000000000000000000000000000000000000000000000000000000000000
310
000000000000000000000000000000000000000000000000000000000000000000000000000000000000000000DC00000000000000000000000000DC00000000000000000000000000000000000000000000000000000000000000000000000000000000000000000000000000000000000000000000000000000000000000
310
0000000000000000000000000000000000000000000000DC000000000000000000000000DC0000000000000000000000000000000000000000000000000000000000000000000000000000DC0000000000000000000000000000DC000000000000000000000000000000000000000000000000000000000000000000000000
310
0000000000000000000000000000000000000000000000000000000000000000000000000000000000000000000000DC00000000000000000000000000DCF5BEBEF5BEBEBEF5BEBEBEC3BEF5F5BEBEBEC3F5F5BEF5BEF5C3C3BEF5BEBEC3000000000000000000000000000000000000000000000000000000000000000000
310
00000000000000000000000000000000000000000000000000DC000000000000000000000000DC0000000000000000000000000000000000000000000000000000000000000000000000000000DC0000000000000000000000000000DC00000000000000000000000000000000000000000000000000000000000000000000
310
00000000000000000000000000000000000000000000000000000000000000000000000000000000000000000000000000DC00000000000000000000000000DCF5C3F5F5F5F5F5F5F5F5F5F5F5C3BFC3F5F5F5F5F5C3F5F5F5F5F5F5F518F5C300000000000000000000000000000000000000000000000000000000000000
310
000000000000000000000000000000000000000000000000000000DC000000000000000000000000DC0000000000000000000000000000000000000000000000000000000000000000000000000000DC0000000000000000000000000000DC0000000000000000000000000000000000000000000000000000000000000000
310
000000000000000000000000000000000000000000000000000000000000000000000000000000000000000000000000000000DC00000000000000000000000000DCC3C3F58989F5C38989F5BE89F589C3C389C38989C3C3F589F5F589C3F5F5F5C3BEC3000000BEC300000000000000000000000000000000000000000000
310
0000000000000000000000000000000000000000000000000000000000DC000000000000000000000000DC0000000000000000000000000000000000000000000000000000000000000000000000000000DC0000000000000000000000000000DC000000000000000000000000000000000000000000000000000000000000
310
0000000000000000000000000000000000000000000000000000000000000000000000000000000000000000000000000000000000DC00000000000000000000000000DCBEC3BEC3F5F5BEBEBEF5F5BEF5BEC3F5F5F5BEC3BEBEF5BEC3BEC3F5BEC3BEF5F5BEC3BEF5F5BEF5BE892D00000000000000000000000000000000
310
00000000000000000000000000000000000000000000000000000000000000DCC3C3C3C3C300000000000000DC0000000000000000000000000000000000000000000000000000000000000000000000000000DCC3C3C3C3C3000000000000000000DC00000000000000000000000000000000000000000000000000000000
310
00000000000000000000000000000000000000000000000000000000000000000000000000000000000000000000000000000000000000DCC3C3C3C3C3C300000000000000DCF5F5F5F5BEF5F5F5F5F5F5F5F5C3C3F5F5F5F5F5F5F5F5F5F5BEF5F5F5F5F5F5F5F5F5C3F5F5F5F5C3F52D0000000000000000000000000000
310
000000000000000000000000000000000000000000000000000000000000000000DCC3C3C3C3C3C3C3C3C3C3C3C3DC0000000000000000000000000000000000000000000000000000000000000000000000000000DCC3C3C3C3C3C30000000000000000DC00000000BEBE0000000000000000000000000000000000000000
310
000000000000000000000000000000000000000000000000000000000000000000000000000000000000000000000000000000000000000000DCC3C3C3C3C3C3C3C3C3C3C3C32DF5BEF5F5C3BEC3BEC3BEC3BEBEBEF5BEC3BEF5BEBEBEBEBEF5F5BEBEC3BEC3BEF5C3BEC3BEC3BEBEC3C3BEC3BEC3F5BEC3BEBEF5F5C3BEBE
310
BEF5F50000000000000000000000000000000000000000000000000000000000000000DCC3C3C3C3C3C3C3C3C3C3C3C3DCBEC3C3C3BEBEC3BEBEF500000000000000000000000000000000000000000000000000000000DCC3C3C3C3C3C3C3C3C3C3C3C3C300BFC3BEF5C3F5F5BEC3BE000000000000000000000000000000
310
0000000000000000000000000000000000000000000000000000000000000000000000000000000000000000000000000000000000000000000000DCC3C3C3C3C3C3C3C3C3C3C3C3F5F5181818F5F5F5F52D2DBEF5F5F589F5F5F5F5F5F5F5F5F589F5F5F5BE18F589F5BEF5F5C3C318182DF5F518182DF51818182DF5F5BE
310
F5F5F5F5F50000000000000000000000000000000000000000000000000000000000000000DCC3C3C300C3C3C3C3C3C3C3C3DCBEF5F5F5BEBEF5F5F5F500000000000000000000000000000000000000000000000000000000DCC3C3C3C3C3C3C3C3C3C3C3C3C300F5C3F5F5F5F5F5F5F5F500000000000000000000000000
310
00000000000000000000000000000000000000000000000000000000000000000000000000000000000000000000000000000000000000000000000000DCDCDCDCDCDCDCDCDCDCDCDCDCDCDCDCDCDCDCDCDCDCDCDCDCDCDCDCDCDCDCDCDCDCDCDCDCDCDCDCDCDCDCDCDCDCDCDCDCDCDCDCDCDCDCDCDCDCDCDCDCDCDCDCDCDC
310
DCDCDCDCDCDCDCDCDCDCDCDCDCDCDCDCDCDCDCDCDCDCDCDCDCDCDCDCDCDCDCDCDCDCDCDCDCDCDCDCDCDCDCDCDCDCDCDCDCDCDCDCDCDCDCDCDCDCDCDCDCDCDCDCDCDCDCDCDCDCDCDCDCDCDCDCDCDCDCDCDCDCDCDCDCDCDCDCDCDCDCDCDCDCDCDCDCDCDCDCDCDCDCDCDCDCDCDCDCDCDCDCDCDCDCDCDCDCDCDCDCDCDCDCDCDCDC
310
DCDCDCDCDCDCDCDCDCDCDCDCDCDCDCDCDCDCDCDCDCDCDCDCDCDCDCDCDCDCDCDCDCDCDCDCDC0000000000000000000000000000000000000000000000000000DCC3C3C3C3C3C3C3C3C3C3C3C300DC0000000000000000BEC300000000BEBE000000000000000000000000000000000000000000000000000000000000000000
310
0000000000000000000000000000000000000000000000000000000000000000000000000000000000DC000000000000000000000000DC0000000000000000000000000000000000000000000000000000000000000000000000000000DC0000000000000000000000000000DC000000000000000000000000000000000000
310
0000000000000000000000000000000000000000000000000000000000000000000000000000000000000000000000000000000000000000000000000000000000DCC3C3C3C3C3C3C3C3C3C3C3C3C3DCF5F5C3F5C3F5F5F5F5F5F5F5BEC3C32DF5F50000000000000000000000000000000000000000000000000000000000
310
00000000000000000000000000000000000000000000000000000000000000000000000000000000000000DC000000000000000000000000DC0000000000000000000000000000000000000000000000000000000000000000000000000000DC0000000000000000000000000000DC00000000000000000000000000000000
310
00000000000000000000000000000000000000000000000000000000000000000000000000000000000000000000000000000000000000000000000000000000000000DCC3C3C3C3C3C3C3C3C3C3C3C300DC18F5F5F5F5F5F5F5F5F5F5F5F5C3F5F5F52D000000000000000000000000000000000000000000000000000000
310
000000000000000000000000000000000000000000000000000000000000000000000000000000000000000000DC000000000000000000000000DC0000000000000000000000000000000000000000000000000000000000000000000000000000DC0000000000000000000000000000DC0000000000000000000000000000
310
000000000000000000000000000000000000000000000000000000000000000000000000000000000000000000000000000000000000000000000000000000000000000000DCDCDCDCDCDCDCDCDCDCDCDCDCDCDCDCDCDCDCDCDCDCDCDCDCDCDCDCDCDCDCDCDCDCDCDCDCDCDCDCDCDCDCDCDCDCDCDCDCDCDCDCDCDCDCDCDCDC
310
DCDCDCDCDCDCDCDCDCDCDCDCDCDCDCDCDCDCDCDCDCDCDCDCDCDCDCDCDCDCDCDCDCDCDCDCDCDCDCDCDCDCDCDCDCDCDCDCDCDCDCDCDCDCDCDCDCDCDCDCDCDCDCDCDCDCDCDCDCDCDCDCDCDCDCDCDCDCDCDCDCDCDCDCDCDCDCDCDCDCDCDCDCDCDCDCDCDCDCDCDCDCDCDCDCDCDCDCDCDCDCDCDCDCDCDCDCDCDCDCDCDCDCDCDCDCDC
310
DCDCDCDCDCDCDCDCDCDCDCDCDCDCDCDCDCDCDCDCDCDCDCDCDCDCDCDCDCDCDCDCDCDCDCDCDCDCDCDCDCDCDCDCDC0000000000000000000000000000000000000000000000000000DCC3C3C3C3C3C3C3C3C3C3C3C300DCBEBEBEBEBEC3BEBEBEBEBEC3BEC3BEC3F5BEBEBEBEC3BEBEBEBEBEC300000000000000000000000000
310
00000000000000000000000000000000000000000000000000000000000000000000000000000000000000000000000000DCC3C3C3C3C3C3C3C3C3C3C3C3DCBEBE0000BEBEBE00000000000000000000000000000000000000000000000000000000000000DCC3C3C3C3C3C3C3C3C3C3C3C30000BEBEBEBEBEBEBEBEBEBEC3
310
00000000000000000000000000000000000000000000000000000000000000000000000000000000000000000000000000000000000000000000000000000000000000000000000000DCC3C3C3C3C3C3C3C3C3C3C3C3C3DCF5F5BEBEF5F5F5C3BEBEBEF5BEF5F52DC3BEF5BEF5F5F5BFBEF5F5BEBEC3BEF500000000000000
310
000000000000000000000000000000000000000000000000000000000000000000000000000000000000000000000000000000DCC3C3C3C3C3C3C3C3C3C3C3C3DCF5C3BEBEF5BEBEBEBEC300000000000000000000000000000000000000000000000000000000DCC3C3C3C3C3C3C3C3C3C3C3C3C300BFBEF5BEC3F5F5BEF5
310
F5C300000000000000000000000000000000000000000000000000000000000000000000000000000000000000000000000000000000000000000000000000000000000000000000000000DCC3C3C3C3C3C3C3C3C3C3C3C300DCF5F5F5F5F5F5F5C3F5F5F5F5BEF5F528F5BEBE28F5F5F5F5F5F5BEF5F52DF5C30000000000
310
0000000000000000000000000000000000000000000000000000000000000000000000000000000000000000000000000000000000DCC3C3C3C3C3C3C3C3C3C3C3C3DCF5F5F5BEF5F5F5F5F5F500000000000000000000000000000000000000000000000000000000DCC3C3C3C3C3C3C3C3C3C3C3C3C300F5C3F5F5F5F5F5
310
F5F5F5C300000000000000000000000000000000000000000000000000000000000000000000000000000000000000000000000000000000000000000000000000000000000000000000000000DCDCDCDCDCDCDCDCDCDCDCDCDCDCDCDCDCDCDCDCDCDCDCDCDCDCDCDCDCDCDCDCDCDCDCDCDCDCDCDCDCDCDCDCDCDCDCDCDCDC
310
DCDCDCDCDCDCDCDCDCDCDCDCDCDCDCDCDCDCDCDCDCDCDCDCDCDCDCDCDCDCDCDCDCDCDCDCDCDCDCDCDCDCDCDCDCDCDCDCDCDCDCDCDCDCDCDCDCDCDCDCDCDCDCDCDCDCDCDCDCDCDCDCDCDCDCDCDCDCDCDCDCDCDCDCDCDCDCDCDCDCDCDCDCDCDCDCDCDCDCDCDCDCDCDCDCDCDCDCDCDCDCDCDCDCDCDCDCDCDCDCDCDCDCDCDCDCDC
310
DCDCDCDCDCDCDCDCDCDCDCDCDCDCDCDCDCDCDCDCDCDCDCDCDCDCDCDCDCDCDCDCDCDCDCDCDCDCDCDCDCDCDCDCDCDCDCDCDCDCDCDCDC0000000000000000000000000000000000000000000000000000DCC3C3C3C3C3C300000000000000DCBEC3BEC3BEF5BEC3BEBEC3BEF5BEC3BEBEC3BEF5BEC3BEBEBEBEF5BEC3BEC3BEBE
310
C3BEF5C30000000000000000000000000000000000000000000000000000000000000000000000000000000000000000000000000000000000DC000000000000000000000000DC0000000000000000000000000000000000000000000000000000000000000000000000000000DC0000000000000000000000000000DC0000
310
000000000000000000000000000000000000000000000000000000000000000000000000000000000000000000000000000000000000000000000000000000000000000000000000000000000000000000DCC3C3C3C3C3C3C3C3C3C3C3C300DCBEF5BEC3BEC3C3BEC3BEC3C3C3C3BEC3BEC3BEC3C3BEC3BEC3BEC3C32DC3BE
310
C3BEC3C3C3F50000000000000000000000F5F5F5F5F5F5F5F5F5F5F5F5F5F5F5F5F5F5F5F500000000000000000000000000000000000000000000DC000000000000000000000000DC0000000000000000000000000000000000000000000000000000000000000000000000000000DC0000000000000000000000000000DC
310
0000000000000000000000000000000000000000000000000000000000000000000000000000000000000000000000000000000000000000000000000000000000000000000000000000000000000000000000DCC3C3C3C3C3C3C3C3C3C3C3C300DCBEC3BEF5C3BEC3BEC3F5C3BEC3BEF5BEF5BEF5BEF5BEF5000000000000
310
00000000000000000000000000000000000000F5BEC3BEC3F5F5F5F5F5F5F5F5F5F5BEF5BEF5F500000000000000000000000000000000000000000000DC000000000000000000000000DC0000000000000000000000000000000000000000000000000000000000000000000000000000DC00000000000000000000000000
310
00DC0000000000000000000000000000000000000000000000000000000000000000000000000000000000000000000000000000000000000000000000000000000000000000000000000000000000000000000000DCDCDCDCDCDCDCDCDCDCDCDCDCDCDCBEF5BE89BEF5BEF5BEF5BEF52DF5F5F5F5F5F5F5F5F5F5DCDCDCDC
310
DCDCDCDCDCDCDCDCDCDCDCDCDCDCDCDCDCDCDCDCDCF5F5F5F5F5F5F5F5F5F5F5F5F5F5F5F5F5F5F5F5DCDCDCDCDCDCDCDCDCDCDCDCDCDCDCDCDCDCDCDCDCDCDCDCDCDCDCDCDCDCDCDCDCDCDCDCDCDCDCDCDCDCDCDCDCDCDCDCDCDCDCDCDCDCDCDCDCDCDCDCDCDCDCDCDCDCDCDCDCDCDCDCDCDCDCDCDCDCDCDCDCDCDCDCDCDC
310
DCDCDCDCDCDCDCDCDCDCDCDCDCDCDCDCDCDCDCDCDCDCDCDCDCDCDCDCDCDCDCDCDCDCDCDCDCDCDCDCDCDCDCDCDCDCDCDCDCDCDCDCDCDCDCDCDCDCDCDCDC0000000000000000000000000000000000000000000000000000DCC3C3C3C3C3C300000000000000DC00000000000000000000000000000000000000000000000000
310
0000000000000000000000000000000000000000000000000000000000000000000000000000000000000000000000000000000000000000000000000000000000DC000000000000000000000000DC0000000000000000000000000000000000000000000000000000000000000000000000000000DC000000000000000000
310
0000000000DC0000000000000000000000000000000000000000000000000000000000000000000000000000000000000000000000000000000000000000000000000000000000000000000000000000000000000000000000DCC3C3C3C3C3C3C3C3C3C3C3C300DCBEC3F500BEC32DBEC3F500BEC3F5BEC3F500BEC3F5BEC3
310
F500BEC3F50000000000000000000000000000000000000000000000000000000000000000000000000000000000000000000000000000000000000000000000000000DC000000000000000000000000DC0000000000000000000000000000000000000000000000000000000000000000000000000000DC00000000000000
310
00000000000000DC0000000000000000000000000000000000000000000000000000000000000000000000000000000000000000000000000000000000000000000000000000000000000000000000000000000000000000000000DCC3C3C3C3C3C3C3C3C3C3C3C300DCBEC3BEF5BEF5BEF5BEBEBEBEF5BEC3BEBEBEBEF5BE
310
F5BEBEC3BEF5BEF5C3000000000000000000000000000000000000000000000000000000000000000000000000000000000000000000000000000000000000000000000000DC000000000000000000000000DC0000000000000000000000000000000000000000000000000000000000000000000000000000DC0000000000
310
000000000000000000DC0000000000000000000000000000000000000000000000000000000000000000000000000000000000000000000000000000000000000000000000000000000000000000000000000000000000000000000000DCC3C3C3C3C3C3C3C3C3C3C3C300DCBEC3BEC3C3C3C3BEC3BEC3BEC3C3BEC3BEC3BE
310
C3C3BEC3BEC3BEC3C3C3C3000000000000000000000000000000000000000000000000000000000000000000000000000000000000000000000000000000000000000000000000DC000000000000000000000000DC0000000000000000000000000000000000000000000000000000000000000000000000000000DC000000
310
0000000000000000000000DC0000000000000000000000000000000000000000000000000000000000000000000000000000000000000000000000000000000000000000000000000000000000000000000000000000000000000000000000DCDCDCDCDCDCDCDCDCDCDCDCDCDCDCDCDCDCDCDCDCDCDCDCDCDCDCDCDCDCDCDC
310
DCDCDCDCDCDCDCDCDCDCDCDCDCDCDCDCDCDCDCDCDCDCDCDCDCDCDCDCDCDCDCDCDCDCDCDCDCDCDCDCDCDCDCDCDCDCDCDCDCDCDCDCDCDCDCDCDCDCDCDCDCDCDCDCDCDCDCDCDCDCDCDCDCDCDCDCDCDCDCDCDCDCDCDCDCDCDCDCDCDCDCDCDCDCDCDCDCDCDCDCDCDCDCDCDCDCDCDCDCDCDCDCDCDCDCDCDCDCDCDCDCDCDCDCDCDCDC
310
DCDCDCDCDCDCDCDCDCDCDCDCDCDCDCDCDCDCDCDCDCDCDCDCDCDCDCDCDCDCDCDCDCDCDCDCDCDCDCDCDCDCDCDCDCDCDCDCDCDCDCDCDCDCDCDCDCDCDCDCDCDCDCDCDCDCDCDCDCDCDC0000000000000000000000000000000000000000000000000000DCC3C3C3C3C3C3C3C3C3C3C3C300DC000000000000000000000000000000
310
000000000000000000000000000000000000000000000000000000000000000000000000000000000000000000000000000000000000000000000000000000000000000000000000000000DCC3C3C3C3C3C3C3C3C3C3C3C3DC0000000000000000000000000000000000000000000000000000000000000000000000000000
310
DCC3C3C3C3C3C3C3C3C3C3C3C30000DC0000000000000000000000000000000000000000000000000000000000000000000000000000000000000000000000000000000000000000000000000000000000000000000000000000000000000000000000DCC3C3C3C3C3C3C3C3C3C3C3C300DC00000000000000000000000000
310
0000000000000000000000000000000000000000000000000000000000000000000000000000000000000000000000000000000000000000000000000000000000000000000000000000000000DCC3C3C3C3C3C3C3C3C3C3C3C3DC000000000000000000000000000000000000000000000000000000000000000000000000
310
0000DCC3C3C3C3C3C3C3C3C3C3C3C30000DC0000000000000000000000000000000000000000000000000000000000000000000000000000000000000000000000000000000000000000000000000000000000000000000000000000000000000000000000DCC3C3C3C3C3C3C3C3C3C3C3C300DCF5F5F5BE2DBE2DF5F5F52D
310
F5BEF5F5F5F5F5F5F52DF5F5F5F5F5F5F5F5F5000000000000000000000000000000000000000000000000000000000000000000000000000000000000000000000000000000000000000000000000DCC3C3C3C3C3C3C3C3C3C3C3C3DCBEBEC3BEBEC3BE2D0000000000000000000000000000000000000000000000000000
310
00000000DCC3C3C3C3C3C3C3C3C3C3C3C30000BEBEC3C3C3F52D2DF52DF5C3000000000000000000000000000000000000000000000000000000000000000000000000000000000000000000000000000000000000000000000000000000000000000000000000DCDCDCDCDCDCDCDCDCDCDCDCDCDCDCF5F5BE89F5F5F5F5F5
310
F52DF5F5F5F5F5BEF5F5F52DF5F589F5F5F5F5F5F5DCDCDCDCDCDCDCDCDCDCDCDCDCDCDCDCDCDCDCDCDCDCDCDCDCDCDCDCDCDCDCDCDCDCDCDCDCDCDCDCDCDCDCDCDCDCDCDCDCDCDCDCDCDCDCDCDCDCDCDCDCDCDCDCDCDCDCDCDCDCDCDCDCDCC3C3C3C3C3C3C32DDCDCDCDCDCDCDCDCDCDCDCDCDCDCDCDCDCDCDCDCDCDCDCDC
310
DCDCDCDCDCDCDCDCDCDCDCDCDCDCDCDCDCDCDCDCDCC3C3C3C3C3F52D2DF52DF5F5DCDCDCDCDCDCDCDCDCDCDCDCDCDCDCDCDCDCDCDCDCDCDCDCDCDCDCDCDCDCDCDCDCDCDCDCDCDCDCDCDCDCDCDCDCDC0000000000000000000000000000000000000000000000000000DCC3C3C3C3C3C300000000000000DC00000000000000
310
0000000000000000000000000000000000000000000000000000000000000000000000000000000000000000000000000000000000000000000000000000000000000000000000000000000000000000000000DC000000000000000000000000DC000000000000000000000000000000000000000000000000000000000000
310
0000000000000000DC0000000000000000000000000000DC0000000000000000000000000000000000000000000000000000000000000000000000000000000000000000000000000000000000000000000000000000000000000000000000000000000000000000000000DCC3C3C3C3C3C3C3C3C3C3C3C300DC0000000000
310
00000000000000000000000000000000000000000000000000000000000000000000000000000000000000000000000000000000000000000000000000000000000000000000000000000000000000000000000000DC000000000000000000000000DC00000000000000000000000000000000000000000000000000000000
310
00000000000000000000DC0000000000000000000000000000DC0000000000000000000000000000000000000000000000000000000000000000000000000000000000000000000000000000000000000000000000000000000000000000000000000000000000000000000000DCC3C3C3C3C3C3C3C3C3C3C3C300DCC389C3
310
C30000000000000000000000000000000000000000000000000000000000000000000000000000000000000000000000000000000000000000000000000000000000000000000000000000000000000000000000000000DC000000000000000000000000DC0000000000000000000000000000000000000000000000000000
310
000000000000000000000000DC0000000000000000000000000000DC0000000000000000000000000000000000000000000000000000000000000000000000000000000000000000000000000000000000000000000000000000000000000000000000000000000000000000000000DC00000000000000000000000000DCF5
310
F5F5F50000000000000000000000000000000000000000000000000000000000000000000000000000000000000000000000000000000000000000000000000000000000000000000000000000000000000000000000000000DC000000000000000000000000DC000000000000000000000000000000000000000000000000
310
0000000000000000000000000000DC0000000000000000000000000000DC0000000000000000000000000000000000000000000000000000000000000000000000000000000000000000000000000000000000000000000000000000000000000000000000000000000000000000000000DCDCDCDCDCDCDCDCDCDCDCDCDCDC
310
DCDCDCDCDCDCDCDCDCDCDCDCDCDCDCDCDCDCDCDCDCDCDCDCDCDCDCDCDCDCDCDCDCDCDCDCDCDCDCDCDCDCDCDCDCDCDCDCDCDCDCDCDCDCDCDCDCDCDCDCDCDCDCDCDCDCDCDCDCDCDCDCDCDCDCDCDCDCDCDCDCDCDCDCDCDCDCDCDCDCDCDCDCDCDCDCDCDCDCDCDCDCDCDCDCDCDCDCDCDCDCDCDCDCDCDCDCDCDCDCDCDCDCDCDCDCDC
310
DCDCDCDCDCDCDCDCDCDCDCDCDCDCDCDCDCDCDCDCDCDCDCDCDCDCDCDCDCDCDCDCDCDCDCDCDCDCDCDCDCDCDCDCDCDCDCDCDCDCDCDCDCDCDCDCDCDCDCDCDCDCDCDCDCDCDCDCDCDCDCDCDCDCDCDCDCDCDCDCDCDCDCDCDCDCDCDCDC0000000000000000000000000000000000000000000000000000DCC3C3C3C3C3C3C3C3C3C3C3
310
C300DC000000000000000000000000000000000000000000000000000000000000000000000000000000000000000000000000000000000000000000000000000000000000000000000000000000000000000000000000000000000000DCC3C3C3C3C3C3C3C3C3C3C3C3DCBE2DC3C3C3C3F500000000000000000000000000
310
000000000000000000000000000000000000DCC3C3C3C3C3C3C3C3C3C3C3C30000DC0000000000000000000000000000000000000000000000000000000000000000000000000000000000000000000000000000000000000000000000000000000000000000000000000000000000000000000000DCC3C3C3C3C3C3C3C3C3
310
C3C3C300DCC3BEC3C3C3C3BEC3C3BEC3BEC3C3C3BEC3C3BEC3BEC3C32DBEC3BEBEBEC3C3C3C3C3C300000000000000000000000000000000000000000000000000000000000000000000000000000000000000000000000000000000000000DCC3C3C3C3C3C3C3C3C3C3C3C3DCC3C3C3C3C3C3F5C3C300C3F52DC30000C3C3
310
C3F5C3F5C3C30000000000000000000000000000DCC3C3C3C3C3C3C3C3C3C3C3C30000BEBEBEC3C3C32DBEBEC30000000000000000000000000000000000000000000000000000000000000000000000000000000000000000000000000000000000000000000000000000000000000000000000000000DCC3C3C3C3C3C3C3
310
C3C3C3C3C300DCF5C32DF52DF5F5F5F5F5C3C32DF5F5F52DF5F52DF5F52DF52DF5F52DF52DF5F52DF5BE00000000000000000000000000000000000000000000000000000000000000000000000000000000000000000000000000000000000000DCC3C3C3C3C3C3C3C3C3C3C3C3DCF5F5F52DF5C3BEF5F5F5F52DF5F52DC3
310
F52DF5F5F5BEF5F5F500000000000000000000000000DCC3C3C3C3C3C3C3C3C3C3C3C30000C3C3C32D2DF5F5F5F5C30000000000000000000000000000000000000000000000000000000000000000000000000000000000000000000000000000000000000000000000000000000000000000000000000000DCDCDCDCDCDC
310
DCDCDCDCDCDCDCDCDCF5C32DF52DF5F589BEC3BEC32DF5C3C32DBEF5F5F5F5F5F5BEF5C3BEC32DF5F52DF5BEDCDCDCDCDCDCDCDCDCDCDCDCDCDCDCDCDCDCDCDCDCDCDCDCDCDCDCDCDCDCDCDCDCDCDCDCDCDCDCDCDCDCDCDCDCDCDCDCDCDCDCDCDCDCDCDCDCDCDCDCDCDCDCDCDCDCDCDCDCDCDCBEDCDCDCDCC3F5BEF5F5BEF5
310
C3C3F5F52DBE2DBEBEF5BEDCDCDCDCDCDCDCDCDCDCDCDCDCDCDCDCDCDCDCDCDCDCDCDCDCDCDCDCC3C3C32D2DF5F5F5F5F5DCDCDCDCDCDCDCDCDCDCDCDCDCDCDCDCDCDCDCDCDCDCDCDCDCDCDCDCDCDCDCDCDCDCDCDCDCDCDCDCDCDCDCDCDCDCDCDC0000000000000000000000000000000000000000000000000000DC000000
310
00000000000000000000DC000000000000000000000000000000000000000000000000000000000000000000000000000000000000000000000000000000000000000000000000000000000000000000000000000000000000000000000000000000000000DCC3C3C3C3C300000000000000DC000000000000000000000000
310
0000000000000000000000000000000000000000000000000000DCC3C3C3C3C3C30000000000000000DC0000000000000000000000000000000000000000000000000000000000000000000000000000000000000000000000000000000000000000000000000000000000000000000000000000000000000000000000DCC3
310
C3C3C3C3C3C3C3C3C3C3C300DC000000000000000000000000000000000000000000000000000000000000000000000000000000000000000000000000000000000000000000000000000000000000000000000000000000000000000000000000000000000000DCC3C3C3C3C3C3C3C3C3C3C300DC00000000000000000000
310
00000000000000000000000000000000000000000000000000000000DCC3C3C3C3C3C3C3C3C3C3C3C30000DC0000000000000000000000000000000000000000000000000000000000000000000000000000000000000000000000000000000000000000000000000000000000000000000000000000000000000000000000
310
DCC3C3C3C3C3C3C3C3C3C3C3C300DC000000000000000000000000000000000000000000000000000000000000000000000000000000000000000000000000000000000000000000000000000000000000000000000000000000000000000000000000000000000000DCC3C3C3C3C3C3C3C3C3C3C3C3DC0000000000000000
310
000000000000000000000000000000000000000000000000000000000000DCC3C3C3C3C3C3C3C3C3C3C3C30000DC000000000000000000000000000000000000000000000000000000000000000000000000000000000000000000000000000000000000000000000000000000000000000000000000000000000000000000
310
0000DCC3C3C300C3C3C3C3C3C3C3C300DCF5F5C3F5F5C3C3F5C3000000000000000000000000000000000000000000000000000000000000000000000000000000000000000000000000000000000000000000000000000000000000000000000000000000000000000000C3C3C3C3C300C3C3C3C3C3C3C3DC000000000000
310
0000000000000000000000000000000000000000000000000000000000000000DCC3C3C3C3C3C3C3C3C3C3C3C30000DC00000000000000000000000000000000000000000000000000000000000000000000000000000000000000000000000000000000000000000000000000000000000000000000000000000000000000
310
00000000DCDCDCDCDCDCDCDCDCDCDCDCDCDCDC89F5F5F5F5C3F5F5F5DCDCDCDCDCDCDCDCDCDCDCDCDCDCDCDCDCDCDCDCDCDCDCDCDCDCDCDCDCDCDCDCDCDCDCDCDCDCDCDCDCDCDCDCDCDCDCDCDCDCDCDCDCDCDCDCDCDCDCDCDCDCDCDCDCDCDCDCDCDCDCDCDCDCDCDCDCDCDCDCDCDCDCDCDCDCDCDCDCDCDCDCDCDCDCDCDCDCDC
310
DCDCDCDCDCDCDCDCDCDCDCDCDCDCDCDCDCDCDCDCDCDCDCDCDCDCDCDCDCDCDCDCDCDCDCDCDCDCDCDCDCDCDCDCDCDCDCDCDCDCDCDCDCDCDCDCDCDCDCDCDCDCDCDCDCDCDCDCDCDCDCDCDCDCDCDCDCDCDCDCDCDCDCDCDCDCDCDCDCDCDCDCDCDCDCDCDCDCDCDCDCDCDCDCDCDCDC0000000000000000000000000000000000000000
310
000000000000DC00000000000000000000000000DCC3BEC3C3C3C3F5BEC3BEC3C3BEC3BE2DC3C3BEC3C3C3BEC3BE0000000000000000000000000000000000000000000000000000000000000000000000000000000000000000000000000000000000000000000000000000000000DC000000000000000000000000DC0000
310
000000000000000000000000000000000000000000000000000000000000000000000000DC0000000000000000000000000000DC000000000000000000000000000000000000000000000000000000000000000000000000000000000000000000000000000000000000000000000000000000000000000000000000000000
310
0000000000000000DC00000000000000000000000000DCC3F5F5F5F5F50F2DF5F5F5BEF5C3F52DF5F52DF5F5F5F5F5F50000000000000000000000000000000000000000000000000000000000000000000000000000000000000000000000000000000000000000000000000000000000DC000000000000000000000000DC
310
0000000000000000000000000000000000000000000000000000000000000000000000000000DC0000000000000000000000000000DC00000000000000000000000000000000000000000000000000000000000000000000000000000000000000000000000000000000000000000000000000000000000000000000000000
310
00000000000000000000DCC3C3C3C3C3C300000000000000DCBEF5F5F5C3F5BEBEF5BEBEBEF5BEF52DF5C3BEF5F5F5C3F5F50000000000000000000000000000000000000000000000000000000000000000000000000000000000000000000000000000000000000000000000000000000000DCC3C3C3C3C3000000000000
310
00DCBEBEBEBEC3000000000000000000000000000000000000000000000000000000000000000000DCC3C3C3C3C3C30000000000000000DC0000000000000000000000000000000000000000000000000000000000000000000000000000000000000000000000000000000000000000000000000000000000000000000000
310
000000000000000000000000DCC3C3C3C3C3C3C3C3C3C3C3C300DCF5F50FC32DF5F5F5F5F5F5F5F5F5F5BE00C3C3002DC30000C3F500C3F500C3BE00000000000000000000000000000000000000000000000000000000000000000000000000000000000000000000000000000000000000000000C3C3C3C3C3C3C3C3C3C3
310
C3C3C3DCF5F52D2D2D000000000000000000000000000000000000000000000000000000000000000000DCC3C3C3C3C3C3C3C3C3C3C3C30000DC000000000000000000000000000000000000000000000000000000000000000000000000000000000000000000000000000000000000000000000000000000000000000000
310
0000000000000000000000000000DCC3C3C3C3C3C3C3C3C3C3C3C300DCBEF5F5C32DF5F52DF5F52DF5F5F5F5F5BE2DF52DF5F5F52DF5F5F5F5F5F5F5F5F5000000000000000000000000000000000000000000000000000000000000000000000000000000000000000000000000000000000000000000C3C3C3C3C3C3C3C3
310
C3C3C3C3C3DCF5BE2D2D2D00C3F500C300C3BE00C300C3C300C3F5C3C300C3F5C3C300C3F500000000000000DCC3C3C3C3C3C3C3C3C3C3C3C30000BEBEBEBEC3000000000000000000000000000000000000000000000000000000000000000000000000000000000000000000000000000000000000000000000000000000
310
00000000000000000000000000000000DCC3C3C3C3C3C3C3C3C3C3C3C300DCC3F5F5C32DF5F52DF5F52DF5F5F5F5F5C32DF52DF5F5F52DF5F5F5F5F5F5F5F5BE000000000000000000000000000000000000000000000000000000000000000000000000000000000000000000000000000000000000000000C3C3C3C3C3C3
310
C3C3C3C3C3C300DCF5F5F52DF5F5F5F52DF5F5F5F5F5F5F5F52DF5F5C3BEF52DF5F52DF52DF5F52D000000000000DCC3C3C3C3C3C3C3C3C3C3C3C30000BE2DC32DF500000000000000000000000000000000000000000000000000000000000000000000000000000000000000000000000000000000000000000000000000
310
000000000000000000000000000000000000DCDCDCDCDCDCDCDCDCDCDCDCDCDCDCDCDCDCDCDCDCDCDCDCDCDCDCDCDCDCDCDCDCDCDCDCDCDCDCDCDCDCDCDCDCDCDCDCDCDCDCDCDCDCDCDCDCDCDCDCDCDCDCDCDCDCDCDCDCDCDCDCDCDCDCDCDCDCDCDCDCDCDCDCDCDCDCDCDCDCDCDCDCDCDCDCDCDCDCDCDCDCDCDCDCDCDCDCDC
310
DCDCDCDCDCDCDCDCDCDCC3F5F5C3F5C3F5F5C3F5C3F5F5C3F5C3F5F5C3F5C3BEF5C3F5C3C3F5C3F5F52DDCDCDCDCDCDCDCDCDCDCDCDCDCDCDCDCDCDCDCDCDCC3C3C3C3F5DCDCDCDCDCDCDCDCDCDCDCDCDCDCDCDCDCDCDCDCDCDCDCDCDCDCDCDCDCDCDCDCDCDCDCDCDCDCDCDCDCDCDCDCDCDCDCDCDCDCDCDCDC000000000000
310
0000000000000000000000000000000000000000DCC3C3C3C3C3C300000000000000DC0000000000002D2D000000000000BEBE0000000000000000000000000000000000000000000000000000000000000000000000000000000000000000000000000000000000000000000000000000000000000000000000000000DCC3
310
C3C3C3C300000000000000DC0000000000000000000000000000000000000000000000000000000000000000000000000000DCC3C3C3C3C3C30000000000000000DC00000000000000000000000000000000000000000000000000000000000000000000000000000000000000000000000000000000000000000000000000
310
00000000000000000000000000000000000000000000DCC3C3C3C3C3C3C3C3C3C3C3C3C3DCF589BEBEBEC3F5BEBEBEBEC3C3C3BEF5BEBEC3BEBFBEBEBE000000000000000000000000000000000000000000000000000000000000000000000000000000000000000000000000000000000000000000000000000000000000
310
DCC3C3C3C3C3C3C3C3C3C3C3C3DCF5F5BEBEF5C3BEC3F50000000000000000000000000000000000000000000000000000000000DCC3C3C3C3C3C3C3C3C3C3C3C3C300DCBEBEC3BEBE000000000000000000000000000000000000000000000000000000000000000000000000000000000000000000000000000000000000
310
000000000000000000000000000000000000000000000000DCC3C3C3C3C3C3C3C3C3C3C3C300DCF5C3F5F5F5F5F5C3F5F5BEBEF5BEBE89F5F5F5F5BFF5F5C300000000000000000000000000000000000000000000000000000000000000000000000000000000000000000000000000000000000000000000000000000000
310
0000DCC3C3C3C3C3C3C3C3C3C3C3C3DCBEF5F5BEF5F5F5BEC30000000000000000000000000000000000000000000000000000000000DCC3C3C3C3C3C3C3C3C3C3C3C3C300DCF5F5F5F5C300000000000000000000000000000000000000000000000000000000000000000000000000000000000000000000000000000000
310
0000000000000000000000000000000000000000000000000000DC00000000000000000000000000DC0000000000000000000000000000000000000000000000000000000000000000000000000000000000000000000000000000000000000000000000000000000000000000000000000000000000000000000000000000
310
00000000DC000000000000000000000000DC000000000000F500000000000000000000000000000000000000000000000000000000000000DC0000000000000000000000000000DC0000F500000000000000000000000000000000000000000000000000000000000000000000000000000000000000000000000000000000
310
00000000000000000000000000000000000000000000000000000000DCDCDCDCDCDCDCDCDCDCDCDCDCDCDCDCDCDCDCDCDCDCDCDCDCDCDCDCDCDCDCDCDCDCDCDCDCDCDCDCDCDCDCDCDCDCDCDCDCDCDCDCDCDCDCDCDCDCDCDCDCDCDCDCDCDCDCDCDCDCDCDCDCDCDCDCDCDCDCDCDCDCDCDCDCDCDCDCDCDCDCDCDCDCDCDCDCDCDC
310
DCDCDCDCDCDCDCDCDCDCDCDCDCDCDCDCDCDCDCDCDCDCDCDCDCDCDCDCDCDCDCDCDCDCDCDCDCDCDCDCDCDCDCDCDCDCDCDCDCDCDCDCDCDCDCDCDCDCDCDCDCDCDCDCDCDCDCDCDCDCDCDCDCDCDCDCDCDCDCDCDCDCDCDCDCDCDCDCDCDCDCDCDCDCDCDCDCDCDCDCDCDCDCDCDCDCDCDCDCDCDCDCDCDCDCDCDCDCDCDCDCDCDCDCDCDCDC
310
DCDCDCDC000000000000000000000000000000000000000000000000000000000000000000000000000000000000000000000000000000000000000000000000000000000000000000000000000000000000000000000000000000000000000000000000000000000000000000000000000000000000000000000000000000
310
0000000000000000000000000000000000000000000000C3C3C3C3C3C3C3C30000C300C3C3C3C3C3C3C30000000000000000000000000000000000000000000000000000000000000000000000000000C3C3C3C3C3C3C3C3C3C300C3C3C3C3C3C3C3C300000000000000000000000000000000000000000000000000000000
310
000000000000000000000000000000000000000000000000000000000000000000000000000000000000000000000000C3C3C3C3C3C3C3C30000C3C3C3C3C3C3C3C3C3000000000000000000000000000000000000000000000000000000000000000000000000000000000000000000000000000000000000000000000000
310
00000000000000000000000000000000000000000000000000C3C3C3C3C3C3C3C30000C300C3C3C3C3C3C3C30000000000000000000000000000000000000000000000000000000000000000000000000000C3C3C3C3C3C3C3C3C3C300C3C3C3C3C3C3C3C30000000000000000000000000000000000000000000000000000
310
0000000000000000000000000000000000000000000000000000000000000000000000000000000000000000000000000000C3C3C3C3C3C3C3000000C3C3C3C3C3C3C3C3C300000000000000000000000000000000000000000000000000000000000000000000000000000000000000000000000000000000000000000000
310
000000000000000000000000000000000000000000000000000000C3C3C3C3C3C3C3000000C3C3C3C3C3C3C3C3C30000000000000000000000000000000000000000000000000000000000000000000000000000C3C3C3C3C3C3C3C3C3C300C3C3C3C3C3C3C3C3000000000000000000000000000000000000000000000000
310
00000000000000000000000000000000000000000000000000000000000000000000000000000000000000000000000000000000C3C3C3C3C3C3C3000000C3C3C3C3C3C3C3C3C30000000000000000000000000000000000000000000000000000000000000000000000000000000000000000000000000000000000000000
310
0000000000000000000000000000000000000000000000000000000000C3C3C3C3C3C3C30000C3C3C3C3C3C3C3C3C3C30000000000000000000000000000000000000000000000000000000000000000000000000000C3C3C3C300C300C3C3C300C3C3C3C3C3C3C30000000000000000000000000000000000000000000000
310
00000000000000000000000000000000000000000000000000000000000000000000000000000000000000000000000000000000000000000000000000000000000000000000000000000000000000000000000000000000000000000000000000000000000000000000000000000000000000000000000000000000000000
310
00000000000000000000000000000000000000000000000000000000000000000000000000000000000000000000000000000000000000000000000000000000000000000000000000000000000000000000000000000000000000000000000000000000000000000000000000000000000000000000000000000000000000
310
0000000000000000000000000000
  0
XRECORD
  5
62E
102
{ACAD_REACTORS
330
3C
102
}
330
3C
100
AcDbXrecord
280
     1
102
MATERIAL
148
0.0
149
0.0
149
0.0
 93
        0
 94
       63
282
     0
 72
     1
 77
     1
171
     1
175
     1
179
     1
273
     0
  0
XRECORD
  5
3D
102
{ACAD_REACTORS
330
3C
102
}
330
3C
100
AcDbXrecord
280
     1
 70
     1
 90
429727718
  1
D62C5603-E3A1-4AEA-B7FB-FE5D8D0755AF
310
504B03040A0000080000CC70623B3DEE336E79000000790000001B0000006175746F6465736B2D64657369676E2D7061636B6167652E786D6C3C3F786D6C2076657273696F6E3D22312E302220656E636F64696E673D227574662D3822203F3E3C666F726D6174733E3C666F726D61743E687474703A2F2F736368656D612E
310
6175746F6465736B2E636F6D2F64657369676E2D7061636B6167652F323030393C2F666F726D61743E3C2F666F726D6174733E504B0304140006080800CC70623BD486FD9CA0000000F4000000130000005B436F6E74656E745F54797065735D2E786D6C7D8EC10E82300C865F65E91D8A1E8C310C0EEA1BF002731658846E
310
D98AC1B77784ABF1D8FE5FBFBF75BBCE937A534CCEB38643598122B6FEE978D0B0485F9C41B54DDD7D022595594E1A469170414C76A4D9A4D207E29CF43ECE46F218070CC6BECC4078ACAA135ACF422C856C0E68EA1BF5669944DDD7BCDE7B1F8E415D77AECB980613C2E4AC91FC167A2B244592486606FC29C8FD7F045B9A
310
EF7053A7E60B504B0304140006080800CC70623B853B8169EB0000007C01000008000000636F72652E786D6C8D90416EC3201045AF62CDB6C206821CC7C244919D9CA01740401C94182C03558F5F9C3852BBEB6A467FFE9B197D7EFC9E1EC5975982F5AE035262288C535E5B377690E21535501C055FBC8FBF6C503839990E
310
5619041F179FE64D52DE45E362569DD7661365082642A11EB9E920A89B99642953CC8E702F67A9EE7234257977194EC9EAE275C4EABCCF5EAD5940D4AC6F0E35A568B8F43562CD7046CD199FD07E60174276A7BE677B5EADB0E0D14EEFFB6A31321A0D82627C4084204C3F096B71DD52F6819B16635EADF63F509AF53FA164
310
5DDCD1EDDD17164090FCC8732078B56691CB33A85CD7DCC40F504B0304140006080800CC70623B55019EA25F0000007C00000007000000636E782E786D6C4DCB3B0E80201045D1AD90E915ED2CF8AC45050C11660C8261F98AB1B07AC9C97D42D718D865D3E909258CFD00CCE24AC6E326A164D74DC0B4128928FF32603847
310
2BA13128B1252AC747C6BAB984FC68F0B87FE8960A5C09FE86CFB69FBA01504B0304140006080800CC70623BDBABAAF470010000D40300000C0000006662782F636F72652E786D6CC553D16E823014FD95A6AF4B694182CC941A83FA05FB810A9511A125A5257EFE2E82712ECEB8A7F100CD39F7F69E734AF9FADC366850B6
310
AF8DCE7018308C942E4C59EB2AC3DE1D498AD15A706B8CFB56869196ADCAF00863C12B6B7C374385D14E6907A836A59A41D9F7CA615434B0C8705F7CAA5606D23BA8E84F41278B93AC54100640439DE0BDB320004D43C63716C7C399D30917DCFBBA9CD9BA8469F5B156168B24CED3F7248AC8769F27244EB73B92EED8862C
310
B7F13E0C179B3C8F979C8ECD82BBBABDAA2BAC924E9558448CBD9330242CFA08E3154B5651FCC6D215639C8EE5774DBE2B5F6CF2B5768B68963BB5F5588420E442FC700B1139D4CB01F450C1E918227C2E09DF070D8140C84E1E9AAB8F1340832A9CB13130A5F1376A908D57309505ECF2A0DF179C4E9D30F5B239B87E3823
310
7A79C6F31DE1A8A5AEC08474B03C7837EAE4938639B44E5932B833D2C6B6B279CDC613877FA26EE21F4A2A4C63EC7F29A2F301D1F9F7A0E37D145F504B0304140006080800CC70623B9C113CC27E0000009D0000000B0000006662782F636E782E786D6C4DCCDF0A83201C86E15B91DFB94BFB330DD428C8FB886521330DA7
310
6397BF1A1DECE883878F57749FCDA1B7892F1BBC047A23808C7F84D9FA55424E0BE6803A256208E9EF06C84F9B91703228B1C690F78B66B34CD9A5439DF5CF0BFBF65E35BCA1B8D6A5C6F540381E886698B5741C695F9503EBA150A2F8958E3DC3EA0B504B0304140006080800CC70623B7DF2F77C2A010000120200003100
310
00006662782F41393633353835312D344632462D344230382D423046372D3739314545314133324237412F636F72652E786D6C8D51DB8EC22014FC15C2939B0D2DB4B45643319AE817EC0F6041255A68B86CFCFC856D4D76DF7CE190393373060EDB3DC707F856CE6B6B7A480A0C81328395DA5C7B18C3057510EC3873D686
310
3F34088C18550F330C39BB3A1BA7051AAC09CA84841A2BD5020AEF55806078A44B0FFD7053A328440C89E1EFC52486BBB8AA8214A99D789CF9E05200300FC927E4FB4D5B375D43103D5527440FB843077C5AA3F5861C8F645F5787F59E95B390B318B55CE45AA638FAA2957BD7248B390B7A7CC51F9C124149C82B8C378810
310
84AB2F42B7B8DD56F413775B8C5999E9FF4471926F8AA236A1AE96B8B3CC434E5839373893369E1FAF30EA395917409EB7F26AF8801C171837A4A6AC9C89E9F9C9B1A58BA30FD6A5EF5DDDCF894B9AD9B6A59C957943A9FCAE2FD5BC4DFE03504B0304140006080800CC70623BAD7543B64E01000033030000300000006662
310
782F41393633353835312D344632462D344230382D423046372D3739314545314133324237412F636E782E786D6CD593CD6EC32010845F0571AD6CE3D48AD20813A9873E410FBD12D82434182C7EAAE6EDBB2424CD25871E7B41D6EC30B3FA84F9E67BB2E40B4234DE8DB46F1925E094D7C6ED479AD3AE5951B2113C789FEE
310
6C943839C1488B4C05DF079FE72A69D8C96C13AAD6B8631503449F83828872B949AC57D26200B826A308D316B4064D6E46FCDA41C05550DC9E483A00797BFD207EFB092A45DE9514C1BBD22178396BD39D891265658C238DEA00936C654E5E433CB65A26D9F6EDB5EBC14EBF49A45CB856E66048291F6939A9A81BB5C89177
310
38143CA680F4AA299D66A042CEB3354A2684DC9D8D178FE0D9B8B41CAAD720F880EE7EF93C0C18769E099ECC04D5A102C8049A8A05632F4DDF376CF1DE0F6BB65C2F8627B65A33C6BB62177CEBBDAD973006829F89F22E814B54F4BC2BE347F8AA8F681390B50FA73F804400B5F542E796F19FF974E7F78DB802FE05E20750
310
4B0304140006080800CC70623BE75B7789680500003C100000340000006662782F41393633353835312D344632462D344230382D423046372D3739314545314133324237412F6F626A656374732E786D6CAD575B8F9B3818FD2B887D06C22499CB8AA1CA655245D5B455A356FB305264C061D8018C6C3393D95FBFC7600890
310
A4CD5EF210B0B1BFEBF98E3F7B1FF6596ABC522E1296DF9BAE3D320D9A872C4AF2F8DE2CE5CEBA358D0FBEC719939D65A691938CDE9B6ADAF4BD98B3B2D05311DD91329583D9D5FC0F438434A7A611A644887B5384CF34233629258BA878B12322891DEFF6B66BD70BFB62634E8AE781D082709A4B588AF91C528CDA28B73F
310
1C998EEF39EABBEFA97FBD6A7C7E9553F9D3D79FE442923C3C523610337627CB87ABE99D359D4CC6D6E4FACAB5E6ABF9D2726FC6A3C5F56271377BB88362213924694B38DD99FE47C48627A1E7D49F5A8BB5E1A74C0A599ED3B0F21F1E56366B89112D681E218F0915D0D6F17AD41FBA2A369DCF6335D62ABBD39779D5DDD1
310
11D4D8DE3CBB96B2E04FB8202E41051754A1AA8E8F76B4C6DFE810B580B1547F4B84911149794252234D024EF8BBE963A95AE27B3D310A9D5C215C7960FAEE415ED75694C6AFB17BCACA5D99A60A9AA65F217B0BFC53292ACB92BF283FAD0D3621576592CB5BED907C2FA8E9DF794E35E97BEA31BED21FEB401ABB94C44839
310
DCACBF0E1C5DA8DA5B2F4DFFD32AD86F543D9E565E7056502E157C00AD2671CD534549AB752FCA9CDA00677A313F04E51B22FF19E57B300579E3C97EB29F682D92935CEC18CF901B7B54FD8C51F362B56FC72FE0B3C1EAE335EDCCBF5AEC39ADB17DC238973F804BA5E6F6BFE7AF1FB32E523BE9F3BD571418E3631DCA4D48
310
5250CF639223210A9446CA30052EDF057BD35F8329C1ECD84552BF0DC8D18BE7BCE23BFE6BD960AB4A7DE79923A103BEBD80F911CBAA2C60DB19B01CF164A5583B772EE6D3FFA56666CBCDA74DC97724A48F9A58967497E489C4D979006FD7A05E227A1EBDD0F737C623387A9C844D3709995625106D157315F8B8392CD4E0
310
A0B9A720C4BE9829CEF37EA1E13111214D53925356365ADA634861B52519DD27A00AEB808EAF0628E6F435519D446F45CF2C9CF5214F0A15B2F6D06B79DA3EE3CBF7F56780D2F4E7EF73A0F5E5B02A38D07DC852C6B7C1FBB6664213E0C39E3EBA7FF4E1AD23EA2829407C85E586727488B751B2DB9502BC7B228A3FD68B6E
310
A65A22397E690AA8D158D7E404EC8CDA235CC3B7D1898680131CEC2CDF2638C65196279577750F15884AEE19F94199155B92B13297978469D4F8D358DF0AEF7631E28DC8F0D9F437D5D39A83B2231A1D52D543813A824EF8D44BCFF2FA6A31BD1E8DAD87F1CCB526B3879935BF59CDADD5C37479BB1CDD4CA7B3556B516589
310
EF352754B706114D9C885EC9131DE6EFEB43D99AFE2391C2F958179413D7CFEF6B1B6DB1E7600F00DE6E5C67454A339A4BA2E0FBA85ED26F045D454F463DBFCE484C2F90F2E5E3666003662ED8F755951A7D1BECD5B30B550B2785C8E7320B7292A4838DDA71BBC863ED7613CAF659337A3354231D4FF4A182A54904C2898C
310
98B28C4AD0CE056CCF332A80986E571EE9DBC305BB5FEB7E509220A58D25CF042D712A806AC0AD0C657FDEF80D2D9CEAA2EE4D1C76F60BFE74219A06527D6F82DF6412526107381E55E353090704D085B52408A8913C4ED159D79BDA71BB4BC506F4831350EB6F975CD22D69BF7AC49B91A2C0A9DDA3D5CA36AD20FC478E37
310
E61844E2352865EBCB61A275A65283CAAA9DD27703B4102F5AF51EF5F573B75CBB5AD38BC845F7A49F82A0966A49C2E3EA5EA0ECD326CD965F1DB402C6FA8B51A4658C5C5E2EC9E214602E55810345408596591009A82E7E7FFACA19EEA299B14A0081A705CB3296EBC14CDF658DCD336EA6D1136881AAEB87B81AB9EE53D5
310
F5EB8BC8362082DA24122F98680A4E7930C01A0079749CEA14382A0783E5EBA5A10F8C098456A03D6A4AEB6BB881E2513747552A5DB22C7EDAF83BD5528081A365F7FF06504B0304140006080000CC70623B000000000000000000000000350000006662782F41393633353835312D344632462D344230382D423046372D37
310
39314545314133324237412F76657274696365732E62696E504B0304140006080800CC70623BF270F1330600000004000000360000006662782F41393633353835312D344632462D344230382D423046372D3739314545314133324237412F747269616E676C65732E62696E636660600000504B0304140006080000CC7062
310
3B000000000000000000000000370000006662782F41393633353835312D344632462D344230382D423046372D3739314545314133324237412F617474726962757465732E62696E504B0304140006080800CC70623B08DA0BD19000000041010000360000006662782F41393633353835312D344632462D344230382D4230
310
46372D3739314545314133324237412F6469726563746F72792E786D6C858F410AC3201045AF22B36F53E9A60B35CBEEBAE80D244E44489C6234F4F835464A48035D0DF398FF9F8AF63D0E6CC63039F212F8F9020C7D47C6792B21C5FE7403D62A1188E2E60C98D7234A5830286103A55745067B9D86B8A3CF9C7F90C11DE6
310
07FB144396D7B6A82D282E9A152AD114D5EF2CB866EEE831B8EEA07A7BB5A8D7D61A2BAAEB7FD5F70921FF497D00504B0304140006080800CC70623BEDD1DC58FD000000A00100003B0000006662782F41393633353835312D344632462D344230382D423046372D3739314545314133324237412F7265736F75726365732F
310
636F72652E786D6C8D504B6E833010BD0A9A6D65B00922041947112427E8052C33A156828DFCA97AFC9A40A576D7CDCCE87D344F8F9FBFE667F689CE6B6B3A6039850C8DB2A336530731DC4903D95970676DF82583CCC8193B5861107C72362E3BA4AC096842428D1D7107A5F7182053CF7474E0D507CE32973124857FE48B
310
540F3961CEF244279DE03EB81420DB9EAC1384436FA353E879B1B182C7A8C75DA3C7F453DF353A1075D537A7BA6464B8F535A99AE14A9A2BBD90E350DD183B5CFABE3AF262350B1EF4FC9351399401471025A527C218A1E53BAB5A5AB765F5469B96525EACF23FA6B88CFF34456DC2A1DCE36E360F82A5202F42F062ED2BAD
310
579969AFDD8A6F504B010214000A0000080000CC70623B3DEE336E79000000790000001B00000000000000000000000000000000006175746F6465736B2D64657369676E2D7061636B6167652E786D6C504B01021400140006080800CC70623BD486FD9CA0000000F40000001300000000000000000000000000B20000005B
310
436F6E74656E745F54797065735D2E786D6C504B01021400140006080800CC70623B853B8169EB0000007C010000080000000000000000000000000083010000636F72652E786D6C504B01021400140006080800CC70623B55019EA25F0000007C000000070000000000000000000000000094020000636E782E786D6C504B
310
01021400140006080800CC70623BDBABAAF470010000D40300000C00000000000000000000000000180300006662782F636F72652E786D6C504B01021400140006080800CC70623B9C113CC27E0000009D0000000B00000000000000000000000000B20400006662782F636E782E786D6C504B01021400140006080800CC70
310
623B7DF2F77C2A010000120200003100000000000000000000000000590500006662782F41393633353835312D344632462D344230382D423046372D3739314545314133324237412F636F72652E786D6C504B01021400140006080800CC70623BAD7543B64E010000330300003000000000000000000000000000D2060000
310
6662782F41393633353835312D344632462D344230382D423046372D3739314545314133324237412F636E782E786D6C504B01021400140006080800CC70623BE75B7789680500003C10000034000000000000000000000000006E0800006662782F41393633353835312D344632462D344230382D423046372D3739314545
310
314133324237412F6F626A656374732E786D6C504B01021400140006080000CC70623B0000000000000000000000003500000000000000000000000000280E00006662782F41393633353835312D344632462D344230382D423046372D3739314545314133324237412F76657274696365732E62696E504B01021400140006
310
080800CC70623BF270F133060000000400000036000000000000000000000000007B0E00006662782F41393633353835312D344632462D344230382D423046372D3739314545314133324237412F747269616E676C65732E62696E504B01021400140006080000CC70623B0000000000000000000000003700000000000000
310
000000000000D50E00006662782F41393633353835312D344632462D344230382D423046372D3739314545314133324237412F617474726962757465732E62696E504B01021400140006080800CC70623B08DA0BD1900000004101000036000000000000000000000000002A0F00006662782F41393633353835312D344632
310
462D344230382D423046372D3739314545314133324237412F6469726563746F72792E786D6C504B01021400140006080800CC70623BEDD1DC58FD000000A00100003B000000000000000000000000000E1000006662782F41393633353835312D344632462D344230382D423046372D3739314545314133324237412F7265
310
736F75726365732F636F72652E786D6C504B0506000000000E000E0080040000641100000000
  0
XRECORD
  5
62F
102
{ACAD_REACTORS
330
39
102
}
330
39
100
AcDbXrecord
280
     1
102
MATERIAL
148
0.0
149
0.0
149
0.0
 93
        0
 94
       63
282
     0
 72
     1
 77
     1
171
     1
175
     1
179
     1
273
     0
  0
XRECORD
  5
3A
102
{ACAD_REACTORS
330
39
102
}
330
39
100
AcDbXrecord
280
     1
 70
     1
 90
429727718
  1
30362254-06B7-45E0-A893-8CFA70E3D6BC
310
504B03040A0000080000CC70623B3DEE336E79000000790000001B0000006175746F6465736B2D64657369676E2D7061636B6167652E786D6C3C3F786D6C2076657273696F6E3D22312E302220656E636F64696E673D227574662D3822203F3E3C666F726D6174733E3C666F726D61743E687474703A2F2F736368656D612E
310
6175746F6465736B2E636F6D2F64657369676E2D7061636B6167652F323030393C2F666F726D61743E3C2F666F726D6174733E504B0304140006080800CC70623BD486FD9CA0000000F4000000130000005B436F6E74656E745F54797065735D2E786D6C7D8EC10E82300C865F65E91D8A1E8C310C0EEA1BF002731658846E
310
D98AC1B77784ABF1D8FE5FBFBF75BBCE937A534CCEB38643598122B6FEE978D0B0485F9C41B54DDD7D022595594E1A469170414C76A4D9A4D207E29CF43ECE46F218070CC6BECC4078ACAA135ACF422C856C0E68EA1BF5669944DDD7BCDE7B1F8E415D77AECB980613C2E4AC91FC167A2B244592486606FC29C8FD7F045B9A
310
EF7053A7E60B504B0304140006080800CC70623B1EC5D7A3EB0000007C01000008000000636F72652E786D6C8D90416EC3201045AF82665B6103C6756C6122AB4D4ED00B204C5C94182C03558F5F9C3852BBEB6A467FFE9B197D71FC9E6FE8CBACC17AD7032D0820E3B41FAD9B7A48F1820F808E52ACDEC75F36404ECDA687
310
4D0629A6D5A76597B477D1B89855E747B38B2A041301E95B6E7A08FAD3CCAA50296647B8168BD2573599823EBB0CA76447F43862C7BCCF5EAC59410E4DDD9C7973C2755553CCCFA4C603E3040F1565ED3B1FDE4E432BCA0D9622DAF9795FAF464533826484B498524CD807E51D79ED187F21878E10516EF63F505AC67F42C9
310
BA58B1FDDD071640D2FCC87D2045B96591CB3DA85CB7DCE40F504B0304140006080800CC70623B55019EA25F0000007C00000007000000636E782E786D6C4DCB3B0E80201045D1AD90E915ED2CF8AC45050C11660C8261F98AB1B07AC9C97D42D718D865D3E909258CFD00CCE24AC6E326A164D74DC0B4128928FF32603847
310
2BA13128B1252AC747C6BAB984FC68F0B87FE8960A5C09FE86CFB69FBA01504B0304140006080800CC70623B8C9102E971010000D40300000C0000006662782F636F72652E786D6CC5535B6E833010BC8AE5DF0A6C08340F1947A84D4ED00B38C6A128602363A31CBFCB234A53A551FA553EC09AD9F5CE8C31DB9E9B1AF5CA
310
7695D1198E428A91D2D214952E33ECDD315861B4E5CC1AE3BE9561A445A3323CC098B3D21ADFCE9034DA29ED00D5A6503328BA4E398C640D8B0C77F253352214DE4145770A5B214FA2546114020D759C75CE8200340D19DE981F0F6746269C33EFAB6266AB02A655C74A59CCF365BADC27CB5D902ED22848F6340DF238A141
310
BE88E2F57B92BFEDF23523433367AE6A2EEAA455C2A902F398D2751045018D3FA264435F3771F242571B4A1919CA6F9A7C5B3CD9E42BED16F12C776AEB308F40C848FC700B1139D4891EF410CEC810227CC6846F8386402064270EF5C5C709A05E49676C024C61FC95EA45ED154CA5211D1FF4FB8291A913A68E9B83EBBB33
310
E2A7673CDE118E5AE8124C0807CB8377834E366998436B950D7A7746DAD846D4CFD978E0F04FD455FC5D49D2D4C6FE9722321F10997F0F32DC47FE05504B0304140006080800CC70623BFFEA85907E0000009D0000000B0000006662782F636E782E786D6C4DCCD10A83201886E15B91FFDC95D95A811AB6F23E625948A6C3
310
E9D8E5AF46073BFAE0E1E365ED67B3E8ADC3CB78C7815C7240DA3DFC64DCC221C519D7805AC182F7F1EF06C88D9BE6703008B6049F9E274D7A1E938DBB5AE3D6131B2589BA0D3D965551E0B2EA732C9B9A624AAEB41E3A557677029960D9AFB4EF11165F504B0304140006080800CC70623B4FEEA4082C0100001202000031
310
0000006662782F39464131463745442D413632322D343644302D413938332D3331353338454246344243312F636F72652E786D6C8D515B6EC32010BC0AE2AB55850DD871ED0813254D72825EC00192A2C460F1A872FC42ED48ED5F7E00CDCECCCEB26C731F6FE05B39AFADE921293004CA082BB5B9F43086336A21D870E6AC
310
0D7F68109861543DCC30E4ECE26C9C164858139409093556AA051CBC570102714B8F1E7AF1A5C6A11862480C7F2DA6415C878B2A4891CA89C7990F2E050073937C42DE1DB7E4F87ED8A36D4329AA9B3D46DBAEAD504556557BD81DEBDD0761E52CE42C462D17B996298E3E6BE59E35C962CE821E1FF18553435012728A7187
310
0841987E927A8D9B35ADDF70BBC6989599FE4F1427F9A4286A132ABAC49D651EF234CD5CE04CDA78BA3DC2A8FB645D00B9DF8B57E215725C60BCA2A463E54C4CE327C7A65E1C7DB02E7DEFCBF594B864C5CA6CDBD49C957943E9FA5D5FBAF336F90F504B0304140006080800CC70623BAD7543B64E01000033030000300000
310
006662782F39464131463745442D413632322D343644302D413938332D3331353338454246344243312F636E782E786D6CD593CD6EC32010845F0571AD6CE3D48AD20813A9873E410FBD12D82434182C7EAAE6EDBB2424CD25871E7B41D6EC30B3FA84F9E67BB2E40B4234DE8DB46F1925E094D7C6ED479AD3AE5951B2113C
310
789FEE6C943839C1488B4C05DF079FE72A69D8C96C13AAD6B8631503449F83828872B949AC57D26200B826A308D316B4064D6E46FCDA41C05550DC9E483A00797BFD207EFB092A45DE9514C1BBD22178396BD39D891265658C238DEA00936C654E5E433CB65A26D9F6EDB5EBC14EBF49A45CB856E66048291F6939A9A81BB5
310
C8917738143CA680F4AA299D66A042CEB3354A2684DC9D8D178FE0D9B8B41CAAD720F880EE7EF93C0C18769E099ECC04D5A102C8049A8A05632F4DDF376CF1DE0F6BB65C2F8627B65A33C6BB62177CEBBDAD973006829F89F22E814B54F4BC2BE347F8AA8F681390B50FA73F804400B5F542E796F19FF974E7F78DB802FE05
310
E207504B0304140006080800CC70623B16AB87BA640500003C100000340000006662782F39464131463745442D413632322D343644302D413938332D3331353338454246344243312F6F626A656374732E786D6CAD575B6FA33818FD2B887DE6924B3BED8A326A92B68A663B534DD4D13E548A0C38942D60649B369D5FBFC7
310
600890A493BDE42160637FD7F31D7FF63E6FB3D478A55C242CBF3247B66B1A340F5994E4F19559CA8D75611A9F7D8F33263BCB4C232719BD32D5B4E97B316765A1A722BA21652A07B3B7B33F0D11D29C9A46981221AE4C113ED38CD8A4942CA2E2C58E882476BCD9DA23BB5ED8171B73523C0F841684D35CC252CCE79062D4
310
468DFA43D7747CCF51DF7D4FFDEB5593E3AB9CCA9FBEFE241792E4E19EB28198C968BAB8199F5D5A67D3E9C49A9E8F47D6EC76B6B0469F26EEFC7C3EBFBCBEB98462213924694B38DD98FE1D62C393D073EA4FADC5DAF04326852CCF6958F90F0F2B9BB5C48816348F90C7840A68EB78EDF68723159BCEE7891A6B95DDE9D3
310
BCEAEEE8086A6C6F9E5D4B59F0175C10A7A0820BAA5055C7473B5AE3CFDD452D602CD5DF12616444529E90D448938013FE6EFA58AA96F85E4F8C42275708571E98FE6827AF6B2B4AE3D7D83D64E5A64C53054DD3AF90BD06FEA9149565C94FCA0F6B834DC85599E4F2423B24DF0B6AFA979E534DFA9E7A4CC6FA631D486393
310
921829879BF5D781A373557BCB85E97FB90DB62B558F8795179C15944B051F40AB495CF35451D26A4727654E6D8033BD98EF82F21D91FF8AF2DD9982BCF1643BDD4EB516C9492E368C67C88DED563FC36D5EACF66DFF057C3658BDBFA69DF9578B3DA735B64F18C7F20770A9D45CFCF7FCF563D6456A277DBEF78A02637CA2
310
43B90A490AEAB94F72244481D24819A6C0E59B606BFA4B3025981DBB48EAB701D97BF19C577CC77F2D1B6C55A9EF3C732474C0B727303F625995056C3B02963D9EAC146BE78EC5FCEC7FA999EBC5EACBAAE41B12D27B4D2C0BBA49F244E2ECDC81B76B502F113D8F5EE8FB1BE3111CDD4FC2AA9B844CAB1288B68AB90A7CDC
310
1C166AB0D3DC5310625FCC14E779BFD0709F8890A629C9292B1B2DED31A4B0DA928CEE135085754027E3018A397D4D5427D15BD1330B677DC8934285AC3DF45A9EB68FF8F2B8FC0A509AFEECFD0FF2DE25CC6047F7214B195F07EFEB9A094D800F7BFAE8FED187B78EA8A3A400F115961BCAD1215E47C966530AF0EE8128FE
310
58CEBB996A8964FFA529A046635D9353B0336A8F700DDF46271A024E70B0B37C9DE01847591E54DED53D54202AB947E4076556AC49C6CA5C9E1226B7F1A7B1BE15DEED62C41B91E1B3E9AFAAA735036547343A925075041DF0A9979E893B391F8FCFA6967B3EFB644DCF6E5CEBFAE272625DCC6FAF3FB93793C5F90CE1EF57
310
407342756B10D1C489E8953CD1617E5CEECAD6F4EF8914CE5D5D504E5C3F1F9736DA62CFC11E00BCDDB8CC8A9466349744C1F75EBDA4DF09BA8A9E8C7A7E9991989E20E5DBDD6A6003664ED8F7A04A8DBE0DF6EAD9B9AA858342E47399053949D2C146EDB85DE4B176BB0965FBAC19BD19AA918E27FA50C1D22402E144464C
310
59462568E704B6E71915404CB72B8FF4EDE184DDAF753F284990D2C6926782963815403548A70C657FDEF80D2D9CEAA2AE4C1C76F60BFE74219A06527D6582DF6412526107381E55E353090704D085B52408D0933C4ED159D79BDA71BB4BC506F4831350EB6F979CD22D69BF7AC49B91A2C0A9DDA3D5CA36AD20FC478E37E6
310
1844E2352865EBCB6EA275A652E3836BE04EFB400BF1A2556F515F1FBB35B2AB35BD889C744FFA1004B5544B121E57F70215746DD2F5E2C1412B602CBF19455AC6C8E5E9922C4E01E65215385004546899059180EAFCF7A707CE7017CD8CDB0410789AB32C63B91E5CEBBBACB17AC6CD347A022D5075FD106377347AAABA7E
310
7D11590744509B44E205134DC1290F06580320F78E537D3D73540E06CB970B431F185308AD40BBD794D6D77003C5A36E8EAA54BA64597CD8F83BD552A080A365F7FF06504B0304140006080000CC70623B000000000000000000000000350000006662782F39464131463745442D413632322D343644302D413938332D3331
310
353338454246344243312F76657274696365732E62696E504B0304140006080800CC70623BF270F1330600000004000000360000006662782F39464131463745442D413632322D343644302D413938332D3331353338454246344243312F747269616E676C65732E62696E636660600000504B0304140006080000CC70623B
310
000000000000000000000000370000006662782F39464131463745442D413632322D343644302D413938332D3331353338454246344243312F617474726962757465732E62696E504B0304140006080800CC70623B08DA0BD19000000041010000360000006662782F39464131463745442D413632322D343644302D413938
310
332D3331353338454246344243312F6469726563746F72792E786D6C858F410AC3201045AF22B36F53E9A60B35CBEEBAE80D244E44489C6234F4F835464A48035D0DF398FF9F8AF63D0E6CC63039F212F8F9020C7D47C6792B21C5FE7403D62A1188E2E60C98D7234A5830286103A55745067B9D86B8A3CF9C7F90C11DE607
310
FB144396D7B6A82D282E9A152AD114D5EF2CB866EEE831B8EEA07A7BB5A8D7D61A2BAAEB7FD5F70921FF497D00504B0304140006080800CC70623B0D6EF93BFE000000A00100003B0000006662782F39464131463745442D413632322D343644302D413938332D3331353338454246344243312F7265736F75726365732F63
310
6F72652E786D6C8D50596E833010BD0A9ADFCA60B334011947A8694ED00B586642AC041B79A97AFC9A40A5F6AF3F33A3B7689E1E3F7DCD8FEC139DD7D6F4C0720A191A65476DA61E62B892236427C19DB5E1970C322367EC618541F0C9D9B8EC90B226A009093576C41D94DE63804C3DD2D18357379C652E63480A7FCF17A9
310
EE72C29CE5894E3AC17D702940B63D59270887DE46A7D0F36263058F518FBB468FE9A7BE6A7420864373B8D4873369AA8691FA421B3294352543C5CAF65C0F6FEF43CB8BD52C78D0F34F46E550061C419494B6843142CB0F5677F4B52BEB177AEC28E5C52AFF638ACBF84F53D42654E51E77B379102C05791282176B5F693D
310
CB4C7BED567C03504B010214000A0000080000CC70623B3DEE336E79000000790000001B00000000000000000000000000000000006175746F6465736B2D64657369676E2D7061636B6167652E786D6C504B01021400140006080800CC70623BD486FD9CA0000000F40000001300000000000000000000000000B20000005B
310
436F6E74656E745F54797065735D2E786D6C504B01021400140006080800CC70623B1EC5D7A3EB0000007C010000080000000000000000000000000083010000636F72652E786D6C504B01021400140006080800CC70623B55019EA25F0000007C000000070000000000000000000000000094020000636E782E786D6C504B
310
01021400140006080800CC70623B8C9102E971010000D40300000C00000000000000000000000000180300006662782F636F72652E786D6C504B01021400140006080800CC70623BFFEA85907E0000009D0000000B00000000000000000000000000B30400006662782F636E782E786D6C504B01021400140006080800CC70
310
623B4FEEA4082C0100001202000031000000000000000000000000005A0500006662782F39464131463745442D413632322D343644302D413938332D3331353338454246344243312F636F72652E786D6C504B01021400140006080800CC70623BAD7543B64E010000330300003000000000000000000000000000D5060000
310
6662782F39464131463745442D413632322D343644302D413938332D3331353338454246344243312F636E782E786D6C504B01021400140006080800CC70623B16AB87BA640500003C1000003400000000000000000000000000710800006662782F39464131463745442D413632322D343644302D413938332D3331353338
310
454246344243312F6F626A656374732E786D6C504B01021400140006080000CC70623B0000000000000000000000003500000000000000000000000000270E00006662782F39464131463745442D413632322D343644302D413938332D3331353338454246344243312F76657274696365732E62696E504B01021400140006
310
080800CC70623BF270F133060000000400000036000000000000000000000000007A0E00006662782F39464131463745442D413632322D343644302D413938332D3331353338454246344243312F747269616E676C65732E62696E504B01021400140006080000CC70623B0000000000000000000000003700000000000000
310
000000000000D40E00006662782F39464131463745442D413632322D343644302D413938332D3331353338454246344243312F617474726962757465732E62696E504B01021400140006080800CC70623B08DA0BD190000000410100003600000000000000000000000000290F00006662782F39464131463745442D413632
310
322D343644302D413938332D3331353338454246344243312F6469726563746F72792E786D6C504B01021400140006080800CC70623B0D6EF93BFE000000A00100003B000000000000000000000000000D1000006662782F39464131463745442D413632322D343644302D413938332D3331353338454246344243312F7265
310
736F75726365732F636F72652E786D6C504B0506000000000E000E0080040000641100000000
  0
XRECORD
  5
630
102
{ACAD_REACTORS
330
D
102
}
330
D
100
AcDbXrecord
280
     1
102
MATERIAL
148
0.0
149
0.0
149
0.0
 93
        0
 94
       63
282
     0
 72
     1
 77
     1
171
     1
175
     1
179
     1
273
     0
  0
XRECORD
  5
10
102
{ACAD_REACTORS
330
D
102
}
330
D
100
AcDbXrecord
280
     1
 70
     0
 90
1673772943
  1
ECE7A1D2-D628-4531-984C-D00F80459256
310
504B03040A0000080000CC70623B3DEE336E79000000790000001B0000006175746F6465736B2D64657369676E2D7061636B6167652E786D6C3C3F786D6C2076657273696F6E3D22312E302220656E636F64696E673D227574662D3822203F3E3C666F726D6174733E3C666F726D61743E687474703A2F2F736368656D612E
310
6175746F6465736B2E636F6D2F64657369676E2D7061636B6167652F323030393C2F666F726D61743E3C2F666F726D6174733E504B0304140006080800CC70623BD486FD9CA0000000F4000000130000005B436F6E74656E745F54797065735D2E786D6C7D8EC10E82300C865F65E91D8A1E8C310C0EEA1BF002731658846E
310
D98AC1B77784ABF1D8FE5FBFBF75BBCE937A534CCEB38643598122B6FEE978D0B0485F9C41B54DDD7D022595594E1A469170414C76A4D9A4D207E29CF43ECE46F218070CC6BECC4078ACAA135ACF422C856C0E68EA1BF5669944DDD7BCDE7B1F8E415D77AECB980613C2E4AC91FC167A2B244592486606FC29C8FD7F045B9A
310
EF7053A7E60B504B0304140006080800CC70623BD9DDAED0EC0000007C01000008000000636F72652E786D6C8D90416EC3201045AF82665B61836D9CD8C2444DD39CA01740405C94182C03558F5F9C3852BBEB6A467FFE9B197D7EF89E6EE8CB2CC17A37002D0820E394D7D68D03A478C17B4007C117EFE32F1B20272733C0
310
2A83E0E3E2D3BC49CABB685CCCAAF3DA6CA20CC14440EA969B0182FA34932C648AD911AEC52CD5558EA6A0CF2EC329598D1E47ACCEFBECC59A050463A7EA5833865FEBDD0E37353BE3EE8DBDE3F6786A48D375FBF6CC78B9C282473B3DEFABC5C86834888A900E538A49F5419B9EB47DD5BC907D4F082F57FB1F28CDFA9F50
310
B22ED6D5F6EE030B20687EE43E10BC5CB3C8E51E54AE6B6EE207504B0304140006080800CC70623B55019EA25F0000007C00000007000000636E782E786D6C4DCB3B0E80201045D1AD90E915ED2CF8AC45050C11660C8261F98AB1B07AC9C97D42D718D865D3E909258CFD00CCE24AC6E326A164D74DC0B4128928FF326038
310
472BA13128B1252AC747C6BAB984FC68F0B87FE8960A5C09FE86CFB69FBA01504B0304140006080800CC70623BA24EB22D72010000D40300000C0000006662782F636F72652E786D6CC5535B6E833010BC8AE5DF0A6C5E49888CA3A6694ED00B38E05014B091B1518EDFE511A5A9D228FD2A1F60CDEC7A67C6986DCE4D8D7A
310
69BA4AAB0C073EC548AA5C17952A33ECECD15B61B4E1CC686DBF9561A44423333CC098B3D268D7CE50AE9595CA02AA74216750749DB418E5352C32DCE59FB211BE70162ABA93DF8AFC244AE9073ED050C759670D0840D390E18DF9F1706664C23973AE2A66B62A605A75ACA4C13C4976E1364A12EF355A2EBD384AF65EFA96
310
BC7B8BED2EA6719AAE16FB8491A199335B351775B991C2CA02F390D2D40B028F861F41BCA68B7518BFD0D59A524686F29B26D7164F36B94AD9289CE54E6D1DE6010819891F6E21228B3AD1831EC219194284CF98F06DD01008846CC5A1BEF83801D4CBDC6A1303536877A57A513B0953A94FC707FDBE6064EA84A9E3E6E0FA
310
EE8CF0E9198F7784A316AA0413C2C2F2E0ECA0934D1AE6D05A69BCDE9E91D2A611F573361E38FC1375157F5752AE6B6DFE4B11990F88CCBF0719EE23FF02504B0304140006080800CC70623B408A7D3B7C0000009D0000000B0000006662782F636E782E786D6C4DCCD10A83201886E15B91FFDC552A92A0064DBC8F581632
310
D3703A76F9ABD1C18E3E78F878E5F0D9027ABBFCF2292AE86E2D20171F69F6715550CB827B40839639A5F2770314A7CD293819B45C73AAFB45B35BA61ACAA1C1C7E7855C58C15BC331339661262CC762340413D68D77DA5B42298546CBE6573AF60CEB2F504B0304140006080800CC70623B449FB9BD290100001202000031
310
0000006662782F36394639363044362D344446342D343946362D394244322D3234314243333846323333332F636F72652E786D6C8D515B6EC32010BC0AE22B55850D98B871848994463E412FE002495162B07854397EA176A4F62F3F2C9A9D991D587EB84F37F0AD7D30CEF6905418026DA553C65E7A98E219ED203808EE9D
310
8B7F6810D871D23D2C3014FCE25D9A57483A1BB58D19B54EE9151C43D0110279CB971E06F9A5A7B11A53CC8C70ADE6515EC78BAE4895DB992778883E0700CB907242D17643D7E2538BD869608875438BBAE38922CAC8F1BDD90DB4691A5E2F42C153326A951B95E398B3D1FE599322163C9AE9115F7A3D46ADA0A018778810
310
84E907617BDCEE297BC5BB3DC6BC2EF47FA234AB2745C9D8D8D035EE220B50105E2F0DC1954B9FB747187D9F9D8FA0CCDB042D5FA0C015C65B42DF78BD10F3F3B363CB56C7109DCFDFBBB97E662ED92EB62D13BC2E1BCAE5777DB9966D8A1F504B0304140006080800CC70623BAD7543B64E01000033030000300000006662
310
782F36394639363044362D344446342D343946362D394244322D3234314243333846323333332F636E782E786D6CD593CD6EC32010845F0571AD6CE3D48AD20813A9873E410FBD12D82434182C7EAAE6EDBB2424CD25871E7B41D6EC30B3FA84F9E67BB2E40B4234DE8DB46F1925E094D7C6ED479AD3AE5951B2113C789FEE
310
6C943839C1488B4C05DF079FE72A69D8C96C13AAD6B8631503449F83828872B949AC57D26200B826A308D316B4064D6E46FCDA41C05550DC9E483A00797BFD207EFB092A45DE9514C1BBD22178396BD39D891265658C238DEA00936C654E5E433CB65A26D9F6EDB5EBC14EBF49A45CB856E66048291F6939A9A81BB5C89177
310
38143CA680F4AA299D66A042CEB3354A2684DC9D8D178FE0D9B8B41CAAD720F880EE7EF93C0C18769E099ECC04D5A102C8049A8A05632F4DDF376CF1DE0F6BB65C2F8627B65A33C6BB62177CEBBDAD973006829F89F22E814B54F4BC2BE347F8AA8F681390B50FA73F804400B5F542E796F19FF974E7F78DB802FE05E20750
310
4B0304140006080800CC70623B8D05915C650500003B100000340000006662782F36394639363044362D344446342D343946362D394244322D3234314243333846323333332F6F626A656374732E786D6CAD575B6FA33814FE2B887D06429276DA1565D4266D158D3A339A6846FB502932E050B66023DB74D2FDF5FB190C01
310
9276B2973C046C8ECFF53B17071F77456EBD502133CEAE6CDF9DD81665314F32965ED995DA3A17B6F5310C04E7AA47665B8C14F4CAD6DB7618A48257A5D94AE89654B91AEDDEDDFC61C998326A5B714EA4BCB265FC440BE2924AF184CA6737218AB8E976E7FA6E4338649B0A523E8D98964450A6A029F619B8588D52FE7039
310
B1BD30F0F4F730D0FF866AF6369557DB33949F31A9088B0F848DD8CCFCF9F2767A76E99CCDE733677E3EF59D9BBB9BA5E37F984D16E78BC5E5F5ED25044B25C0C96822E8D60EEFE11B91C581D77CEA34368A1F5329E68CD1B8B61F16D63A1B8E092D294B10C78C4A48EB593D192E7DED9BDEE7995E1B91FDEDD3ACEA9FE831
310
6A756F9F7D4D79F4274C90A7A04248AA51D5F8C718DAE06FB2F75AC4796EBE65D22A88A22223B995679120E2D50E41AA49C260C046A35368846B0BECD0DFF3EBEB8AD4F835768F69B9ADF25C43D30E6B646F807FAA64AD59F61715C7A54127C4AACA98BA3006A9D792DAE165E0D59B61A01FB3A9F9D838D2DAE62445C86166
310
F37564E842E7DE6A69879FEEA2DD5AE7E371E1A5E025154AC307D06A03D73EB5978C58FFA4C8E9033066E0F3BD53BEC1F39F91BE7B55103791EDE6BBB991A2046172CB4581D8B893FA674DDA17A77B3B7C413D1B511FD2743BFF8A38F03A658705E3ADF8015C3A3417FF3D7E439FF591DA0B5F18BC20C1B8981957AE6392A3
310
F43C640C01D1A0B4728E2DD4F26DB4B3C3152A252A3B4E913CEC1C72F012782FF88EFF8637AA552DBEF76408E8A8DE9E50F9E1CB3A2DA0DB1B6039A893B56063DC5B3E3FFB5F72E67AB9FEB4AEC496C4F4C1149625DD662C53E89D7BF0F6151A046260D1337DFDC94502430F83B0EE07A130A224BCAD7DAE1D9FB6CD422FF6
310
920702629C4BB9AE79C12F243C6432A6794E18E5552BA56B431AAB5D91317302B2B071E86C3A42B1A02F999E24061403B5D0EB639195DA655DD3EBEAB4FB862DDF579F014AD0E73C22F99E28DA57FB98E75C6CA2D74D53086D600F4786E0FE3144B771A8A7B900F03594DB8A633CBC49B2EDB69228BB479CF863B5E807AAAB
310
23872F6DFEB4129B949CA33823F58830E86D65621E10047D9DB34D862E8EAC3C2ABC2F7B2C40D67CDFE01F5545B92105AF983AC54D93D69E56FB8E797F88913F898A9FEC705D3F9D1B54EC8426FB500D40A03BD0119B06E1B95DDC7EB8F6975367793EBD70E66733DFB9BC982F9CE564727731999F5D4ECFCE3B8D6A4DC2A0
310
6D50FD148437D110834A64C6CDDF57FBACB5C307A2A477DFE4939736CFEF2B175371E0E10CF0DD1D5C15654E0BCA14D1E87DD02FF93782A162C0A3D95F1524A52770F972BF1EE9809D13CE7DD599467F8ECE9ADD85CE85A34CD45355448C64F9E8A031DC2D596ACC6E5DD93D9B82DE2EF5CAF81363A8E47996A0DE24564A79
310
4115AACE09C55E14540231FDA13C319787134EBF34E3A022514E5B4D9E0826E25C02D5805B15ABE1BEF51B26383D445DD9E875EE33FE4C22DA16427D65A3BCA92CA6D28DD01DF5DC53330704308475351050232CCD31583787BA75774AFB06E5070DD0C8EF484E19968C5D83BA5B90B244D31E54D55A372320FE4786B7EA58
310
44E135AA5467CB7EA333A61683CC6A8C3257034C10CF46F40EF9F5BE59BE5BD30C3C72D235E95D10345C1D45445A5F0BB47E46A5EBE5570F9380B5FA629579952296A773720405982B9DE04011506178964401AA8BDF1FBF0A8EAB6861DD6580C0E38217056766716DAEB2D6FA0917D3E4116581EADB879C4E7CFFB11EFACD
310
3D641311495D92C8676CB409A72D18610D803CE8A626049E8EC1887CB5B44CC39883690DDA8399B4B9855B481E7D71D4A9D22F96E5BB73BF5793020C02137BF837504B0304140006080000CC70623B000000000000000000000000350000006662782F36394639363044362D344446342D343946362D394244322D32343142
310
43333846323333332F76657274696365732E62696E504B0304140006080800CC70623BF270F1330600000004000000360000006662782F36394639363044362D344446342D343946362D394244322D3234314243333846323333332F747269616E676C65732E62696E636660600000504B0304140006080000CC70623B0000
310
00000000000000000000370000006662782F36394639363044362D344446342D343946362D394244322D3234314243333846323333332F617474726962757465732E62696E504B0304140006080800CC70623B08DA0BD19000000041010000360000006662782F36394639363044362D344446342D343946362D394244322D
310
3234314243333846323333332F6469726563746F72792E786D6C858F410AC3201045AF22B36F53E9A60B35CBEEBAE80D244E44489C6234F4F835464A48035D0DF398FF9F8AF63D0E6CC63039F212F8F9020C7D47C6792B21C5FE7403D62A1188E2E60C98D7234A5830286103A55745067B9D86B8A3CF9C7F90C11DE607FB14
310
4396D7B6A82D282E9A152AD114D5EF2CB866EEE831B8EEA07A7BB5A8D7D61A2BAAEB7FD5F70921FF497D00504B0304140006080800CC70623BCA768048FE000000A00100003B0000006662782F36394639363044362D344446342D343946362D394244322D3234314243333846323333332F7265736F75726365732F636F72
310
652E786D6C8D50596E833010BD0A9ADFCA60D600328E9AA639412F609909B1126CE4A5EAF16B0295DABFFECC8CDEA2797AECF8353F924FB44E193D409E5248504B332A3D0D10FC95B4901C39B3C6F85F3248B49871801506CE266BC2B243D2688FDA47549B11775038871E12F988C7004EDE7016A9083E2ADC3D5D84BC8B09
310
D33C8D74D471E6BC8D0192EDC93A815B742658898E651BCB59086ADC356A8C3FD555A1055ED7E7E254D615792D0F075295F585746FF53B694EE78A565DD736979A65AB9933AFE69F8CD2A2F038022F28ED489E135A7CE4554F9BBEA85E68DB53CAB255FEC71496F19FA6A0B42F8B3DEE6673C0F318E4497096AD7DC5F52C33
310
EEB55BFE0D504B010214000A0000080000CC70623B3DEE336E79000000790000001B00000000000000000000000000000000006175746F6465736B2D64657369676E2D7061636B6167652E786D6C504B01021400140006080800CC70623BD486FD9CA0000000F40000001300000000000000000000000000B20000005B436F
310
6E74656E745F54797065735D2E786D6C504B01021400140006080800CC70623BD9DDAED0EC0000007C010000080000000000000000000000000083010000636F72652E786D6C504B01021400140006080800CC70623B55019EA25F0000007C000000070000000000000000000000000095020000636E782E786D6C504B0102
310
1400140006080800CC70623BA24EB22D72010000D40300000C00000000000000000000000000190300006662782F636F72652E786D6C504B01021400140006080800CC70623B408A7D3B7C0000009D0000000B00000000000000000000000000B50400006662782F636E782E786D6C504B01021400140006080800CC70623B
310
449FB9BD290100001202000031000000000000000000000000005A0500006662782F36394639363044362D344446342D343946362D394244322D3234314243333846323333332F636F72652E786D6C504B01021400140006080800CC70623BAD7543B64E010000330300003000000000000000000000000000D20600006662
310
782F36394639363044362D344446342D343946362D394244322D3234314243333846323333332F636E782E786D6C504B01021400140006080800CC70623B8D05915C650500003B10000034000000000000000000000000006E0800006662782F36394639363044362D344446342D343946362D394244322D32343142433338
310
46323333332F6F626A656374732E786D6C504B01021400140006080000CC70623B0000000000000000000000003500000000000000000000000000250E00006662782F36394639363044362D344446342D343946362D394244322D3234314243333846323333332F76657274696365732E62696E504B010214001400060808
310
00CC70623BF270F13306000000040000003600000000000000000000000000780E00006662782F36394639363044362D344446342D343946362D394244322D3234314243333846323333332F747269616E676C65732E62696E504B01021400140006080000CC70623B00000000000000000000000037000000000000000000
310
00000000D20E00006662782F36394639363044362D344446342D343946362D394244322D3234314243333846323333332F617474726962757465732E62696E504B01021400140006080800CC70623B08DA0BD190000000410100003600000000000000000000000000270F00006662782F36394639363044362D344446342D
310
343946362D394244322D3234314243333846323333332F6469726563746F72792E786D6C504B01021400140006080800CC70623BCA768048FE000000A00100003B000000000000000000000000000B1000006662782F36394639363044362D344446342D343946362D394244322D3234314243333846323333332F7265736F
310
75726365732F636F72652E786D6C504B0506000000000E000E0080040000621100000000
  0
XRECORD
  5
633
102
{ACAD_REACTORS
330
632
102
}
330
632
100
AcDbXrecord
280
     1
102
ACAD_ROUNDTRIP_2010_MLEADER_STYLE
  0
CELLSTYLEMAP
  5
636
102
{ACAD_REACTORS
330
634
102
}
330
634
100
AcDbCellStyleMap
 90
        3
300
CELLSTYLE
  1
TABLEFORMAT_BEGIN
 90
        5
170
     1
 91
        0
 92
    32768
 62
   257
 93
        1
300
CONTENTFORMAT
  1
CONTENTFORMAT_BEGIN
 90
        0
 91
        0
 92
      512
 93
        0
300

 40
0.0
140
1.0
 94
        5
 62
     0
340
22
144
6.0
309
CONTENTFORMAT_END
171
     1
301
MARGIN
  1
CELLMARGIN_BEGIN
 40
1.5
 40
1.5
 40
1.5
 40
1.5
 40
4.5
 40
4.5
309
CELLMARGIN_END
 94
        6
 95
        1
302
GRIDFORMAT
  1
GRIDFORMAT_BEGIN
 90
        0
 91
        1
 62
     0
 92
       -2
340
25
 93
        0
 40
1.125
309
GRIDFORMAT_END
 95
        2
302
GRIDFORMAT
  1
GRIDFORMAT_BEGIN
 90
        0
 91
        1
 62
     0
 92
       -2
340
25
 93
        0
 40
1.125
309
GRIDFORMAT_END
 95
        4
302
GRIDFORMAT
  1
GRIDFORMAT_BEGIN
 90
        0
 91
        1
 62
     0
 92
       -2
340
25
 93
        0
 40
1.125
309
GRIDFORMAT_END
 95
        8
302
GRIDFORMAT
  1
GRIDFORMAT_BEGIN
 90
        0
 91
        1
 62
     0
 92
       -2
340
25
 93
        0
 40
1.125
309
GRIDFORMAT_END
 95
       16
302
GRIDFORMAT
  1
GRIDFORMAT_BEGIN
 90
        0
 91
        1
 62
     0
 92
       -2
340
25
 93
        0
 40
1.125
309
GRIDFORMAT_END
 95
       32
302
GRIDFORMAT
  1
GRIDFORMAT_BEGIN
 90
        0
 91
        1
 62
     0
 92
       -2
340
25
 93
        0
 40
1.125
309
GRIDFORMAT_END
309
TABLEFORMAT_END
  1
CELLSTYLE_BEGIN
 90
        1
 91
        1
300
_TITLE
309
CELLSTYLE_END
300
CELLSTYLE
  1
TABLEFORMAT_BEGIN
 90
        5
170
     1
 91
        0
 92
        0
 62
   257
 93
        1
300
CONTENTFORMAT
  1
CONTENTFORMAT_BEGIN
 90
        0
 91
        0
 92
      512
 93
        0
300

 40
0.0
140
1.0
 94
        5
 62
     0
340
22
144
4.5
309
CONTENTFORMAT_END
171
     1
301
MARGIN
  1
CELLMARGIN_BEGIN
 40
1.5
 40
1.5
 40
1.5
 40
1.5
 40
4.5
 40
4.5
309
CELLMARGIN_END
 94
        6
 95
        1
302
GRIDFORMAT
  1
GRIDFORMAT_BEGIN
 90
        0
 91
        1
 62
     0
 92
       -2
340
25
 93
        0
 40
1.125
309
GRIDFORMAT_END
 95
        2
302
GRIDFORMAT
  1
GRIDFORMAT_BEGIN
 90
        0
 91
        1
 62
     0
 92
       -2
340
25
 93
        0
 40
1.125
309
GRIDFORMAT_END
 95
        4
302
GRIDFORMAT
  1
GRIDFORMAT_BEGIN
 90
        0
 91
        1
 62
     0
 92
       -2
340
25
 93
        0
 40
1.125
309
GRIDFORMAT_END
 95
        8
302
GRIDFORMAT
  1
GRIDFORMAT_BEGIN
 90
        0
 91
        1
 62
     0
 92
       -2
340
25
 93
        0
 40
1.125
309
GRIDFORMAT_END
 95
       16
302
GRIDFORMAT
  1
GRIDFORMAT_BEGIN
 90
        0
 91
        1
 62
     0
 92
       -2
340
25
 93
        0
 40
1.125
309
GRIDFORMAT_END
 95
       32
302
GRIDFORMAT
  1
GRIDFORMAT_BEGIN
 90
        0
 91
        1
 62
     0
 92
       -2
340
25
 93
        0
 40
1.125
309
GRIDFORMAT_END
309
TABLEFORMAT_END
  1
CELLSTYLE_BEGIN
 90
        2
 91
        1
300
_HEADER
309
CELLSTYLE_END
300
CELLSTYLE
  1
TABLEFORMAT_BEGIN
 90
        5
170
     1
 91
        0
 92
        0
 62
   257
 93
        1
300
CONTENTFORMAT
  1
CONTENTFORMAT_BEGIN
 90
        0
 91
        0
 92
      512
 93
        0
300

 40
0.0
140
1.0
 94
        2
 62
     0
340
22
144
4.5
309
CONTENTFORMAT_END
171
     1
301
MARGIN
  1
CELLMARGIN_BEGIN
 40
1.5
 40
1.5
 40
1.5
 40
1.5
 40
4.5
 40
4.5
309
CELLMARGIN_END
 94
        6
 95
        1
302
GRIDFORMAT
  1
GRIDFORMAT_BEGIN
 90
        0
 91
        1
 62
     0
 92
       -2
340
25
 93
        0
 40
1.125
309
GRIDFORMAT_END
 95
        2
302
GRIDFORMAT
  1
GRIDFORMAT_BEGIN
 90
        0
 91
        1
 62
     0
 92
       -2
340
25
 93
        0
 40
1.125
309
GRIDFORMAT_END
 95
        4
302
GRIDFORMAT
  1
GRIDFORMAT_BEGIN
 90
        0
 91
        1
 62
     0
 92
       -2
340
25
 93
        0
 40
1.125
309
GRIDFORMAT_END
 95
        8
302
GRIDFORMAT
  1
GRIDFORMAT_BEGIN
 90
        0
 91
        1
 62
     0
 92
       -2
340
25
 93
        0
 40
1.125
309
GRIDFORMAT_END
 95
       16
302
GRIDFORMAT
  1
GRIDFORMAT_BEGIN
 90
        0
 91
        1
 62
     0
 92
       -2
340
25
 93
        0
 40
1.125
309
GRIDFORMAT_END
 95
       32
302
GRIDFORMAT
  1
GRIDFORMAT_BEGIN
 90
        0
 91
        1
 62
     0
 92
       -2
340
25
 93
        0
 40
1.125
309
GRIDFORMAT_END
309
TABLEFORMAT_END
  1
CELLSTYLE_BEGIN
 90
        3
 91
        2
300
_DATA
309
CELLSTYLE_END
  0
XRECORD
  5
635
102
{ACAD_REACTORS
330
634
102
}
330
634
100
AcDbXrecord
280
     1
102
ACAD_ROUNDTRIP_PRE2007_TABLESTYLE
 90
      512
 91
        0
  1

 92
      512
 93
        0
  2

 94
      512
 95
        0
  3

  0
XRECORD
  5
638
102
{ACAD_REACTORS
330
637
102
}
330
637
100
AcDbXrecord
280
     1
102
RTVSPropertyOp0
 70
     1
102
RTVSPropertyOp1
 70
     1
102
RTVSPropertyOp2
 70
     1
102
RTVSPropertyOp3
 70
     1
102
RTVSPropertyOp4
 70
     1
102
RTVSPropertyOp5
 70
     1
102
RTVSPropertyOp6
 70
     1
102
RTVSPropertyOp7
 70
     1
102
RTVSPropertyOp8
 70
     1
102
RTVSPropertyOp9
 70
     1
102
RTVSPropertyOp10
 70
     1
102
RTVSPropertyOp11
 70
     1
102
RTVSPropertyOp12
 70
     1
102
RTVSPropertyOp13
 70
     1
102
RTVSPropertyOp14
 70
     1
102
RTVSPropertyOp15
 70
     1
102
RTVSPropertyOp16
 70
     1
102
RTVSPropertyOp17
 70
     1
102
RTVSPropertyOp18
 70
     1
102
RTVSPropertyOp19
 70
     1
102
RTVSPropertyOp20
 70
     1
102
RTVSPropertyOp21
 70
     1
102
RTVSPropertyOp22
 70
     1
102
RTVSPropertyOp23
 70
     1
102
RTVSPropertyOp24
 70
     1
102
RTVSPropertyOp25
 70
     1
102
RTVSPropertyOp26
 70
     1
102
RTVSPropertyOp27
 70
     1
102
RTVSPropertyOp28
 70
     1
102
RTVSPropertyOp29
 70
     1
102
RTVSPropertyOp30
 70
     1
102
RTVSPropertyOp31
 70
     1
102
RTVSPropertyOp32
 70
     1
102
RTVSPropertyOp33
 70
     1
102
RTVSPropertyOp34
 70
     1
102
RTVSPropertyOp35
 70
     1
102
RTVSPropertyOp36
 70
     1
102
RTVSPropertyOp37
 70
     1
102
RTVSPropertyOp38
 70
     1
102
RTVSPropertyOp39
 70
     1
102
RTVSPropertyOp40
 70
     1
102
RTVSPropertyOp41
 70
     1
102
RTVSPropertyOp42
 70
     1
102
RTVSPropertyOp43
 70
     1
102
RTVSPropertyOp44
 70
     1
102
RTVSPropertyOp45
 70
     1
102
RTVSPropertyOp46
 70
     1
102
RTVSPropertyOp47
 70
     1
102
RTVSPropertyOp48
 70
     1
102
RTVSPropertyOp49
 70
     1
102
RTVSPropertyOp50
 70
     1
102
RTVSPropertyOp51
 70
     0
102
RTVSPropertyOp52
 70
     0
102
RTVSPropertyOp53
 70
     1
102
RTVSPropertyOp54
 70
     1
102
RTVSPropertyOp55
 70
     1
102
RTVSPropertyOp56
 70
     1
102
RTVSPropertyOp57
 70
     1
102
RTVSPost2010Prop28
280
     1
102
RTVSPost2010PropOp28
 70
     1
102
RTVSPost2010Prop29
280
     1
102
RTVSPost2010PropOp29
 70
     1
102
RTVSPost2010Prop30
280
     0
102
RTVSPost2010PropOp30
 70
     1
102
RTVSPost2010Prop31
280
     0
102
RTVSPost2010PropOp31
 70
     1
102
RTVSPost2010Prop32
280
     0
102
RTVSPost2010PropOp32
 70
     1
102
RTVSPost2010Prop33
280
     0
102
RTVSPost2010PropOp33
 70
     1
102
RTVSPost2010Prop34
280
     0
102
RTVSPost2010PropOp34
 70
     1
102
RTVSPost2010Prop35
280
     0
102
RTVSPost2010PropOp35
 70
     1
102
RTVSPost2010Prop36
280
     0
102
RTVSPost2010PropOp36
 70
     1
102
RTVSPost2010Prop37
 90
       50
102
RTVSPost2010PropOp37
 70
     1
102
RTVSPost2010Prop38
140
0.0
102
RTVSPost2010PropOp38
 70
     1
102
RTVSPost2010Prop39
140
1.0
102
RTVSPost2010PropOp39
 70
     1
102
RTVSPost2010Prop40
 90
        0
102
RTVSPost2010PropOp40
 70
     1
102
RTVSPost2010Prop41ColorIndex
 90
       18
102
RTVSPost2010Prop41ColorRGB
 90
        0
102
RTVSPost2010PropOp41
 70
     1
102
RTVSPost2010Prop42
 90
       50
102
RTVSPost2010PropOp42
 70
     1
102
RTVSPost2010Prop43
 90
        3
102
RTVSPost2010PropOp43
 70
     1
102
RTVSPost2010Prop44ColorIndex
 90
        5
102
RTVSPost2010Prop44ColorRGB
 90
      255
102
RTVSPost2010PropOp44
 70
     1
102
RTVSPost2010Prop45
280
     0
102
RTVSPost2010PropOp45
 70
     1
102
RTVSPost2010Prop46
 90
       50
102
RTVSPost2010PropOp46
 70
     1
102
RTVSPost2010Prop47
 90
       50
102
RTVSPost2010PropOp47
 70
     1
102
RTVSPost2010Prop48
 90
       50
102
RTVSPost2010PropOp48
 70
     1
102
RTVSPost2010Prop49
280
     0
102
RTVSPost2010PropOp49
 70
     1
102
RTVSPost2010Prop50
 90
       50
102
RTVSPost2010PropOp50
 70
     1
102
RTVSPost2010Prop51ColorIndex
 90
      256
102
RTVSPost2010Prop51ColorRGB
 90
-16777216
102
RTVSPost2010PropOp51
 70
     0
102
RTVSPost2010Prop52
140
1.0
102
RTVSPost2010PropOp52
 70
     0
102
RTVSPost2010Prop53
 90
        2
102
RTVSPost2010PropOp53
 70
     1
102
RTVSPost2010Prop54
  1
strokes_ogs.tif
102
RTVSPost2010PropOp54
 70
     1
102
RTVSPost2010Prop55
280
     0
102
RTVSPost2010PropOp55
 70
     1
102
RTVSPost2010Prop56
140
1.0
102
RTVSPost2010PropOp56
 70
     1
102
RTVSPost2010Prop57
140
1.0
102
RTVSPost2010PropOp57
 70
     1
  0
XRECORD
  5
64A
102
{ACAD_REACTORS
330
649
102
}
330
649
100
AcDbXrecord
280
     1
102
RTVSPropertyOp0
 70
     1
102
RTVSPropertyOp1
 70
     1
102
RTVSPropertyOp2
 70
     1
102
RTVSPropertyOp3
 70
     1
102
RTVSPropertyOp4
 70
     1
102
RTVSPropertyOp5
 70
     1
102
RTVSPropertyOp6
 70
     1
102
RTVSPropertyOp7
 70
     1
102
RTVSPropertyOp8
 70
     1
102
RTVSPropertyOp9
 70
     1
102
RTVSPropertyOp10
 70
     1
102
RTVSPropertyOp11
 70
     1
102
RTVSPropertyOp12
 70
     1
102
RTVSPropertyOp13
 70
     1
102
RTVSPropertyOp14
 70
     1
102
RTVSPropertyOp15
 70
     1
102
RTVSPropertyOp16
 70
     1
102
RTVSPropertyOp17
 70
     1
102
RTVSPropertyOp18
 70
     1
102
RTVSPropertyOp19
 70
     1
102
RTVSPropertyOp20
 70
     1
102
RTVSPropertyOp21
 70
     1
102
RTVSPropertyOp22
 70
     1
102
RTVSPropertyOp23
 70
     1
102
RTVSPropertyOp24
 70
     1
102
RTVSPropertyOp25
 70
     1
102
RTVSPropertyOp26
 70
     1
102
RTVSPropertyOp27
 70
     1
102
RTVSPropertyOp28
 70
     1
102
RTVSPropertyOp29
 70
     1
102
RTVSPropertyOp30
 70
     1
102
RTVSPropertyOp31
 70
     1
102
RTVSPropertyOp32
 70
     1
102
RTVSPropertyOp33
 70
     1
102
RTVSPropertyOp34
 70
     1
102
RTVSPropertyOp35
 70
     1
102
RTVSPropertyOp36
 70
     1
102
RTVSPropertyOp37
 70
     1
102
RTVSPropertyOp38
 70
     1
102
RTVSPropertyOp39
 70
     1
102
RTVSPropertyOp40
 70
     1
102
RTVSPropertyOp41
 70
     1
102
RTVSPropertyOp42
 70
     1
102
RTVSPropertyOp43
 70
     1
102
RTVSPropertyOp44
 70
     1
102
RTVSPropertyOp45
 70
     1
102
RTVSPropertyOp46
 70
     1
102
RTVSPropertyOp47
 70
     1
102
RTVSPropertyOp48
 70
     1
102
RTVSPropertyOp49
 70
     1
102
RTVSPropertyOp50
 70
     1
102
RTVSPropertyOp51
 70
     0
102
RTVSPropertyOp52
 70
     0
102
RTVSPropertyOp53
 70
     1
102
RTVSPropertyOp54
 70
     1
102
RTVSPropertyOp55
 70
     1
102
RTVSPropertyOp56
 70
     1
102
RTVSPropertyOp57
 70
     1
102
RTVSPost2010Prop28
280
     0
102
RTVSPost2010PropOp28
 70
     1
102
RTVSPost2010Prop29
280
     1
102
RTVSPost2010PropOp29
 70
     1
102
RTVSPost2010Prop30
280
     1
102
RTVSPost2010PropOp30
 70
     1
102
RTVSPost2010Prop31
280
     0
102
RTVSPost2010PropOp31
 70
     1
102
RTVSPost2010Prop32
280
     0
102
RTVSPost2010PropOp32
 70
     1
102
RTVSPost2010Prop33
280
     0
102
RTVSPost2010PropOp33
 70
     1
102
RTVSPost2010Prop34
280
     0
102
RTVSPost2010PropOp34
 70
     1
102
RTVSPost2010Prop35
280
     0
102
RTVSPost2010PropOp35
 70
     1
102
RTVSPost2010Prop36
280
     0
102
RTVSPost2010PropOp36
 70
     1
102
RTVSPost2010Prop37
 90
       50
102
RTVSPost2010PropOp37
 70
     1
102
RTVSPost2010Prop38
140
0.0
102
RTVSPost2010PropOp38
 70
     1
102
RTVSPost2010Prop39
140
1.0
102
RTVSPost2010PropOp39
 70
     1
102
RTVSPost2010Prop40
 90
        0
102
RTVSPost2010PropOp40
 70
     1
102
RTVSPost2010Prop41ColorIndex
 90
       18
102
RTVSPost2010Prop41ColorRGB
 90
        0
102
RTVSPost2010PropOp41
 70
     1
102
RTVSPost2010Prop42
 90
       50
102
RTVSPost2010PropOp42
 70
     1
102
RTVSPost2010Prop43
 90
        3
102
RTVSPost2010PropOp43
 70
     1
102
RTVSPost2010Prop44ColorIndex
 90
        5
102
RTVSPost2010Prop44ColorRGB
 90
      255
102
RTVSPost2010PropOp44
 70
     1
102
RTVSPost2010Prop45
280
     0
102
RTVSPost2010PropOp45
 70
     1
102
RTVSPost2010Prop46
 90
       50
102
RTVSPost2010PropOp46
 70
     1
102
RTVSPost2010Prop47
 90
       50
102
RTVSPost2010PropOp47
 70
     1
102
RTVSPost2010Prop48
 90
       50
102
RTVSPost2010PropOp48
 70
     1
102
RTVSPost2010Prop49
280
     0
102
RTVSPost2010PropOp49
 70
     1
102
RTVSPost2010Prop50
 90
       50
102
RTVSPost2010PropOp50
 70
     1
102
RTVSPost2010Prop51ColorIndex
 90
      256
102
RTVSPost2010Prop51ColorRGB
 90
-16777216
102
RTVSPost2010PropOp51
 70
     0
102
RTVSPost2010Prop52
140
1.0
102
RTVSPost2010PropOp52
 70
     0
102
RTVSPost2010Prop53
 90
        2
102
RTVSPost2010PropOp53
 70
     1
102
RTVSPost2010Prop54
  1
strokes_ogs.tif
102
RTVSPost2010PropOp54
 70
     1
102
RTVSPost2010Prop55
280
     0
102
RTVSPost2010PropOp55
 70
     1
102
RTVSPost2010Prop56
140
1.0
102
RTVSPost2010PropOp56
 70
     1
102
RTVSPost2010Prop57
140
1.0
102
RTVSPost2010PropOp57
 70
     1
  0
XRECORD
  5
650
102
{ACAD_REACTORS
330
64F
102
}
330
64F
100
AcDbXrecord
280
     1
102
RTVSPropertyOp0
 70
     1
102
RTVSPropertyOp1
 70
     1
102
RTVSPropertyOp2
 70
     1
102
RTVSPropertyOp3
 70
     1
102
RTVSPropertyOp4
 70
     1
102
RTVSPropertyOp5
 70
     1
102
RTVSPropertyOp6
 70
     1
102
RTVSPropertyOp7
 70
     1
102
RTVSPropertyOp8
 70
     1
102
RTVSPropertyOp9
 70
     1
102
RTVSPropertyOp10
 70
     1
102
RTVSPropertyOp11
 70
     1
102
RTVSPropertyOp12
 70
     1
102
RTVSPropertyOp13
 70
     1
102
RTVSPropertyOp14
 70
     1
102
RTVSPropertyOp15
 70
     1
102
RTVSPropertyOp16
 70
     1
102
RTVSPropertyOp17
 70
     1
102
RTVSPropertyOp18
 70
     1
102
RTVSPropertyOp19
 70
     1
102
RTVSPropertyOp20
 70
     1
102
RTVSPropertyOp21
 70
     1
102
RTVSPropertyOp22
 70
     1
102
RTVSPropertyOp23
 70
     1
102
RTVSPropertyOp24
 70
     1
102
RTVSPropertyOp25
 70
     1
102
RTVSPropertyOp26
 70
     1
102
RTVSPropertyOp27
 70
     1
102
RTVSPropertyOp28
 70
     1
102
RTVSPropertyOp29
 70
     1
102
RTVSPropertyOp30
 70
     1
102
RTVSPropertyOp31
 70
     1
102
RTVSPropertyOp32
 70
     1
102
RTVSPropertyOp33
 70
     1
102
RTVSPropertyOp34
 70
     1
102
RTVSPropertyOp35
 70
     1
102
RTVSPropertyOp36
 70
     1
102
RTVSPropertyOp37
 70
     1
102
RTVSPropertyOp38
 70
     1
102
RTVSPropertyOp39
 70
     1
102
RTVSPropertyOp40
 70
     1
102
RTVSPropertyOp41
 70
     1
102
RTVSPropertyOp42
 70
     1
102
RTVSPropertyOp43
 70
     1
102
RTVSPropertyOp44
 70
     1
102
RTVSPropertyOp45
 70
     1
102
RTVSPropertyOp46
 70
     1
102
RTVSPropertyOp47
 70
     1
102
RTVSPropertyOp48
 70
     1
102
RTVSPropertyOp49
 70
     1
102
RTVSPropertyOp50
 70
     1
102
RTVSPropertyOp51
 70
     0
102
RTVSPropertyOp52
 70
     0
102
RTVSPropertyOp53
 70
     1
102
RTVSPropertyOp54
 70
     1
102
RTVSPropertyOp55
 70
     1
102
RTVSPropertyOp56
 70
     1
102
RTVSPropertyOp57
 70
     1
102
RTVSPost2010Prop28
280
     0
102
RTVSPost2010PropOp28
 70
     1
102
RTVSPost2010Prop29
280
     1
102
RTVSPost2010PropOp29
 70
     1
102
RTVSPost2010Prop30
280
     1
102
RTVSPost2010PropOp30
 70
     1
102
RTVSPost2010Prop31
280
     0
102
RTVSPost2010PropOp31
 70
     1
102
RTVSPost2010Prop32
280
     0
102
RTVSPost2010PropOp32
 70
     1
102
RTVSPost2010Prop33
280
     0
102
RTVSPost2010PropOp33
 70
     1
102
RTVSPost2010Prop34
280
     0
102
RTVSPost2010PropOp34
 70
     1
102
RTVSPost2010Prop35
280
     0
102
RTVSPost2010PropOp35
 70
     1
102
RTVSPost2010Prop36
280
     0
102
RTVSPost2010PropOp36
 70
     1
102
RTVSPost2010Prop37
 90
       50
102
RTVSPost2010PropOp37
 70
     1
102
RTVSPost2010Prop38
140
0.0
102
RTVSPost2010PropOp38
 70
     1
102
RTVSPost2010Prop39
140
1.0
102
RTVSPost2010PropOp39
 70
     1
102
RTVSPost2010Prop40
 90
        0
102
RTVSPost2010PropOp40
 70
     1
102
RTVSPost2010Prop41ColorIndex
 90
       18
102
RTVSPost2010Prop41ColorRGB
 90
        0
102
RTVSPost2010PropOp41
 70
     1
102
RTVSPost2010Prop42
 90
       50
102
RTVSPost2010PropOp42
 70
     1
102
RTVSPost2010Prop43
 90
        3
102
RTVSPost2010PropOp43
 70
     1
102
RTVSPost2010Prop44ColorIndex
 90
        5
102
RTVSPost2010Prop44ColorRGB
 90
      255
102
RTVSPost2010PropOp44
 70
     1
102
RTVSPost2010Prop45
280
     0
102
RTVSPost2010PropOp45
 70
     1
102
RTVSPost2010Prop46
 90
       50
102
RTVSPost2010PropOp46
 70
     1
102
RTVSPost2010Prop47
 90
       50
102
RTVSPost2010PropOp47
 70
     1
102
RTVSPost2010Prop48
 90
       50
102
RTVSPost2010PropOp48
 70
     1
102
RTVSPost2010Prop49
280
     0
102
RTVSPost2010PropOp49
 70
     1
102
RTVSPost2010Prop50
 90
       50
102
RTVSPost2010PropOp50
 70
     1
102
RTVSPost2010Prop51ColorIndex
 90
      256
102
RTVSPost2010Prop51ColorRGB
 90
-16777216
102
RTVSPost2010PropOp51
 70
     0
102
RTVSPost2010Prop52
140
1.0
102
RTVSPost2010PropOp52
 70
     0
102
RTVSPost2010Prop53
 90
        2
102
RTVSPost2010PropOp53
 70
     1
102
RTVSPost2010Prop54
  1
strokes_ogs.tif
102
RTVSPost2010PropOp54
 70
     1
102
RTVSPost2010Prop55
280
     0
102
RTVSPost2010PropOp55
 70
     1
102
RTVSPost2010Prop56
140
1.0
102
RTVSPost2010PropOp56
 70
     1
102
RTVSPost2010Prop57
140
1.0
102
RTVSPost2010PropOp57
 70
     1
  0
XRECORD
  5
658
102
{ACAD_REACTORS
330
657
102
}
330
657
100
AcDbXrecord
280
     1
102
RTVSPropertyOp0
 70
     1
102
RTVSPropertyOp1
 70
     1
102
RTVSPropertyOp2
 70
     1
102
RTVSPropertyOp3
 70
     1
102
RTVSPropertyOp4
 70
     1
102
RTVSPropertyOp5
 70
     1
102
RTVSPropertyOp6
 70
     1
102
RTVSPropertyOp7
 70
     1
102
RTVSPropertyOp8
 70
     1
102
RTVSPropertyOp9
 70
     1
102
RTVSPropertyOp10
 70
     1
102
RTVSPropertyOp11
 70
     1
102
RTVSPropertyOp12
 70
     1
102
RTVSPropertyOp13
 70
     1
102
RTVSPropertyOp14
 70
     1
102
RTVSPropertyOp15
 70
     1
102
RTVSPropertyOp16
 70
     1
102
RTVSPropertyOp17
 70
     1
102
RTVSPropertyOp18
 70
     1
102
RTVSPropertyOp19
 70
     1
102
RTVSPropertyOp20
 70
     1
102
RTVSPropertyOp21
 70
     1
102
RTVSPropertyOp22
 70
     1
102
RTVSPropertyOp23
 70
     1
102
RTVSPropertyOp24
 70
     1
102
RTVSPropertyOp25
 70
     1
102
RTVSPropertyOp26
 70
     1
102
RTVSPropertyOp27
 70
     1
102
RTVSPropertyOp28
 70
     1
102
RTVSPropertyOp29
 70
     1
102
RTVSPropertyOp30
 70
     1
102
RTVSPropertyOp31
 70
     1
102
RTVSPropertyOp32
 70
     1
102
RTVSPropertyOp33
 70
     1
102
RTVSPropertyOp34
 70
     1
102
RTVSPropertyOp35
 70
     1
102
RTVSPropertyOp36
 70
     1
102
RTVSPropertyOp37
 70
     1
102
RTVSPropertyOp38
 70
     1
102
RTVSPropertyOp39
 70
     1
102
RTVSPropertyOp40
 70
     1
102
RTVSPropertyOp41
 70
     1
102
RTVSPropertyOp42
 70
     1
102
RTVSPropertyOp43
 70
     1
102
RTVSPropertyOp44
 70
     1
102
RTVSPropertyOp45
 70
     1
102
RTVSPropertyOp46
 70
     1
102
RTVSPropertyOp47
 70
     1
102
RTVSPropertyOp48
 70
     1
102
RTVSPropertyOp49
 70
     1
102
RTVSPropertyOp50
 70
     1
102
RTVSPropertyOp51
 70
     0
102
RTVSPropertyOp52
 70
     0
102
RTVSPropertyOp53
 70
     1
102
RTVSPropertyOp54
 70
     1
102
RTVSPropertyOp55
 70
     1
102
RTVSPropertyOp56
 70
     1
102
RTVSPropertyOp57
 70
     1
102
RTVSPost2010Prop28
280
     0
102
RTVSPost2010PropOp28
 70
     1
102
RTVSPost2010Prop29
280
     1
102
RTVSPost2010PropOp29
 70
     1
102
RTVSPost2010Prop30
280
     1
102
RTVSPost2010PropOp30
 70
     1
102
RTVSPost2010Prop31
280
     0
102
RTVSPost2010PropOp31
 70
     1
102
RTVSPost2010Prop32
280
     0
102
RTVSPost2010PropOp32
 70
     1
102
RTVSPost2010Prop33
280
     0
102
RTVSPost2010PropOp33
 70
     1
102
RTVSPost2010Prop34
280
     0
102
RTVSPost2010PropOp34
 70
     1
102
RTVSPost2010Prop35
280
     0
102
RTVSPost2010PropOp35
 70
     1
102
RTVSPost2010Prop36
280
     0
102
RTVSPost2010PropOp36
 70
     1
102
RTVSPost2010Prop37
 90
       50
102
RTVSPost2010PropOp37
 70
     1
102
RTVSPost2010Prop38
140
0.0
102
RTVSPost2010PropOp38
 70
     1
102
RTVSPost2010Prop39
140
1.0
102
RTVSPost2010PropOp39
 70
     1
102
RTVSPost2010Prop40
 90
        0
102
RTVSPost2010PropOp40
 70
     1
102
RTVSPost2010Prop41ColorIndex
 90
       18
102
RTVSPost2010Prop41ColorRGB
 90
        0
102
RTVSPost2010PropOp41
 70
     1
102
RTVSPost2010Prop42
 90
       50
102
RTVSPost2010PropOp42
 70
     1
102
RTVSPost2010Prop43
 90
        3
102
RTVSPost2010PropOp43
 70
     1
102
RTVSPost2010Prop44ColorIndex
 90
        5
102
RTVSPost2010Prop44ColorRGB
 90
      255
102
RTVSPost2010PropOp44
 70
     1
102
RTVSPost2010Prop45
280
     0
102
RTVSPost2010PropOp45
 70
     1
102
RTVSPost2010Prop46
 90
       50
102
RTVSPost2010PropOp46
 70
     1
102
RTVSPost2010Prop47
 90
       50
102
RTVSPost2010PropOp47
 70
     1
102
RTVSPost2010Prop48
 90
       50
102
RTVSPost2010PropOp48
 70
     1
102
RTVSPost2010Prop49
280
     0
102
RTVSPost2010PropOp49
 70
     1
102
RTVSPost2010Prop50
 90
       50
102
RTVSPost2010PropOp50
 70
     1
102
RTVSPost2010Prop51ColorIndex
 90
      256
102
RTVSPost2010Prop51ColorRGB
 90
-16777216
102
RTVSPost2010PropOp51
 70
     0
102
RTVSPost2010Prop52
140
1.0
102
RTVSPost2010PropOp52
 70
     0
102
RTVSPost2010Prop53
 90
        2
102
RTVSPost2010PropOp53
 70
     1
102
RTVSPost2010Prop54
  1
strokes_ogs.tif
102
RTVSPost2010PropOp54
 70
     1
102
RTVSPost2010Prop55
280
     0
102
RTVSPost2010PropOp55
 70
     1
102
RTVSPost2010Prop56
140
1.0
102
RTVSPost2010PropOp56
 70
     1
102
RTVSPost2010Prop57
140
1.0
102
RTVSPost2010PropOp57
 70
     1
  0
XRECORD
  5
64C
102
{ACAD_REACTORS
330
64B
102
}
330
64B
100
AcDbXrecord
280
     1
102
RTVSPropertyOp0
 70
     1
102
RTVSPropertyOp1
 70
     1
102
RTVSPropertyOp2
 70
     1
102
RTVSPropertyOp3
 70
     1
102
RTVSPropertyOp4
 70
     1
102
RTVSPropertyOp5
 70
     1
102
RTVSPropertyOp6
 70
     1
102
RTVSPropertyOp7
 70
     1
102
RTVSPropertyOp8
 70
     1
102
RTVSPropertyOp9
 70
     1
102
RTVSPropertyOp10
 70
     1
102
RTVSPropertyOp11
 70
     1
102
RTVSPropertyOp12
 70
     1
102
RTVSPropertyOp13
 70
     1
102
RTVSPropertyOp14
 70
     1
102
RTVSPropertyOp15
 70
     1
102
RTVSPropertyOp16
 70
     1
102
RTVSPropertyOp17
 70
     1
102
RTVSPropertyOp18
 70
     1
102
RTVSPropertyOp19
 70
     1
102
RTVSPropertyOp20
 70
     1
102
RTVSPropertyOp21
 70
     1
102
RTVSPropertyOp22
 70
     1
102
RTVSPropertyOp23
 70
     1
102
RTVSPropertyOp24
 70
     1
102
RTVSPropertyOp25
 70
     1
102
RTVSPropertyOp26
 70
     1
102
RTVSPropertyOp27
 70
     1
102
RTVSPropertyOp28
 70
     1
102
RTVSPropertyOp29
 70
     1
102
RTVSPropertyOp30
 70
     1
102
RTVSPropertyOp31
 70
     1
102
RTVSPropertyOp32
 70
     1
102
RTVSPropertyOp33
 70
     1
102
RTVSPropertyOp34
 70
     1
102
RTVSPropertyOp35
 70
     1
102
RTVSPropertyOp36
 70
     1
102
RTVSPropertyOp37
 70
     1
102
RTVSPropertyOp38
 70
     1
102
RTVSPropertyOp39
 70
     1
102
RTVSPropertyOp40
 70
     1
102
RTVSPropertyOp41
 70
     1
102
RTVSPropertyOp42
 70
     1
102
RTVSPropertyOp43
 70
     1
102
RTVSPropertyOp44
 70
     1
102
RTVSPropertyOp45
 70
     1
102
RTVSPropertyOp46
 70
     1
102
RTVSPropertyOp47
 70
     1
102
RTVSPropertyOp48
 70
     1
102
RTVSPropertyOp49
 70
     1
102
RTVSPropertyOp50
 70
     1
102
RTVSPropertyOp51
 70
     0
102
RTVSPropertyOp52
 70
     0
102
RTVSPropertyOp53
 70
     1
102
RTVSPropertyOp54
 70
     1
102
RTVSPropertyOp55
 70
     1
102
RTVSPropertyOp56
 70
     1
102
RTVSPropertyOp57
 70
     1
102
RTVSPost2010Prop28
280
     0
102
RTVSPost2010PropOp28
 70
     1
102
RTVSPost2010Prop29
280
     1
102
RTVSPost2010PropOp29
 70
     1
102
RTVSPost2010Prop30
280
     1
102
RTVSPost2010PropOp30
 70
     1
102
RTVSPost2010Prop31
280
     0
102
RTVSPost2010PropOp31
 70
     1
102
RTVSPost2010Prop32
280
     0
102
RTVSPost2010PropOp32
 70
     1
102
RTVSPost2010Prop33
280
     0
102
RTVSPost2010PropOp33
 70
     1
102
RTVSPost2010Prop34
280
     0
102
RTVSPost2010PropOp34
 70
     1
102
RTVSPost2010Prop35
280
     0
102
RTVSPost2010PropOp35
 70
     1
102
RTVSPost2010Prop36
280
     0
102
RTVSPost2010PropOp36
 70
     1
102
RTVSPost2010Prop37
 90
       50
102
RTVSPost2010PropOp37
 70
     1
102
RTVSPost2010Prop38
140
0.0
102
RTVSPost2010PropOp38
 70
     1
102
RTVSPost2010Prop39
140
1.0
102
RTVSPost2010PropOp39
 70
     1
102
RTVSPost2010Prop40
 90
        0
102
RTVSPost2010PropOp40
 70
     1
102
RTVSPost2010Prop41ColorIndex
 90
       18
102
RTVSPost2010Prop41ColorRGB
 90
        0
102
RTVSPost2010PropOp41
 70
     1
102
RTVSPost2010Prop42
 90
       50
102
RTVSPost2010PropOp42
 70
     1
102
RTVSPost2010Prop43
 90
        3
102
RTVSPost2010PropOp43
 70
     1
102
RTVSPost2010Prop44ColorIndex
 90
        5
102
RTVSPost2010Prop44ColorRGB
 90
      255
102
RTVSPost2010PropOp44
 70
     1
102
RTVSPost2010Prop45
280
     0
102
RTVSPost2010PropOp45
 70
     1
102
RTVSPost2010Prop46
 90
       50
102
RTVSPost2010PropOp46
 70
     1
102
RTVSPost2010Prop47
 90
       50
102
RTVSPost2010PropOp47
 70
     1
102
RTVSPost2010Prop48
 90
       50
102
RTVSPost2010PropOp48
 70
     1
102
RTVSPost2010Prop49
280
     0
102
RTVSPost2010PropOp49
 70
     1
102
RTVSPost2010Prop50
 90
       50
102
RTVSPost2010PropOp50
 70
     1
102
RTVSPost2010Prop51ColorIndex
 90
      256
102
RTVSPost2010Prop51ColorRGB
 90
-16777216
102
RTVSPost2010PropOp51
 70
     0
102
RTVSPost2010Prop52
140
1.0
102
RTVSPost2010PropOp52
 70
     0
102
RTVSPost2010Prop53
 90
        2
102
RTVSPost2010PropOp53
 70
     1
102
RTVSPost2010Prop54
  1
strokes_ogs.tif
102
RTVSPost2010PropOp54
 70
     1
102
RTVSPost2010Prop55
280
     0
102
RTVSPost2010PropOp55
 70
     1
102
RTVSPost2010Prop56
140
1.0
102
RTVSPost2010PropOp56
 70
     1
102
RTVSPost2010Prop57
140
1.0
102
RTVSPost2010PropOp57
 70
     1
  0
XRECORD
  5
64E
102
{ACAD_REACTORS
330
64D
102
}
330
64D
100
AcDbXrecord
280
     1
102
RTVSPropertyOp0
 70
     1
102
RTVSPropertyOp1
 70
     1
102
RTVSPropertyOp2
 70
     1
102
RTVSPropertyOp3
 70
     1
102
RTVSPropertyOp4
 70
     1
102
RTVSPropertyOp5
 70
     1
102
RTVSPropertyOp6
 70
     1
102
RTVSPropertyOp7
 70
     1
102
RTVSPropertyOp8
 70
     1
102
RTVSPropertyOp9
 70
     1
102
RTVSPropertyOp10
 70
     1
102
RTVSPropertyOp11
 70
     1
102
RTVSPropertyOp12
 70
     1
102
RTVSPropertyOp13
 70
     1
102
RTVSPropertyOp14
 70
     1
102
RTVSPropertyOp15
 70
     1
102
RTVSPropertyOp16
 70
     1
102
RTVSPropertyOp17
 70
     1
102
RTVSPropertyOp18
 70
     1
102
RTVSPropertyOp19
 70
     1
102
RTVSPropertyOp20
 70
     1
102
RTVSPropertyOp21
 70
     1
102
RTVSPropertyOp22
 70
     1
102
RTVSPropertyOp23
 70
     1
102
RTVSPropertyOp24
 70
     1
102
RTVSPropertyOp25
 70
     1
102
RTVSPropertyOp26
 70
     1
102
RTVSPropertyOp27
 70
     1
102
RTVSPropertyOp28
 70
     1
102
RTVSPropertyOp29
 70
     1
102
RTVSPropertyOp30
 70
     1
102
RTVSPropertyOp31
 70
     1
102
RTVSPropertyOp32
 70
     1
102
RTVSPropertyOp33
 70
     1
102
RTVSPropertyOp34
 70
     1
102
RTVSPropertyOp35
 70
     1
102
RTVSPropertyOp36
 70
     1
102
RTVSPropertyOp37
 70
     1
102
RTVSPropertyOp38
 70
     1
102
RTVSPropertyOp39
 70
     1
102
RTVSPropertyOp40
 70
     1
102
RTVSPropertyOp41
 70
     1
102
RTVSPropertyOp42
 70
     1
102
RTVSPropertyOp43
 70
     1
102
RTVSPropertyOp44
 70
     1
102
RTVSPropertyOp45
 70
     1
102
RTVSPropertyOp46
 70
     1
102
RTVSPropertyOp47
 70
     1
102
RTVSPropertyOp48
 70
     1
102
RTVSPropertyOp49
 70
     1
102
RTVSPropertyOp50
 70
     1
102
RTVSPropertyOp51
 70
     0
102
RTVSPropertyOp52
 70
     0
102
RTVSPropertyOp53
 70
     1
102
RTVSPropertyOp54
 70
     1
102
RTVSPropertyOp55
 70
     1
102
RTVSPropertyOp56
 70
     1
102
RTVSPropertyOp57
 70
     1
102
RTVSPost2010Prop28
280
     0
102
RTVSPost2010PropOp28
 70
     1
102
RTVSPost2010Prop29
280
     1
102
RTVSPost2010PropOp29
 70
     1
102
RTVSPost2010Prop30
280
     1
102
RTVSPost2010PropOp30
 70
     1
102
RTVSPost2010Prop31
280
     0
102
RTVSPost2010PropOp31
 70
     1
102
RTVSPost2010Prop32
280
     0
102
RTVSPost2010PropOp32
 70
     1
102
RTVSPost2010Prop33
280
     0
102
RTVSPost2010PropOp33
 70
     1
102
RTVSPost2010Prop34
280
     0
102
RTVSPost2010PropOp34
 70
     1
102
RTVSPost2010Prop35
280
     0
102
RTVSPost2010PropOp35
 70
     1
102
RTVSPost2010Prop36
280
     0
102
RTVSPost2010PropOp36
 70
     1
102
RTVSPost2010Prop37
 90
       50
102
RTVSPost2010PropOp37
 70
     1
102
RTVSPost2010Prop38
140
0.0
102
RTVSPost2010PropOp38
 70
     1
102
RTVSPost2010Prop39
140
1.0
102
RTVSPost2010PropOp39
 70
     1
102
RTVSPost2010Prop40
 90
        0
102
RTVSPost2010PropOp40
 70
     1
102
RTVSPost2010Prop41ColorIndex
 90
       18
102
RTVSPost2010Prop41ColorRGB
 90
        0
102
RTVSPost2010PropOp41
 70
     1
102
RTVSPost2010Prop42
 90
       50
102
RTVSPost2010PropOp42
 70
     1
102
RTVSPost2010Prop43
 90
        3
102
RTVSPost2010PropOp43
 70
     1
102
RTVSPost2010Prop44ColorIndex
 90
        5
102
RTVSPost2010Prop44ColorRGB
 90
      255
102
RTVSPost2010PropOp44
 70
     1
102
RTVSPost2010Prop45
280
     0
102
RTVSPost2010PropOp45
 70
     1
102
RTVSPost2010Prop46
 90
       50
102
RTVSPost2010PropOp46
 70
     1
102
RTVSPost2010Prop47
 90
       50
102
RTVSPost2010PropOp47
 70
     1
102
RTVSPost2010Prop48
 90
       50
102
RTVSPost2010PropOp48
 70
     1
102
RTVSPost2010Prop49
280
     0
102
RTVSPost2010PropOp49
 70
     1
102
RTVSPost2010Prop50
 90
       50
102
RTVSPost2010PropOp50
 70
     1
102
RTVSPost2010Prop51ColorIndex
 90
      256
102
RTVSPost2010Prop51ColorRGB
 90
-16777216
102
RTVSPost2010PropOp51
 70
     0
102
RTVSPost2010Prop52
140
1.0
102
RTVSPost2010PropOp52
 70
     0
102
RTVSPost2010Prop53
 90
        2
102
RTVSPost2010PropOp53
 70
     1
102
RTVSPost2010Prop54
  1
strokes_ogs.tif
102
RTVSPost2010PropOp54
 70
     1
102
RTVSPost2010Prop55
280
     0
102
RTVSPost2010PropOp55
 70
     1
102
RTVSPost2010Prop56
140
1.0
102
RTVSPost2010PropOp56
 70
     1
102
RTVSPost2010Prop57
140
1.0
102
RTVSPost2010PropOp57
 70
     1
  0
XRECORD
  5
63A
102
{ACAD_REACTORS
330
639
102
}
330
639
100
AcDbXrecord
280
     1
102
RTVSPropertyOp0
 70
     0
102
RTVSPropertyOp1
 70
     0
102
RTVSPropertyOp2
 70
     0
102
RTVSPropertyOp3
 70
     0
102
RTVSPropertyOp4
 70
     0
102
RTVSPropertyOp5
 70
     0
102
RTVSPropertyOp6
 70
     0
102
RTVSPropertyOp7
 70
     0
102
RTVSPropertyOp8
 70
     0
102
RTVSPropertyOp9
 70
     0
102
RTVSPropertyOp10
 70
     0
102
RTVSPropertyOp11
 70
     0
102
RTVSPropertyOp12
 70
     0
102
RTVSPropertyOp13
 70
     0
102
RTVSPropertyOp14
 70
     2
102
RTVSPropertyOp15
 70
     0
102
RTVSPropertyOp16
 70
     0
102
RTVSPropertyOp17
 70
     0
102
RTVSPropertyOp18
 70
     0
102
RTVSPropertyOp19
 70
     0
102
RTVSPropertyOp20
 70
     0
102
RTVSPropertyOp21
 70
     0
102
RTVSPropertyOp22
 70
     0
102
RTVSPropertyOp23
 70
     0
102
RTVSPropertyOp24
 70
     0
102
RTVSPropertyOp25
 70
     0
102
RTVSPropertyOp26
 70
     0
102
RTVSPropertyOp27
 70
     0
102
RTVSPropertyOp28
 70
     1
102
RTVSPropertyOp29
 70
     1
102
RTVSPropertyOp30
 70
     1
102
RTVSPropertyOp31
 70
     1
102
RTVSPropertyOp32
 70
     1
102
RTVSPropertyOp33
 70
     1
102
RTVSPropertyOp34
 70
     1
102
RTVSPropertyOp35
 70
     1
102
RTVSPropertyOp36
 70
     1
102
RTVSPropertyOp37
 70
     1
102
RTVSPropertyOp38
 70
     1
102
RTVSPropertyOp39
 70
     1
102
RTVSPropertyOp40
 70
     1
102
RTVSPropertyOp41
 70
     1
102
RTVSPropertyOp42
 70
     1
102
RTVSPropertyOp43
 70
     1
102
RTVSPropertyOp44
 70
     1
102
RTVSPropertyOp45
 70
     1
102
RTVSPropertyOp46
 70
     1
102
RTVSPropertyOp47
 70
     1
102
RTVSPropertyOp48
 70
     1
102
RTVSPropertyOp49
 70
     1
102
RTVSPropertyOp50
 70
     1
102
RTVSPropertyOp51
 70
     0
102
RTVSPropertyOp52
 70
     0
102
RTVSPropertyOp53
 70
     1
102
RTVSPropertyOp54
 70
     1
102
RTVSPropertyOp55
 70
     1
102
RTVSPropertyOp56
 70
     1
102
RTVSPropertyOp57
 70
     1
102
RTVSPost2010Prop28
280
     0
102
RTVSPost2010PropOp28
 70
     1
102
RTVSPost2010Prop29
280
     1
102
RTVSPost2010PropOp29
 70
     1
102
RTVSPost2010Prop30
280
     1
102
RTVSPost2010PropOp30
 70
     1
102
RTVSPost2010Prop31
280
     0
102
RTVSPost2010PropOp31
 70
     1
102
RTVSPost2010Prop32
280
     0
102
RTVSPost2010PropOp32
 70
     1
102
RTVSPost2010Prop33
280
     0
102
RTVSPost2010PropOp33
 70
     1
102
RTVSPost2010Prop34
280
     0
102
RTVSPost2010PropOp34
 70
     1
102
RTVSPost2010Prop35
280
     0
102
RTVSPost2010PropOp35
 70
     1
102
RTVSPost2010Prop36
280
     0
102
RTVSPost2010PropOp36
 70
     1
102
RTVSPost2010Prop37
 90
       50
102
RTVSPost2010PropOp37
 70
     1
102
RTVSPost2010Prop38
140
0.0
102
RTVSPost2010PropOp38
 70
     1
102
RTVSPost2010Prop39
140
1.0
102
RTVSPost2010PropOp39
 70
     1
102
RTVSPost2010Prop40
 90
        0
102
RTVSPost2010PropOp40
 70
     1
102
RTVSPost2010Prop41ColorIndex
 90
       18
102
RTVSPost2010Prop41ColorRGB
 90
        0
102
RTVSPost2010PropOp41
 70
     1
102
RTVSPost2010Prop42
 90
       50
102
RTVSPost2010PropOp42
 70
     1
102
RTVSPost2010Prop43
 90
        3
102
RTVSPost2010PropOp43
 70
     1
102
RTVSPost2010Prop44ColorIndex
 90
        5
102
RTVSPost2010Prop44ColorRGB
 90
      255
102
RTVSPost2010PropOp44
 70
     1
102
RTVSPost2010Prop45
280
     0
102
RTVSPost2010PropOp45
 70
     1
102
RTVSPost2010Prop46
 90
       50
102
RTVSPost2010PropOp46
 70
     1
102
RTVSPost2010Prop47
 90
       50
102
RTVSPost2010PropOp47
 70
     1
102
RTVSPost2010Prop48
 90
       50
102
RTVSPost2010PropOp48
 70
     1
102
RTVSPost2010Prop49
280
     0
102
RTVSPost2010PropOp49
 70
     1
102
RTVSPost2010Prop50
 90
       50
102
RTVSPost2010PropOp50
 70
     1
102
RTVSPost2010Prop51ColorIndex
 90
      256
102
RTVSPost2010Prop51ColorRGB
 90
-16777216
102
RTVSPost2010PropOp51
 70
     0
102
RTVSPost2010Prop52
140
1.0
102
RTVSPost2010PropOp52
 70
     0
102
RTVSPost2010Prop53
 90
        2
102
RTVSPost2010PropOp53
 70
     1
102
RTVSPost2010Prop54
  1
strokes_ogs.tif
102
RTVSPost2010PropOp54
 70
     1
102
RTVSPost2010Prop55
280
     0
102
RTVSPost2010PropOp55
 70
     1
102
RTVSPost2010Prop56
140
1.0
102
RTVSPost2010PropOp56
 70
     1
102
RTVSPost2010Prop57
140
1.0
102
RTVSPost2010PropOp57
 70
     1
  0
XRECORD
  5
656
102
{ACAD_REACTORS
330
655
102
}
330
655
100
AcDbXrecord
280
     1
102
RTVSPropertyOp0
 70
     1
102
RTVSPropertyOp1
 70
     1
102
RTVSPropertyOp2
 70
     1
102
RTVSPropertyOp3
 70
     1
102
RTVSPropertyOp4
 70
     1
102
RTVSPropertyOp5
 70
     1
102
RTVSPropertyOp6
 70
     1
102
RTVSPropertyOp7
 70
     1
102
RTVSPropertyOp8
 70
     1
102
RTVSPropertyOp9
 70
     1
102
RTVSPropertyOp10
 70
     1
102
RTVSPropertyOp11
 70
     1
102
RTVSPropertyOp12
 70
     1
102
RTVSPropertyOp13
 70
     1
102
RTVSPropertyOp14
 70
     1
102
RTVSPropertyOp15
 70
     1
102
RTVSPropertyOp16
 70
     1
102
RTVSPropertyOp17
 70
     1
102
RTVSPropertyOp18
 70
     1
102
RTVSPropertyOp19
 70
     1
102
RTVSPropertyOp20
 70
     1
102
RTVSPropertyOp21
 70
     1
102
RTVSPropertyOp22
 70
     1
102
RTVSPropertyOp23
 70
     1
102
RTVSPropertyOp24
 70
     1
102
RTVSPropertyOp25
 70
     1
102
RTVSPropertyOp26
 70
     1
102
RTVSPropertyOp27
 70
     1
102
RTVSPropertyOp28
 70
     1
102
RTVSPropertyOp29
 70
     1
102
RTVSPropertyOp30
 70
     1
102
RTVSPropertyOp31
 70
     1
102
RTVSPropertyOp32
 70
     1
102
RTVSPropertyOp33
 70
     1
102
RTVSPropertyOp34
 70
     1
102
RTVSPropertyOp35
 70
     1
102
RTVSPropertyOp36
 70
     1
102
RTVSPropertyOp37
 70
     1
102
RTVSPropertyOp38
 70
     1
102
RTVSPropertyOp39
 70
     1
102
RTVSPropertyOp40
 70
     1
102
RTVSPropertyOp41
 70
     1
102
RTVSPropertyOp42
 70
     1
102
RTVSPropertyOp43
 70
     1
102
RTVSPropertyOp44
 70
     1
102
RTVSPropertyOp45
 70
     1
102
RTVSPropertyOp46
 70
     1
102
RTVSPropertyOp47
 70
     1
102
RTVSPropertyOp48
 70
     1
102
RTVSPropertyOp49
 70
     1
102
RTVSPropertyOp50
 70
     1
102
RTVSPropertyOp51
 70
     0
102
RTVSPropertyOp52
 70
     0
102
RTVSPropertyOp53
 70
     1
102
RTVSPropertyOp54
 70
     1
102
RTVSPropertyOp55
 70
     1
102
RTVSPropertyOp56
 70
     1
102
RTVSPropertyOp57
 70
     1
102
RTVSPost2010Prop28
280
     0
102
RTVSPost2010PropOp28
 70
     1
102
RTVSPost2010Prop29
280
     1
102
RTVSPost2010PropOp29
 70
     1
102
RTVSPost2010Prop30
280
     1
102
RTVSPost2010PropOp30
 70
     1
102
RTVSPost2010Prop31
280
     0
102
RTVSPost2010PropOp31
 70
     1
102
RTVSPost2010Prop32
280
     0
102
RTVSPost2010PropOp32
 70
     1
102
RTVSPost2010Prop33
280
     0
102
RTVSPost2010PropOp33
 70
     1
102
RTVSPost2010Prop34
280
     0
102
RTVSPost2010PropOp34
 70
     1
102
RTVSPost2010Prop35
280
     0
102
RTVSPost2010PropOp35
 70
     1
102
RTVSPost2010Prop36
280
     0
102
RTVSPost2010PropOp36
 70
     1
102
RTVSPost2010Prop37
 90
       50
102
RTVSPost2010PropOp37
 70
     1
102
RTVSPost2010Prop38
140
0.0
102
RTVSPost2010PropOp38
 70
     1
102
RTVSPost2010Prop39
140
1.0
102
RTVSPost2010PropOp39
 70
     1
102
RTVSPost2010Prop40
 90
        0
102
RTVSPost2010PropOp40
 70
     1
102
RTVSPost2010Prop41ColorIndex
 90
       18
102
RTVSPost2010Prop41ColorRGB
 90
        0
102
RTVSPost2010PropOp41
 70
     1
102
RTVSPost2010Prop42
 90
       50
102
RTVSPost2010PropOp42
 70
     1
102
RTVSPost2010Prop43
 90
        3
102
RTVSPost2010PropOp43
 70
     1
102
RTVSPost2010Prop44ColorIndex
 90
        5
102
RTVSPost2010Prop44ColorRGB
 90
      255
102
RTVSPost2010PropOp44
 70
     1
102
RTVSPost2010Prop45
280
     0
102
RTVSPost2010PropOp45
 70
     1
102
RTVSPost2010Prop46
 90
       50
102
RTVSPost2010PropOp46
 70
     1
102
RTVSPost2010Prop47
 90
       50
102
RTVSPost2010PropOp47
 70
     1
102
RTVSPost2010Prop48
 90
       50
102
RTVSPost2010PropOp48
 70
     1
102
RTVSPost2010Prop49
280
     0
102
RTVSPost2010PropOp49
 70
     1
102
RTVSPost2010Prop50
 90
       50
102
RTVSPost2010PropOp50
 70
     1
102
RTVSPost2010Prop51ColorIndex
 90
      256
102
RTVSPost2010Prop51ColorRGB
 90
-16777216
102
RTVSPost2010PropOp51
 70
     0
102
RTVSPost2010Prop52
140
1.0
102
RTVSPost2010PropOp52
 70
     0
102
RTVSPost2010Prop53
 90
        2
102
RTVSPost2010PropOp53
 70
     1
102
RTVSPost2010Prop54
  1
strokes_ogs.tif
102
RTVSPost2010PropOp54
 70
     1
102
RTVSPost2010Prop55
280
     0
102
RTVSPost2010PropOp55
 70
     1
102
RTVSPost2010Prop56
140
1.0
102
RTVSPost2010PropOp56
 70
     1
102
RTVSPost2010Prop57
140
1.0
102
RTVSPost2010PropOp57
 70
     1
  0
XRECORD
  5
640
102
{ACAD_REACTORS
330
63F
102
}
330
63F
100
AcDbXrecord
280
     1
102
RTVSPropertyOp0
 70
     1
102
RTVSPropertyOp1
 70
     1
102
RTVSPropertyOp2
 70
     1
102
RTVSPropertyOp3
 70
     1
102
RTVSPropertyOp4
 70
     1
102
RTVSPropertyOp5
 70
     1
102
RTVSPropertyOp6
 70
     1
102
RTVSPropertyOp7
 70
     1
102
RTVSPropertyOp8
 70
     1
102
RTVSPropertyOp9
 70
     1
102
RTVSPropertyOp10
 70
     1
102
RTVSPropertyOp11
 70
     1
102
RTVSPropertyOp12
 70
     1
102
RTVSPropertyOp13
 70
     1
102
RTVSPropertyOp14
 70
     1
102
RTVSPropertyOp15
 70
     1
102
RTVSPropertyOp16
 70
     1
102
RTVSPropertyOp17
 70
     1
102
RTVSPropertyOp18
 70
     1
102
RTVSPropertyOp19
 70
     1
102
RTVSPropertyOp20
 70
     1
102
RTVSPropertyOp21
 70
     1
102
RTVSPropertyOp22
 70
     1
102
RTVSPropertyOp23
 70
     1
102
RTVSPropertyOp24
 70
     1
102
RTVSPropertyOp25
 70
     1
102
RTVSPropertyOp26
 70
     1
102
RTVSPropertyOp27
 70
     1
102
RTVSPropertyOp28
 70
     1
102
RTVSPropertyOp29
 70
     1
102
RTVSPropertyOp30
 70
     1
102
RTVSPropertyOp31
 70
     1
102
RTVSPropertyOp32
 70
     1
102
RTVSPropertyOp33
 70
     1
102
RTVSPropertyOp34
 70
     1
102
RTVSPropertyOp35
 70
     1
102
RTVSPropertyOp36
 70
     1
102
RTVSPropertyOp37
 70
     1
102
RTVSPropertyOp38
 70
     1
102
RTVSPropertyOp39
 70
     1
102
RTVSPropertyOp40
 70
     1
102
RTVSPropertyOp41
 70
     1
102
RTVSPropertyOp42
 70
     1
102
RTVSPropertyOp43
 70
     1
102
RTVSPropertyOp44
 70
     1
102
RTVSPropertyOp45
 70
     1
102
RTVSPropertyOp46
 70
     1
102
RTVSPropertyOp47
 70
     1
102
RTVSPropertyOp48
 70
     1
102
RTVSPropertyOp49
 70
     1
102
RTVSPropertyOp50
 70
     1
102
RTVSPropertyOp51
 70
     0
102
RTVSPropertyOp52
 70
     0
102
RTVSPropertyOp53
 70
     1
102
RTVSPropertyOp54
 70
     1
102
RTVSPropertyOp55
 70
     1
102
RTVSPropertyOp56
 70
     1
102
RTVSPropertyOp57
 70
     1
102
RTVSPost2010Prop28
280
     0
102
RTVSPost2010PropOp28
 70
     1
102
RTVSPost2010Prop29
280
     1
102
RTVSPost2010PropOp29
 70
     1
102
RTVSPost2010Prop30
280
     1
102
RTVSPost2010PropOp30
 70
     1
102
RTVSPost2010Prop31
280
     0
102
RTVSPost2010PropOp31
 70
     1
102
RTVSPost2010Prop32
280
     0
102
RTVSPost2010PropOp32
 70
     1
102
RTVSPost2010Prop33
280
     0
102
RTVSPost2010PropOp33
 70
     1
102
RTVSPost2010Prop34
280
     0
102
RTVSPost2010PropOp34
 70
     1
102
RTVSPost2010Prop35
280
     0
102
RTVSPost2010PropOp35
 70
     1
102
RTVSPost2010Prop36
280
     0
102
RTVSPost2010PropOp36
 70
     1
102
RTVSPost2010Prop37
 90
       50
102
RTVSPost2010PropOp37
 70
     1
102
RTVSPost2010Prop38
140
0.0
102
RTVSPost2010PropOp38
 70
     1
102
RTVSPost2010Prop39
140
1.0
102
RTVSPost2010PropOp39
 70
     1
102
RTVSPost2010Prop40
 90
        0
102
RTVSPost2010PropOp40
 70
     1
102
RTVSPost2010Prop41ColorIndex
 90
       18
102
RTVSPost2010Prop41ColorRGB
 90
        0
102
RTVSPost2010PropOp41
 70
     1
102
RTVSPost2010Prop42
 90
       50
102
RTVSPost2010PropOp42
 70
     1
102
RTVSPost2010Prop43
 90
        3
102
RTVSPost2010PropOp43
 70
     1
102
RTVSPost2010Prop44ColorIndex
 90
        5
102
RTVSPost2010Prop44ColorRGB
 90
      255
102
RTVSPost2010PropOp44
 70
     1
102
RTVSPost2010Prop45
280
     0
102
RTVSPost2010PropOp45
 70
     1
102
RTVSPost2010Prop46
 90
       50
102
RTVSPost2010PropOp46
 70
     1
102
RTVSPost2010Prop47
 90
       50
102
RTVSPost2010PropOp47
 70
     1
102
RTVSPost2010Prop48
 90
       50
102
RTVSPost2010PropOp48
 70
     1
102
RTVSPost2010Prop49
280
     0
102
RTVSPost2010PropOp49
 70
     1
102
RTVSPost2010Prop50
 90
       50
102
RTVSPost2010PropOp50
 70
     1
102
RTVSPost2010Prop51ColorIndex
 90
      256
102
RTVSPost2010Prop51ColorRGB
 90
-16777216
102
RTVSPost2010PropOp51
 70
     0
102
RTVSPost2010Prop52
140
1.0
102
RTVSPost2010PropOp52
 70
     0
102
RTVSPost2010Prop53
 90
        2
102
RTVSPost2010PropOp53
 70
     1
102
RTVSPost2010Prop54
  1
strokes_ogs.tif
102
RTVSPost2010PropOp54
 70
     1
102
RTVSPost2010Prop55
280
     0
102
RTVSPost2010PropOp55
 70
     1
102
RTVSPost2010Prop56
140
1.0
102
RTVSPost2010PropOp56
 70
     1
102
RTVSPost2010Prop57
140
1.0
102
RTVSPost2010PropOp57
 70
     1
  0
XRECORD
  5
642
102
{ACAD_REACTORS
330
641
102
}
330
641
100
AcDbXrecord
280
     1
102
RTVSPropertyOp0
 70
     1
102
RTVSPropertyOp1
 70
     1
102
RTVSPropertyOp2
 70
     1
102
RTVSPropertyOp3
 70
     1
102
RTVSPropertyOp4
 70
     1
102
RTVSPropertyOp5
 70
     1
102
RTVSPropertyOp6
 70
     1
102
RTVSPropertyOp7
 70
     1
102
RTVSPropertyOp8
 70
     1
102
RTVSPropertyOp9
 70
     1
102
RTVSPropertyOp10
 70
     1
102
RTVSPropertyOp11
 70
     1
102
RTVSPropertyOp12
 70
     1
102
RTVSPropertyOp13
 70
     1
102
RTVSPropertyOp14
 70
     1
102
RTVSPropertyOp15
 70
     1
102
RTVSPropertyOp16
 70
     1
102
RTVSPropertyOp17
 70
     1
102
RTVSPropertyOp18
 70
     1
102
RTVSPropertyOp19
 70
     1
102
RTVSPropertyOp20
 70
     1
102
RTVSPropertyOp21
 70
     1
102
RTVSPropertyOp22
 70
     1
102
RTVSPropertyOp23
 70
     1
102
RTVSPropertyOp24
 70
     1
102
RTVSPropertyOp25
 70
     1
102
RTVSPropertyOp26
 70
     1
102
RTVSPropertyOp27
 70
     1
102
RTVSPropertyOp28
 70
     1
102
RTVSPropertyOp29
 70
     1
102
RTVSPropertyOp30
 70
     1
102
RTVSPropertyOp31
 70
     1
102
RTVSPropertyOp32
 70
     1
102
RTVSPropertyOp33
 70
     1
102
RTVSPropertyOp34
 70
     1
102
RTVSPropertyOp35
 70
     1
102
RTVSPropertyOp36
 70
     1
102
RTVSPropertyOp37
 70
     1
102
RTVSPropertyOp38
 70
     1
102
RTVSPropertyOp39
 70
     1
102
RTVSPropertyOp40
 70
     1
102
RTVSPropertyOp41
 70
     1
102
RTVSPropertyOp42
 70
     1
102
RTVSPropertyOp43
 70
     1
102
RTVSPropertyOp44
 70
     1
102
RTVSPropertyOp45
 70
     1
102
RTVSPropertyOp46
 70
     1
102
RTVSPropertyOp47
 70
     1
102
RTVSPropertyOp48
 70
     1
102
RTVSPropertyOp49
 70
     1
102
RTVSPropertyOp50
 70
     1
102
RTVSPropertyOp51
 70
     0
102
RTVSPropertyOp52
 70
     0
102
RTVSPropertyOp53
 70
     1
102
RTVSPropertyOp54
 70
     1
102
RTVSPropertyOp55
 70
     1
102
RTVSPropertyOp56
 70
     1
102
RTVSPropertyOp57
 70
     1
102
RTVSPost2010Prop28
280
     0
102
RTVSPost2010PropOp28
 70
     1
102
RTVSPost2010Prop29
280
     1
102
RTVSPost2010PropOp29
 70
     1
102
RTVSPost2010Prop30
280
     1
102
RTVSPost2010PropOp30
 70
     1
102
RTVSPost2010Prop31
280
     0
102
RTVSPost2010PropOp31
 70
     1
102
RTVSPost2010Prop32
280
     0
102
RTVSPost2010PropOp32
 70
     1
102
RTVSPost2010Prop33
280
     0
102
RTVSPost2010PropOp33
 70
     1
102
RTVSPost2010Prop34
280
     0
102
RTVSPost2010PropOp34
 70
     1
102
RTVSPost2010Prop35
280
     0
102
RTVSPost2010PropOp35
 70
     1
102
RTVSPost2010Prop36
280
     0
102
RTVSPost2010PropOp36
 70
     1
102
RTVSPost2010Prop37
 90
       50
102
RTVSPost2010PropOp37
 70
     1
102
RTVSPost2010Prop38
140
0.0
102
RTVSPost2010PropOp38
 70
     1
102
RTVSPost2010Prop39
140
1.0
102
RTVSPost2010PropOp39
 70
     1
102
RTVSPost2010Prop40
 90
        0
102
RTVSPost2010PropOp40
 70
     1
102
RTVSPost2010Prop41ColorIndex
 90
       18
102
RTVSPost2010Prop41ColorRGB
 90
        0
102
RTVSPost2010PropOp41
 70
     1
102
RTVSPost2010Prop42
 90
       50
102
RTVSPost2010PropOp42
 70
     1
102
RTVSPost2010Prop43
 90
        3
102
RTVSPost2010PropOp43
 70
     1
102
RTVSPost2010Prop44ColorIndex
 90
        5
102
RTVSPost2010Prop44ColorRGB
 90
      255
102
RTVSPost2010PropOp44
 70
     1
102
RTVSPost2010Prop45
280
     0
102
RTVSPost2010PropOp45
 70
     1
102
RTVSPost2010Prop46
 90
       50
102
RTVSPost2010PropOp46
 70
     1
102
RTVSPost2010Prop47
 90
       50
102
RTVSPost2010PropOp47
 70
     1
102
RTVSPost2010Prop48
 90
       50
102
RTVSPost2010PropOp48
 70
     1
102
RTVSPost2010Prop49
280
     0
102
RTVSPost2010PropOp49
 70
     1
102
RTVSPost2010Prop50
 90
       50
102
RTVSPost2010PropOp50
 70
     1
102
RTVSPost2010Prop51ColorIndex
 90
      256
102
RTVSPost2010Prop51ColorRGB
 90
-16777216
102
RTVSPost2010PropOp51
 70
     0
102
RTVSPost2010Prop52
140
1.0
102
RTVSPost2010PropOp52
 70
     0
102
RTVSPost2010Prop53
 90
        2
102
RTVSPost2010PropOp53
 70
     1
102
RTVSPost2010Prop54
  1
strokes_ogs.tif
102
RTVSPost2010PropOp54
 70
     1
102
RTVSPost2010Prop55
280
     0
102
RTVSPost2010PropOp55
 70
     1
102
RTVSPost2010Prop56
140
1.0
102
RTVSPost2010PropOp56
 70
     1
102
RTVSPost2010Prop57
140
1.0
102
RTVSPost2010PropOp57
 70
     1
  0
XRECORD
  5
644
102
{ACAD_REACTORS
330
643
102
}
330
643
100
AcDbXrecord
280
     1
102
RTVSPropertyOp0
 70
     1
102
RTVSPropertyOp1
 70
     1
102
RTVSPropertyOp2
 70
     1
102
RTVSPropertyOp3
 70
     1
102
RTVSPropertyOp4
 70
     1
102
RTVSPropertyOp5
 70
     1
102
RTVSPropertyOp6
 70
     1
102
RTVSPropertyOp7
 70
     1
102
RTVSPropertyOp8
 70
     1
102
RTVSPropertyOp9
 70
     1
102
RTVSPropertyOp10
 70
     1
102
RTVSPropertyOp11
 70
     1
102
RTVSPropertyOp12
 70
     1
102
RTVSPropertyOp13
 70
     1
102
RTVSPropertyOp14
 70
     1
102
RTVSPropertyOp15
 70
     1
102
RTVSPropertyOp16
 70
     1
102
RTVSPropertyOp17
 70
     1
102
RTVSPropertyOp18
 70
     1
102
RTVSPropertyOp19
 70
     1
102
RTVSPropertyOp20
 70
     1
102
RTVSPropertyOp21
 70
     1
102
RTVSPropertyOp22
 70
     1
102
RTVSPropertyOp23
 70
     1
102
RTVSPropertyOp24
 70
     1
102
RTVSPropertyOp25
 70
     1
102
RTVSPropertyOp26
 70
     1
102
RTVSPropertyOp27
 70
     1
102
RTVSPropertyOp28
 70
     1
102
RTVSPropertyOp29
 70
     1
102
RTVSPropertyOp30
 70
     1
102
RTVSPropertyOp31
 70
     1
102
RTVSPropertyOp32
 70
     1
102
RTVSPropertyOp33
 70
     1
102
RTVSPropertyOp34
 70
     1
102
RTVSPropertyOp35
 70
     1
102
RTVSPropertyOp36
 70
     1
102
RTVSPropertyOp37
 70
     1
102
RTVSPropertyOp38
 70
     1
102
RTVSPropertyOp39
 70
     1
102
RTVSPropertyOp40
 70
     1
102
RTVSPropertyOp41
 70
     1
102
RTVSPropertyOp42
 70
     1
102
RTVSPropertyOp43
 70
     1
102
RTVSPropertyOp44
 70
     1
102
RTVSPropertyOp45
 70
     1
102
RTVSPropertyOp46
 70
     1
102
RTVSPropertyOp47
 70
     1
102
RTVSPropertyOp48
 70
     1
102
RTVSPropertyOp49
 70
     1
102
RTVSPropertyOp50
 70
     1
102
RTVSPropertyOp51
 70
     0
102
RTVSPropertyOp52
 70
     0
102
RTVSPropertyOp53
 70
     1
102
RTVSPropertyOp54
 70
     1
102
RTVSPropertyOp55
 70
     1
102
RTVSPropertyOp56
 70
     1
102
RTVSPropertyOp57
 70
     1
102
RTVSPost2010Prop28
280
     0
102
RTVSPost2010PropOp28
 70
     1
102
RTVSPost2010Prop29
280
     1
102
RTVSPost2010PropOp29
 70
     1
102
RTVSPost2010Prop30
280
     1
102
RTVSPost2010PropOp30
 70
     1
102
RTVSPost2010Prop31
280
     0
102
RTVSPost2010PropOp31
 70
     1
102
RTVSPost2010Prop32
280
     0
102
RTVSPost2010PropOp32
 70
     1
102
RTVSPost2010Prop33
280
     0
102
RTVSPost2010PropOp33
 70
     1
102
RTVSPost2010Prop34
280
     0
102
RTVSPost2010PropOp34
 70
     1
102
RTVSPost2010Prop35
280
     0
102
RTVSPost2010PropOp35
 70
     1
102
RTVSPost2010Prop36
280
     0
102
RTVSPost2010PropOp36
 70
     1
102
RTVSPost2010Prop37
 90
       50
102
RTVSPost2010PropOp37
 70
     1
102
RTVSPost2010Prop38
140
0.0
102
RTVSPost2010PropOp38
 70
     1
102
RTVSPost2010Prop39
140
1.0
102
RTVSPost2010PropOp39
 70
     1
102
RTVSPost2010Prop40
 90
        0
102
RTVSPost2010PropOp40
 70
     1
102
RTVSPost2010Prop41ColorIndex
 90
       18
102
RTVSPost2010Prop41ColorRGB
 90
        0
102
RTVSPost2010PropOp41
 70
     1
102
RTVSPost2010Prop42
 90
       50
102
RTVSPost2010PropOp42
 70
     1
102
RTVSPost2010Prop43
 90
        3
102
RTVSPost2010PropOp43
 70
     1
102
RTVSPost2010Prop44ColorIndex
 90
        5
102
RTVSPost2010Prop44ColorRGB
 90
      255
102
RTVSPost2010PropOp44
 70
     1
102
RTVSPost2010Prop45
280
     0
102
RTVSPost2010PropOp45
 70
     1
102
RTVSPost2010Prop46
 90
       50
102
RTVSPost2010PropOp46
 70
     1
102
RTVSPost2010Prop47
 90
       50
102
RTVSPost2010PropOp47
 70
     1
102
RTVSPost2010Prop48
 90
       50
102
RTVSPost2010PropOp48
 70
     1
102
RTVSPost2010Prop49
280
     0
102
RTVSPost2010PropOp49
 70
     1
102
RTVSPost2010Prop50
 90
       50
102
RTVSPost2010PropOp50
 70
     1
102
RTVSPost2010Prop51ColorIndex
 90
      256
102
RTVSPost2010Prop51ColorRGB
 90
-16777216
102
RTVSPost2010PropOp51
 70
     0
102
RTVSPost2010Prop52
140
1.0
102
RTVSPost2010PropOp52
 70
     0
102
RTVSPost2010Prop53
 90
        2
102
RTVSPost2010PropOp53
 70
     1
102
RTVSPost2010Prop54
  1
strokes_ogs.tif
102
RTVSPost2010PropOp54
 70
     1
102
RTVSPost2010Prop55
280
     0
102
RTVSPost2010PropOp55
 70
     1
102
RTVSPost2010Prop56
140
1.0
102
RTVSPost2010PropOp56
 70
     1
102
RTVSPost2010Prop57
140
1.0
102
RTVSPost2010PropOp57
 70
     1
  0
XRECORD
  5
646
102
{ACAD_REACTORS
330
645
102
}
330
645
100
AcDbXrecord
280
     1
102
RTVSPropertyOp0
 70
     1
102
RTVSPropertyOp1
 70
     1
102
RTVSPropertyOp2
 70
     1
102
RTVSPropertyOp3
 70
     1
102
RTVSPropertyOp4
 70
     1
102
RTVSPropertyOp5
 70
     1
102
RTVSPropertyOp6
 70
     1
102
RTVSPropertyOp7
 70
     1
102
RTVSPropertyOp8
 70
     1
102
RTVSPropertyOp9
 70
     1
102
RTVSPropertyOp10
 70
     1
102
RTVSPropertyOp11
 70
     1
102
RTVSPropertyOp12
 70
     1
102
RTVSPropertyOp13
 70
     1
102
RTVSPropertyOp14
 70
     1
102
RTVSPropertyOp15
 70
     1
102
RTVSPropertyOp16
 70
     1
102
RTVSPropertyOp17
 70
     1
102
RTVSPropertyOp18
 70
     1
102
RTVSPropertyOp19
 70
     1
102
RTVSPropertyOp20
 70
     1
102
RTVSPropertyOp21
 70
     1
102
RTVSPropertyOp22
 70
     1
102
RTVSPropertyOp23
 70
     1
102
RTVSPropertyOp24
 70
     1
102
RTVSPropertyOp25
 70
     1
102
RTVSPropertyOp26
 70
     1
102
RTVSPropertyOp27
 70
     1
102
RTVSPropertyOp28
 70
     1
102
RTVSPropertyOp29
 70
     1
102
RTVSPropertyOp30
 70
     1
102
RTVSPropertyOp31
 70
     1
102
RTVSPropertyOp32
 70
     1
102
RTVSPropertyOp33
 70
     1
102
RTVSPropertyOp34
 70
     1
102
RTVSPropertyOp35
 70
     1
102
RTVSPropertyOp36
 70
     1
102
RTVSPropertyOp37
 70
     1
102
RTVSPropertyOp38
 70
     1
102
RTVSPropertyOp39
 70
     1
102
RTVSPropertyOp40
 70
     1
102
RTVSPropertyOp41
 70
     1
102
RTVSPropertyOp42
 70
     1
102
RTVSPropertyOp43
 70
     1
102
RTVSPropertyOp44
 70
     1
102
RTVSPropertyOp45
 70
     1
102
RTVSPropertyOp46
 70
     1
102
RTVSPropertyOp47
 70
     1
102
RTVSPropertyOp48
 70
     1
102
RTVSPropertyOp49
 70
     1
102
RTVSPropertyOp50
 70
     1
102
RTVSPropertyOp51
 70
     0
102
RTVSPropertyOp52
 70
     0
102
RTVSPropertyOp53
 70
     1
102
RTVSPropertyOp54
 70
     1
102
RTVSPropertyOp55
 70
     1
102
RTVSPropertyOp56
 70
     1
102
RTVSPropertyOp57
 70
     1
102
RTVSPost2010Prop28
280
     0
102
RTVSPost2010PropOp28
 70
     1
102
RTVSPost2010Prop29
280
     1
102
RTVSPost2010PropOp29
 70
     1
102
RTVSPost2010Prop30
280
     1
102
RTVSPost2010PropOp30
 70
     1
102
RTVSPost2010Prop31
280
     0
102
RTVSPost2010PropOp31
 70
     1
102
RTVSPost2010Prop32
280
     0
102
RTVSPost2010PropOp32
 70
     1
102
RTVSPost2010Prop33
280
     0
102
RTVSPost2010PropOp33
 70
     1
102
RTVSPost2010Prop34
280
     0
102
RTVSPost2010PropOp34
 70
     1
102
RTVSPost2010Prop35
280
     0
102
RTVSPost2010PropOp35
 70
     1
102
RTVSPost2010Prop36
280
     0
102
RTVSPost2010PropOp36
 70
     1
102
RTVSPost2010Prop37
 90
       50
102
RTVSPost2010PropOp37
 70
     1
102
RTVSPost2010Prop38
140
0.0
102
RTVSPost2010PropOp38
 70
     1
102
RTVSPost2010Prop39
140
1.0
102
RTVSPost2010PropOp39
 70
     1
102
RTVSPost2010Prop40
 90
        0
102
RTVSPost2010PropOp40
 70
     1
102
RTVSPost2010Prop41ColorIndex
 90
       18
102
RTVSPost2010Prop41ColorRGB
 90
        0
102
RTVSPost2010PropOp41
 70
     1
102
RTVSPost2010Prop42
 90
       50
102
RTVSPost2010PropOp42
 70
     1
102
RTVSPost2010Prop43
 90
        3
102
RTVSPost2010PropOp43
 70
     1
102
RTVSPost2010Prop44ColorIndex
 90
        5
102
RTVSPost2010Prop44ColorRGB
 90
      255
102
RTVSPost2010PropOp44
 70
     1
102
RTVSPost2010Prop45
280
     0
102
RTVSPost2010PropOp45
 70
     1
102
RTVSPost2010Prop46
 90
       50
102
RTVSPost2010PropOp46
 70
     1
102
RTVSPost2010Prop47
 90
       50
102
RTVSPost2010PropOp47
 70
     1
102
RTVSPost2010Prop48
 90
       50
102
RTVSPost2010PropOp48
 70
     1
102
RTVSPost2010Prop49
280
     0
102
RTVSPost2010PropOp49
 70
     1
102
RTVSPost2010Prop50
 90
       50
102
RTVSPost2010PropOp50
 70
     1
102
RTVSPost2010Prop51ColorIndex
 90
      256
102
RTVSPost2010Prop51ColorRGB
 90
-16777216
102
RTVSPost2010PropOp51
 70
     0
102
RTVSPost2010Prop52
140
1.0
102
RTVSPost2010PropOp52
 70
     0
102
RTVSPost2010Prop53
 90
        2
102
RTVSPost2010PropOp53
 70
     1
102
RTVSPost2010Prop54
  1
strokes_ogs.tif
102
RTVSPost2010PropOp54
 70
     1
102
RTVSPost2010Prop55
280
     0
102
RTVSPost2010PropOp55
 70
     1
102
RTVSPost2010Prop56
140
1.0
102
RTVSPost2010PropOp56
 70
     1
102
RTVSPost2010Prop57
140
1.0
102
RTVSPost2010PropOp57
 70
     1
  0
XRECORD
  5
648
102
{ACAD_REACTORS
330
647
102
}
330
647
100
AcDbXrecord
280
     1
102
RTVSPropertyOp0
 70
     1
102
RTVSPropertyOp1
 70
     1
102
RTVSPropertyOp2
 70
     1
102
RTVSPropertyOp3
 70
     1
102
RTVSPropertyOp4
 70
     1
102
RTVSPropertyOp5
 70
     1
102
RTVSPropertyOp6
 70
     1
102
RTVSPropertyOp7
 70
     1
102
RTVSPropertyOp8
 70
     1
102
RTVSPropertyOp9
 70
     1
102
RTVSPropertyOp10
 70
     1
102
RTVSPropertyOp11
 70
     1
102
RTVSPropertyOp12
 70
     1
102
RTVSPropertyOp13
 70
     1
102
RTVSPropertyOp14
 70
     1
102
RTVSPropertyOp15
 70
     1
102
RTVSPropertyOp16
 70
     1
102
RTVSPropertyOp17
 70
     1
102
RTVSPropertyOp18
 70
     1
102
RTVSPropertyOp19
 70
     1
102
RTVSPropertyOp20
 70
     1
102
RTVSPropertyOp21
 70
     1
102
RTVSPropertyOp22
 70
     1
102
RTVSPropertyOp23
 70
     1
102
RTVSPropertyOp24
 70
     1
102
RTVSPropertyOp25
 70
     1
102
RTVSPropertyOp26
 70
     1
102
RTVSPropertyOp27
 70
     1
102
RTVSPropertyOp28
 70
     1
102
RTVSPropertyOp29
 70
     1
102
RTVSPropertyOp30
 70
     1
102
RTVSPropertyOp31
 70
     1
102
RTVSPropertyOp32
 70
     1
102
RTVSPropertyOp33
 70
     1
102
RTVSPropertyOp34
 70
     1
102
RTVSPropertyOp35
 70
     1
102
RTVSPropertyOp36
 70
     1
102
RTVSPropertyOp37
 70
     1
102
RTVSPropertyOp38
 70
     1
102
RTVSPropertyOp39
 70
     1
102
RTVSPropertyOp40
 70
     1
102
RTVSPropertyOp41
 70
     1
102
RTVSPropertyOp42
 70
     1
102
RTVSPropertyOp43
 70
     1
102
RTVSPropertyOp44
 70
     1
102
RTVSPropertyOp45
 70
     1
102
RTVSPropertyOp46
 70
     1
102
RTVSPropertyOp47
 70
     1
102
RTVSPropertyOp48
 70
     1
102
RTVSPropertyOp49
 70
     1
102
RTVSPropertyOp50
 70
     1
102
RTVSPropertyOp51
 70
     0
102
RTVSPropertyOp52
 70
     0
102
RTVSPropertyOp53
 70
     1
102
RTVSPropertyOp54
 70
     1
102
RTVSPropertyOp55
 70
     1
102
RTVSPropertyOp56
 70
     1
102
RTVSPropertyOp57
 70
     1
102
RTVSPost2010Prop28
280
     0
102
RTVSPost2010PropOp28
 70
     1
102
RTVSPost2010Prop29
280
     1
102
RTVSPost2010PropOp29
 70
     1
102
RTVSPost2010Prop30
280
     1
102
RTVSPost2010PropOp30
 70
     1
102
RTVSPost2010Prop31
280
     0
102
RTVSPost2010PropOp31
 70
     1
102
RTVSPost2010Prop32
280
     0
102
RTVSPost2010PropOp32
 70
     1
102
RTVSPost2010Prop33
280
     0
102
RTVSPost2010PropOp33
 70
     1
102
RTVSPost2010Prop34
280
     0
102
RTVSPost2010PropOp34
 70
     1
102
RTVSPost2010Prop35
280
     0
102
RTVSPost2010PropOp35
 70
     1
102
RTVSPost2010Prop36
280
     0
102
RTVSPost2010PropOp36
 70
     1
102
RTVSPost2010Prop37
 90
       50
102
RTVSPost2010PropOp37
 70
     1
102
RTVSPost2010Prop38
140
0.0
102
RTVSPost2010PropOp38
 70
     1
102
RTVSPost2010Prop39
140
1.0
102
RTVSPost2010PropOp39
 70
     1
102
RTVSPost2010Prop40
 90
        0
102
RTVSPost2010PropOp40
 70
     1
102
RTVSPost2010Prop41ColorIndex
 90
       18
102
RTVSPost2010Prop41ColorRGB
 90
        0
102
RTVSPost2010PropOp41
 70
     1
102
RTVSPost2010Prop42
 90
       50
102
RTVSPost2010PropOp42
 70
     1
102
RTVSPost2010Prop43
 90
        3
102
RTVSPost2010PropOp43
 70
     1
102
RTVSPost2010Prop44ColorIndex
 90
        5
102
RTVSPost2010Prop44ColorRGB
 90
      255
102
RTVSPost2010PropOp44
 70
     1
102
RTVSPost2010Prop45
280
     0
102
RTVSPost2010PropOp45
 70
     1
102
RTVSPost2010Prop46
 90
       50
102
RTVSPost2010PropOp46
 70
     1
102
RTVSPost2010Prop47
 90
       50
102
RTVSPost2010PropOp47
 70
     1
102
RTVSPost2010Prop48
 90
       50
102
RTVSPost2010PropOp48
 70
     1
102
RTVSPost2010Prop49
280
     0
102
RTVSPost2010PropOp49
 70
     1
102
RTVSPost2010Prop50
 90
       50
102
RTVSPost2010PropOp50
 70
     1
102
RTVSPost2010Prop51ColorIndex
 90
      256
102
RTVSPost2010Prop51ColorRGB
 90
-16777216
102
RTVSPost2010PropOp51
 70
     0
102
RTVSPost2010Prop52
140
1.0
102
RTVSPost2010PropOp52
 70
     0
102
RTVSPost2010Prop53
 90
        2
102
RTVSPost2010PropOp53
 70
     1
102
RTVSPost2010Prop54
  1
strokes_ogs.tif
102
RTVSPost2010PropOp54
 70
     1
102
RTVSPost2010Prop55
280
     0
102
RTVSPost2010PropOp55
 70
     1
102
RTVSPost2010Prop56
140
1.0
102
RTVSPost2010PropOp56
 70
     1
102
RTVSPost2010Prop57
140
1.0
102
RTVSPost2010PropOp57
 70
     1
  0
XRECORD
  5
65A
102
{ACAD_REACTORS
330
659
102
}
330
659
100
AcDbXrecord
280
     1
102
RTVSPropertyOp0
 70
     0
102
RTVSPropertyOp1
 70
     0
102
RTVSPropertyOp2
 70
     0
102
RTVSPropertyOp3
 70
     0
102
RTVSPropertyOp4
 70
     0
102
RTVSPropertyOp5
 70
     0
102
RTVSPropertyOp6
 70
     0
102
RTVSPropertyOp7
 70
     0
102
RTVSPropertyOp8
 70
     0
102
RTVSPropertyOp9
 70
     0
102
RTVSPropertyOp10
 70
     0
102
RTVSPropertyOp11
 70
     0
102
RTVSPropertyOp12
 70
     0
102
RTVSPropertyOp13
 70
     0
102
RTVSPropertyOp14
 70
     2
102
RTVSPropertyOp15
 70
     0
102
RTVSPropertyOp16
 70
     0
102
RTVSPropertyOp17
 70
     0
102
RTVSPropertyOp18
 70
     0
102
RTVSPropertyOp19
 70
     0
102
RTVSPropertyOp20
 70
     0
102
RTVSPropertyOp21
 70
     0
102
RTVSPropertyOp22
 70
     0
102
RTVSPropertyOp23
 70
     0
102
RTVSPropertyOp24
 70
     0
102
RTVSPropertyOp25
 70
     0
102
RTVSPropertyOp26
 70
     0
102
RTVSPropertyOp27
 70
     0
102
RTVSPropertyOp28
 70
     0
102
RTVSPropertyOp29
 70
     0
102
RTVSPropertyOp30
 70
     0
102
RTVSPropertyOp31
 70
     0
102
RTVSPropertyOp32
 70
     0
102
RTVSPropertyOp33
 70
     0
102
RTVSPropertyOp34
 70
     0
102
RTVSPropertyOp35
 70
     0
102
RTVSPropertyOp36
 70
     0
102
RTVSPropertyOp37
 70
     0
102
RTVSPropertyOp38
 70
     0
102
RTVSPropertyOp39
 70
     0
102
RTVSPropertyOp40
 70
     0
102
RTVSPropertyOp41
 70
     0
102
RTVSPropertyOp42
 70
     0
102
RTVSPropertyOp43
 70
     0
102
RTVSPropertyOp44
 70
     0
102
RTVSPropertyOp45
 70
     0
102
RTVSPropertyOp46
 70
     0
102
RTVSPropertyOp47
 70
     0
102
RTVSPropertyOp48
 70
     0
102
RTVSPropertyOp49
 70
     0
102
RTVSPropertyOp50
 70
     0
102
RTVSPropertyOp51
 70
     0
102
RTVSPropertyOp52
 70
     0
102
RTVSPropertyOp53
 70
     0
102
RTVSPropertyOp54
 70
     0
102
RTVSPropertyOp55
 70
     0
102
RTVSPropertyOp56
 70
     0
102
RTVSPropertyOp57
 70
     0
102
RTVSPost2010Prop28
280
     0
102
RTVSPost2010PropOp28
 70
     0
102
RTVSPost2010Prop29
280
     1
102
RTVSPost2010PropOp29
 70
     0
102
RTVSPost2010Prop30
280
     1
102
RTVSPost2010PropOp30
 70
     0
102
RTVSPost2010Prop31
280
     0
102
RTVSPost2010PropOp31
 70
     0
102
RTVSPost2010Prop32
280
     0
102
RTVSPost2010PropOp32
 70
     0
102
RTVSPost2010Prop33
280
     0
102
RTVSPost2010PropOp33
 70
     0
102
RTVSPost2010Prop34
280
     0
102
RTVSPost2010PropOp34
 70
     0
102
RTVSPost2010Prop35
280
     0
102
RTVSPost2010PropOp35
 70
     0
102
RTVSPost2010Prop36
280
     0
102
RTVSPost2010PropOp36
 70
     0
102
RTVSPost2010Prop37
 90
       50
102
RTVSPost2010PropOp37
 70
     0
102
RTVSPost2010Prop38
140
0.0
102
RTVSPost2010PropOp38
 70
     0
102
RTVSPost2010Prop39
140
1.0
102
RTVSPost2010PropOp39
 70
     0
102
RTVSPost2010Prop40
 90
        0
102
RTVSPost2010PropOp40
 70
     0
102
RTVSPost2010Prop41ColorIndex
 90
       18
102
RTVSPost2010Prop41ColorRGB
 90
        0
102
RTVSPost2010PropOp41
 70
     0
102
RTVSPost2010Prop42
 90
       50
102
RTVSPost2010PropOp42
 70
     0
102
RTVSPost2010Prop43
 90
        3
102
RTVSPost2010PropOp43
 70
     0
102
RTVSPost2010Prop44ColorIndex
 90
        5
102
RTVSPost2010Prop44ColorRGB
 90
      255
102
RTVSPost2010PropOp44
 70
     0
102
RTVSPost2010Prop45
280
     0
102
RTVSPost2010PropOp45
 70
     0
102
RTVSPost2010Prop46
 90
       50
102
RTVSPost2010PropOp46
 70
     0
102
RTVSPost2010Prop47
 90
       50
102
RTVSPost2010PropOp47
 70
     0
102
RTVSPost2010Prop48
 90
       50
102
RTVSPost2010PropOp48
 70
     0
102
RTVSPost2010Prop49
280
     0
102
RTVSPost2010PropOp49
 70
     0
102
RTVSPost2010Prop50
 90
       50
102
RTVSPost2010PropOp50
 70
     0
102
RTVSPost2010Prop51ColorIndex
 90
      256
102
RTVSPost2010Prop51ColorRGB
 90
-16777216
102
RTVSPost2010PropOp51
 70
     0
102
RTVSPost2010Prop52
140
1.0
102
RTVSPost2010PropOp52
 70
     0
102
RTVSPost2010Prop53
 90
        2
102
RTVSPost2010PropOp53
 70
     0
102
RTVSPost2010Prop54
  1
strokes_ogs.tif
102
RTVSPost2010PropOp54
 70
     0
102
RTVSPost2010Prop55
280
     0
102
RTVSPost2010PropOp55
 70
     0
102
RTVSPost2010Prop56
140
1.0
102
RTVSPost2010PropOp56
 70
     0
102
RTVSPost2010Prop57
140
1.0
102
RTVSPost2010PropOp57
 70
     0
  0
XRECORD
  5
654
102
{ACAD_REACTORS
330
653
102
}
330
653
100
AcDbXrecord
280
     1
102
RTVSPropertyOp0
 70
     1
102
RTVSPropertyOp1
 70
     1
102
RTVSPropertyOp2
 70
     1
102
RTVSPropertyOp3
 70
     1
102
RTVSPropertyOp4
 70
     1
102
RTVSPropertyOp5
 70
     1
102
RTVSPropertyOp6
 70
     1
102
RTVSPropertyOp7
 70
     1
102
RTVSPropertyOp8
 70
     1
102
RTVSPropertyOp9
 70
     1
102
RTVSPropertyOp10
 70
     1
102
RTVSPropertyOp11
 70
     1
102
RTVSPropertyOp12
 70
     1
102
RTVSPropertyOp13
 70
     1
102
RTVSPropertyOp14
 70
     1
102
RTVSPropertyOp15
 70
     1
102
RTVSPropertyOp16
 70
     1
102
RTVSPropertyOp17
 70
     1
102
RTVSPropertyOp18
 70
     1
102
RTVSPropertyOp19
 70
     1
102
RTVSPropertyOp20
 70
     1
102
RTVSPropertyOp21
 70
     1
102
RTVSPropertyOp22
 70
     1
102
RTVSPropertyOp23
 70
     1
102
RTVSPropertyOp24
 70
     1
102
RTVSPropertyOp25
 70
     1
102
RTVSPropertyOp26
 70
     1
102
RTVSPropertyOp27
 70
     1
102
RTVSPropertyOp28
 70
     1
102
RTVSPropertyOp29
 70
     1
102
RTVSPropertyOp30
 70
     1
102
RTVSPropertyOp31
 70
     1
102
RTVSPropertyOp32
 70
     1
102
RTVSPropertyOp33
 70
     1
102
RTVSPropertyOp34
 70
     1
102
RTVSPropertyOp35
 70
     1
102
RTVSPropertyOp36
 70
     1
102
RTVSPropertyOp37
 70
     1
102
RTVSPropertyOp38
 70
     1
102
RTVSPropertyOp39
 70
     1
102
RTVSPropertyOp40
 70
     1
102
RTVSPropertyOp41
 70
     1
102
RTVSPropertyOp42
 70
     1
102
RTVSPropertyOp43
 70
     1
102
RTVSPropertyOp44
 70
     1
102
RTVSPropertyOp45
 70
     1
102
RTVSPropertyOp46
 70
     1
102
RTVSPropertyOp47
 70
     1
102
RTVSPropertyOp48
 70
     1
102
RTVSPropertyOp49
 70
     1
102
RTVSPropertyOp50
 70
     1
102
RTVSPropertyOp51
 70
     0
102
RTVSPropertyOp52
 70
     0
102
RTVSPropertyOp53
 70
     1
102
RTVSPropertyOp54
 70
     1
102
RTVSPropertyOp55
 70
     1
102
RTVSPropertyOp56
 70
     1
102
RTVSPropertyOp57
 70
     1
102
RTVSPost2010Prop28
280
     0
102
RTVSPost2010PropOp28
 70
     1
102
RTVSPost2010Prop29
280
     1
102
RTVSPost2010PropOp29
 70
     1
102
RTVSPost2010Prop30
280
     1
102
RTVSPost2010PropOp30
 70
     1
102
RTVSPost2010Prop31
280
     0
102
RTVSPost2010PropOp31
 70
     1
102
RTVSPost2010Prop32
280
     0
102
RTVSPost2010PropOp32
 70
     1
102
RTVSPost2010Prop33
280
     0
102
RTVSPost2010PropOp33
 70
     1
102
RTVSPost2010Prop34
280
     0
102
RTVSPost2010PropOp34
 70
     1
102
RTVSPost2010Prop35
280
     0
102
RTVSPost2010PropOp35
 70
     1
102
RTVSPost2010Prop36
280
     0
102
RTVSPost2010PropOp36
 70
     1
102
RTVSPost2010Prop37
 90
       50
102
RTVSPost2010PropOp37
 70
     1
102
RTVSPost2010Prop38
140
0.0
102
RTVSPost2010PropOp38
 70
     1
102
RTVSPost2010Prop39
140
1.0
102
RTVSPost2010PropOp39
 70
     1
102
RTVSPost2010Prop40
 90
        0
102
RTVSPost2010PropOp40
 70
     1
102
RTVSPost2010Prop41ColorIndex
 90
       18
102
RTVSPost2010Prop41ColorRGB
 90
        0
102
RTVSPost2010PropOp41
 70
     1
102
RTVSPost2010Prop42
 90
       50
102
RTVSPost2010PropOp42
 70
     1
102
RTVSPost2010Prop43
 90
        3
102
RTVSPost2010PropOp43
 70
     1
102
RTVSPost2010Prop44ColorIndex
 90
        5
102
RTVSPost2010Prop44ColorRGB
 90
      255
102
RTVSPost2010PropOp44
 70
     1
102
RTVSPost2010Prop45
280
     0
102
RTVSPost2010PropOp45
 70
     1
102
RTVSPost2010Prop46
 90
       50
102
RTVSPost2010PropOp46
 70
     1
102
RTVSPost2010Prop47
 90
       50
102
RTVSPost2010PropOp47
 70
     1
102
RTVSPost2010Prop48
 90
       50
102
RTVSPost2010PropOp48
 70
     1
102
RTVSPost2010Prop49
280
     0
102
RTVSPost2010PropOp49
 70
     1
102
RTVSPost2010Prop50
 90
       50
102
RTVSPost2010PropOp50
 70
     1
102
RTVSPost2010Prop51ColorIndex
 90
      256
102
RTVSPost2010Prop51ColorRGB
 90
-16777216
102
RTVSPost2010PropOp51
 70
     0
102
RTVSPost2010Prop52
140
1.0
102
RTVSPost2010PropOp52
 70
     0
102
RTVSPost2010Prop53
 90
        2
102
RTVSPost2010PropOp53
 70
     1
102
RTVSPost2010Prop54
  1
strokes_ogs.tif
102
RTVSPost2010PropOp54
 70
     1
102
RTVSPost2010Prop55
280
     0
102
RTVSPost2010PropOp55
 70
     1
102
RTVSPost2010Prop56
140
1.0
102
RTVSPost2010PropOp56
 70
     1
102
RTVSPost2010Prop57
140
1.0
102
RTVSPost2010PropOp57
 70
     1
  0
XRECORD
  5
65C
102
{ACAD_REACTORS
330
65B
102
}
330
65B
100
AcDbXrecord
280
     1
102
RTVSPropertyOp0
 70
     0
102
RTVSPropertyOp1
 70
     0
102
RTVSPropertyOp2
 70
     0
102
RTVSPropertyOp3
 70
     0
102
RTVSPropertyOp4
 70
     0
102
RTVSPropertyOp5
 70
     0
102
RTVSPropertyOp6
 70
     0
102
RTVSPropertyOp7
 70
     0
102
RTVSPropertyOp8
 70
     0
102
RTVSPropertyOp9
 70
     0
102
RTVSPropertyOp10
 70
     0
102
RTVSPropertyOp11
 70
     0
102
RTVSPropertyOp12
 70
     0
102
RTVSPropertyOp13
 70
     0
102
RTVSPropertyOp14
 70
     2
102
RTVSPropertyOp15
 70
     0
102
RTVSPropertyOp16
 70
     0
102
RTVSPropertyOp17
 70
     0
102
RTVSPropertyOp18
 70
     0
102
RTVSPropertyOp19
 70
     0
102
RTVSPropertyOp20
 70
     0
102
RTVSPropertyOp21
 70
     0
102
RTVSPropertyOp22
 70
     0
102
RTVSPropertyOp23
 70
     0
102
RTVSPropertyOp24
 70
     0
102
RTVSPropertyOp25
 70
     0
102
RTVSPropertyOp26
 70
     0
102
RTVSPropertyOp27
 70
     0
102
RTVSPropertyOp28
 70
     0
102
RTVSPropertyOp29
 70
     0
102
RTVSPropertyOp30
 70
     0
102
RTVSPropertyOp31
 70
     0
102
RTVSPropertyOp32
 70
     0
102
RTVSPropertyOp33
 70
     0
102
RTVSPropertyOp34
 70
     0
102
RTVSPropertyOp35
 70
     0
102
RTVSPropertyOp36
 70
     0
102
RTVSPropertyOp37
 70
     0
102
RTVSPropertyOp38
 70
     0
102
RTVSPropertyOp39
 70
     0
102
RTVSPropertyOp40
 70
     0
102
RTVSPropertyOp41
 70
     0
102
RTVSPropertyOp42
 70
     0
102
RTVSPropertyOp43
 70
     0
102
RTVSPropertyOp44
 70
     0
102
RTVSPropertyOp45
 70
     0
102
RTVSPropertyOp46
 70
     0
102
RTVSPropertyOp47
 70
     0
102
RTVSPropertyOp48
 70
     0
102
RTVSPropertyOp49
 70
     0
102
RTVSPropertyOp50
 70
     0
102
RTVSPropertyOp51
 70
     0
102
RTVSPropertyOp52
 70
     0
102
RTVSPropertyOp53
 70
     0
102
RTVSPropertyOp54
 70
     0
102
RTVSPropertyOp55
 70
     0
102
RTVSPropertyOp56
 70
     0
102
RTVSPropertyOp57
 70
     0
102
RTVSPost2010Prop28
280
     0
102
RTVSPost2010PropOp28
 70
     0
102
RTVSPost2010Prop29
280
     1
102
RTVSPost2010PropOp29
 70
     0
102
RTVSPost2010Prop30
280
     1
102
RTVSPost2010PropOp30
 70
     0
102
RTVSPost2010Prop31
280
     0
102
RTVSPost2010PropOp31
 70
     0
102
RTVSPost2010Prop32
280
     0
102
RTVSPost2010PropOp32
 70
     0
102
RTVSPost2010Prop33
280
     0
102
RTVSPost2010PropOp33
 70
     0
102
RTVSPost2010Prop34
280
     0
102
RTVSPost2010PropOp34
 70
     0
102
RTVSPost2010Prop35
280
     0
102
RTVSPost2010PropOp35
 70
     0
102
RTVSPost2010Prop36
280
     0
102
RTVSPost2010PropOp36
 70
     0
102
RTVSPost2010Prop37
 90
       50
102
RTVSPost2010PropOp37
 70
     0
102
RTVSPost2010Prop38
140
0.0
102
RTVSPost2010PropOp38
 70
     0
102
RTVSPost2010Prop39
140
1.0
102
RTVSPost2010PropOp39
 70
     0
102
RTVSPost2010Prop40
 90
        0
102
RTVSPost2010PropOp40
 70
     0
102
RTVSPost2010Prop41ColorIndex
 90
       18
102
RTVSPost2010Prop41ColorRGB
 90
        0
102
RTVSPost2010PropOp41
 70
     0
102
RTVSPost2010Prop42
 90
       50
102
RTVSPost2010PropOp42
 70
     0
102
RTVSPost2010Prop43
 90
        3
102
RTVSPost2010PropOp43
 70
     0
102
RTVSPost2010Prop44ColorIndex
 90
        5
102
RTVSPost2010Prop44ColorRGB
 90
      255
102
RTVSPost2010PropOp44
 70
     0
102
RTVSPost2010Prop45
280
     0
102
RTVSPost2010PropOp45
 70
     0
102
RTVSPost2010Prop46
 90
       50
102
RTVSPost2010PropOp46
 70
     0
102
RTVSPost2010Prop47
 90
       50
102
RTVSPost2010PropOp47
 70
     0
102
RTVSPost2010Prop48
 90
       50
102
RTVSPost2010PropOp48
 70
     0
102
RTVSPost2010Prop49
280
     0
102
RTVSPost2010PropOp49
 70
     0
102
RTVSPost2010Prop50
 90
       50
102
RTVSPost2010PropOp50
 70
     0
102
RTVSPost2010Prop51ColorIndex
 90
      256
102
RTVSPost2010Prop51ColorRGB
 90
-16777216
102
RTVSPost2010PropOp51
 70
     0
102
RTVSPost2010Prop52
140
1.0
102
RTVSPost2010PropOp52
 70
     0
102
RTVSPost2010Prop53
 90
        2
102
RTVSPost2010PropOp53
 70
     0
102
RTVSPost2010Prop54
  1
strokes_ogs.tif
102
RTVSPost2010PropOp54
 70
     0
102
RTVSPost2010Prop55
280
     0
102
RTVSPost2010PropOp55
 70
     0
102
RTVSPost2010Prop56
140
1.0
102
RTVSPost2010PropOp56
 70
     0
102
RTVSPost2010Prop57
140
1.0
102
RTVSPost2010PropOp57
 70
     0
  0
XRECORD
  5
63C
102
{ACAD_REACTORS
330
63B
102
}
330
63B
100
AcDbXrecord
280
     1
102
RTVSPropertyOp0
 70
     1
102
RTVSPropertyOp1
 70
     1
102
RTVSPropertyOp2
 70
     1
102
RTVSPropertyOp3
 70
     1
102
RTVSPropertyOp4
 70
     1
102
RTVSPropertyOp5
 70
     1
102
RTVSPropertyOp6
 70
     1
102
RTVSPropertyOp7
 70
     1
102
RTVSPropertyOp8
 70
     1
102
RTVSPropertyOp9
 70
     1
102
RTVSPropertyOp10
 70
     1
102
RTVSPropertyOp11
 70
     1
102
RTVSPropertyOp12
 70
     1
102
RTVSPropertyOp13
 70
     1
102
RTVSPropertyOp14
 70
     1
102
RTVSPropertyOp15
 70
     1
102
RTVSPropertyOp16
 70
     1
102
RTVSPropertyOp17
 70
     1
102
RTVSPropertyOp18
 70
     1
102
RTVSPropertyOp19
 70
     1
102
RTVSPropertyOp20
 70
     1
102
RTVSPropertyOp21
 70
     1
102
RTVSPropertyOp22
 70
     1
102
RTVSPropertyOp23
 70
     1
102
RTVSPropertyOp24
 70
     1
102
RTVSPropertyOp25
 70
     1
102
RTVSPropertyOp26
 70
     1
102
RTVSPropertyOp27
 70
     1
102
RTVSPropertyOp28
 70
     1
102
RTVSPropertyOp29
 70
     1
102
RTVSPropertyOp30
 70
     1
102
RTVSPropertyOp31
 70
     1
102
RTVSPropertyOp32
 70
     1
102
RTVSPropertyOp33
 70
     1
102
RTVSPropertyOp34
 70
     1
102
RTVSPropertyOp35
 70
     1
102
RTVSPropertyOp36
 70
     1
102
RTVSPropertyOp37
 70
     1
102
RTVSPropertyOp38
 70
     1
102
RTVSPropertyOp39
 70
     1
102
RTVSPropertyOp40
 70
     1
102
RTVSPropertyOp41
 70
     1
102
RTVSPropertyOp42
 70
     1
102
RTVSPropertyOp43
 70
     1
102
RTVSPropertyOp44
 70
     1
102
RTVSPropertyOp45
 70
     1
102
RTVSPropertyOp46
 70
     1
102
RTVSPropertyOp47
 70
     1
102
RTVSPropertyOp48
 70
     1
102
RTVSPropertyOp49
 70
     1
102
RTVSPropertyOp50
 70
     1
102
RTVSPropertyOp51
 70
     0
102
RTVSPropertyOp52
 70
     0
102
RTVSPropertyOp53
 70
     1
102
RTVSPropertyOp54
 70
     1
102
RTVSPropertyOp55
 70
     1
102
RTVSPropertyOp56
 70
     1
102
RTVSPropertyOp57
 70
     1
102
RTVSPost2010Prop28
280
     0
102
RTVSPost2010PropOp28
 70
     1
102
RTVSPost2010Prop29
280
     1
102
RTVSPost2010PropOp29
 70
     1
102
RTVSPost2010Prop30
280
     1
102
RTVSPost2010PropOp30
 70
     1
102
RTVSPost2010Prop31
280
     0
102
RTVSPost2010PropOp31
 70
     1
102
RTVSPost2010Prop32
280
     0
102
RTVSPost2010PropOp32
 70
     1
102
RTVSPost2010Prop33
280
     0
102
RTVSPost2010PropOp33
 70
     1
102
RTVSPost2010Prop34
280
     0
102
RTVSPost2010PropOp34
 70
     1
102
RTVSPost2010Prop35
280
     0
102
RTVSPost2010PropOp35
 70
     1
102
RTVSPost2010Prop36
280
     0
102
RTVSPost2010PropOp36
 70
     1
102
RTVSPost2010Prop37
 90
       50
102
RTVSPost2010PropOp37
 70
     1
102
RTVSPost2010Prop38
140
0.0
102
RTVSPost2010PropOp38
 70
     1
102
RTVSPost2010Prop39
140
1.0
102
RTVSPost2010PropOp39
 70
     1
102
RTVSPost2010Prop40
 90
        0
102
RTVSPost2010PropOp40
 70
     1
102
RTVSPost2010Prop41ColorIndex
 90
       18
102
RTVSPost2010Prop41ColorRGB
 90
        0
102
RTVSPost2010PropOp41
 70
     1
102
RTVSPost2010Prop42
 90
       50
102
RTVSPost2010PropOp42
 70
     1
102
RTVSPost2010Prop43
 90
        3
102
RTVSPost2010PropOp43
 70
     1
102
RTVSPost2010Prop44ColorIndex
 90
        5
102
RTVSPost2010Prop44ColorRGB
 90
      255
102
RTVSPost2010PropOp44
 70
     1
102
RTVSPost2010Prop45
280
     0
102
RTVSPost2010PropOp45
 70
     1
102
RTVSPost2010Prop46
 90
       50
102
RTVSPost2010PropOp46
 70
     1
102
RTVSPost2010Prop47
 90
       50
102
RTVSPost2010PropOp47
 70
     1
102
RTVSPost2010Prop48
 90
       50
102
RTVSPost2010PropOp48
 70
     1
102
RTVSPost2010Prop49
280
     0
102
RTVSPost2010PropOp49
 70
     1
102
RTVSPost2010Prop50
 90
       50
102
RTVSPost2010PropOp50
 70
     1
102
RTVSPost2010Prop51ColorIndex
 90
      256
102
RTVSPost2010Prop51ColorRGB
 90
-16777216
102
RTVSPost2010PropOp51
 70
     0
102
RTVSPost2010Prop52
140
1.0
102
RTVSPost2010PropOp52
 70
     0
102
RTVSPost2010Prop53
 90
        2
102
RTVSPost2010PropOp53
 70
     1
102
RTVSPost2010Prop54
  1
strokes_ogs.tif
102
RTVSPost2010PropOp54
 70
     1
102
RTVSPost2010Prop55
280
     0
102
RTVSPost2010PropOp55
 70
     1
102
RTVSPost2010Prop56
140
1.0
102
RTVSPost2010PropOp56
 70
     1
102
RTVSPost2010Prop57
140
1.0
102
RTVSPost2010PropOp57
 70
     1
  0
XRECORD
  5
666
102
{ACAD_REACTORS
330
665
102
}
330
665
100
AcDbXrecord
280
     1
102
RTVSPropertyOp0
 70
     1
102
RTVSPropertyOp1
 70
     1
102
RTVSPropertyOp2
 70
     1
102
RTVSPropertyOp3
 70
     1
102
RTVSPropertyOp4
 70
     1
102
RTVSPropertyOp5
 70
     1
102
RTVSPropertyOp6
 70
     1
102
RTVSPropertyOp7
 70
     1
102
RTVSPropertyOp8
 70
     1
102
RTVSPropertyOp9
 70
     1
102
RTVSPropertyOp10
 70
     1
102
RTVSPropertyOp11
 70
     1
102
RTVSPropertyOp12
 70
     1
102
RTVSPropertyOp13
 70
     1
102
RTVSPropertyOp14
 70
     1
102
RTVSPropertyOp15
 70
     1
102
RTVSPropertyOp16
 70
     1
102
RTVSPropertyOp17
 70
     1
102
RTVSPropertyOp18
 70
     1
102
RTVSPropertyOp19
 70
     1
102
RTVSPropertyOp20
 70
     1
102
RTVSPropertyOp21
 70
     1
102
RTVSPropertyOp22
 70
     1
102
RTVSPropertyOp23
 70
     1
102
RTVSPropertyOp24
 70
     1
102
RTVSPropertyOp25
 70
     1
102
RTVSPropertyOp26
 70
     1
102
RTVSPropertyOp27
 70
     1
102
RTVSPropertyOp28
 70
     1
102
RTVSPropertyOp29
 70
     1
102
RTVSPropertyOp30
 70
     1
102
RTVSPropertyOp31
 70
     1
102
RTVSPropertyOp32
 70
     1
102
RTVSPropertyOp33
 70
     1
102
RTVSPropertyOp34
 70
     1
102
RTVSPropertyOp35
 70
     1
102
RTVSPropertyOp36
 70
     1
102
RTVSPropertyOp37
 70
     1
102
RTVSPropertyOp38
 70
     1
102
RTVSPropertyOp39
 70
     1
102
RTVSPropertyOp40
 70
     1
102
RTVSPropertyOp41
 70
     1
102
RTVSPropertyOp42
 70
     1
102
RTVSPropertyOp43
 70
     1
102
RTVSPropertyOp44
 70
     1
102
RTVSPropertyOp45
 70
     1
102
RTVSPropertyOp46
 70
     1
102
RTVSPropertyOp47
 70
     1
102
RTVSPropertyOp48
 70
     1
102
RTVSPropertyOp49
 70
     1
102
RTVSPropertyOp50
 70
     1
102
RTVSPropertyOp51
 70
     0
102
RTVSPropertyOp52
 70
     0
102
RTVSPropertyOp53
 70
     1
102
RTVSPropertyOp54
 70
     1
102
RTVSPropertyOp55
 70
     1
102
RTVSPropertyOp56
 70
     1
102
RTVSPropertyOp57
 70
     1
102
RTVSPost2010Prop28
280
     0
102
RTVSPost2010PropOp28
 70
     1
102
RTVSPost2010Prop29
280
     1
102
RTVSPost2010PropOp29
 70
     1
102
RTVSPost2010Prop30
280
     1
102
RTVSPost2010PropOp30
 70
     1
102
RTVSPost2010Prop31
280
     0
102
RTVSPost2010PropOp31
 70
     1
102
RTVSPost2010Prop32
280
     0
102
RTVSPost2010PropOp32
 70
     1
102
RTVSPost2010Prop33
280
     0
102
RTVSPost2010PropOp33
 70
     1
102
RTVSPost2010Prop34
280
     0
102
RTVSPost2010PropOp34
 70
     1
102
RTVSPost2010Prop35
280
     0
102
RTVSPost2010PropOp35
 70
     1
102
RTVSPost2010Prop36
280
     0
102
RTVSPost2010PropOp36
 70
     1
102
RTVSPost2010Prop37
 90
       50
102
RTVSPost2010PropOp37
 70
     1
102
RTVSPost2010Prop38
140
0.0
102
RTVSPost2010PropOp38
 70
     1
102
RTVSPost2010Prop39
140
1.0
102
RTVSPost2010PropOp39
 70
     1
102
RTVSPost2010Prop40
 90
        0
102
RTVSPost2010PropOp40
 70
     1
102
RTVSPost2010Prop41ColorIndex
 90
       18
102
RTVSPost2010Prop41ColorRGB
 90
        0
102
RTVSPost2010PropOp41
 70
     1
102
RTVSPost2010Prop42
 90
       50
102
RTVSPost2010PropOp42
 70
     1
102
RTVSPost2010Prop43
 90
        3
102
RTVSPost2010PropOp43
 70
     1
102
RTVSPost2010Prop44ColorIndex
 90
        5
102
RTVSPost2010Prop44ColorRGB
 90
      255
102
RTVSPost2010PropOp44
 70
     1
102
RTVSPost2010Prop45
280
     0
102
RTVSPost2010PropOp45
 70
     1
102
RTVSPost2010Prop46
 90
       50
102
RTVSPost2010PropOp46
 70
     1
102
RTVSPost2010Prop47
 90
       50
102
RTVSPost2010PropOp47
 70
     1
102
RTVSPost2010Prop48
 90
       50
102
RTVSPost2010PropOp48
 70
     1
102
RTVSPost2010Prop49
280
     0
102
RTVSPost2010PropOp49
 70
     1
102
RTVSPost2010Prop50
 90
       50
102
RTVSPost2010PropOp50
 70
     1
102
RTVSPost2010Prop51ColorIndex
 90
      256
102
RTVSPost2010Prop51ColorRGB
 90
-16777216
102
RTVSPost2010PropOp51
 70
     0
102
RTVSPost2010Prop52
140
1.0
102
RTVSPost2010PropOp52
 70
     0
102
RTVSPost2010Prop53
 90
        2
102
RTVSPost2010PropOp53
 70
     1
102
RTVSPost2010Prop54
  1
strokes_ogs.tif
102
RTVSPost2010PropOp54
 70
     1
102
RTVSPost2010Prop55
280
     0
102
RTVSPost2010PropOp55
 70
     1
102
RTVSPost2010Prop56
140
1.0
102
RTVSPost2010PropOp56
 70
     1
102
RTVSPost2010Prop57
140
1.0
102
RTVSPost2010PropOp57
 70
     1
  0
XRECORD
  5
664
102
{ACAD_REACTORS
330
663
102
}
330
663
100
AcDbXrecord
280
     1
102
RTVSPropertyOp0
 70
     1
102
RTVSPropertyOp1
 70
     1
102
RTVSPropertyOp2
 70
     1
102
RTVSPropertyOp3
 70
     1
102
RTVSPropertyOp4
 70
     1
102
RTVSPropertyOp5
 70
     1
102
RTVSPropertyOp6
 70
     1
102
RTVSPropertyOp7
 70
     1
102
RTVSPropertyOp8
 70
     1
102
RTVSPropertyOp9
 70
     1
102
RTVSPropertyOp10
 70
     1
102
RTVSPropertyOp11
 70
     1
102
RTVSPropertyOp12
 70
     1
102
RTVSPropertyOp13
 70
     1
102
RTVSPropertyOp14
 70
     1
102
RTVSPropertyOp15
 70
     1
102
RTVSPropertyOp16
 70
     1
102
RTVSPropertyOp17
 70
     1
102
RTVSPropertyOp18
 70
     1
102
RTVSPropertyOp19
 70
     1
102
RTVSPropertyOp20
 70
     1
102
RTVSPropertyOp21
 70
     1
102
RTVSPropertyOp22
 70
     1
102
RTVSPropertyOp23
 70
     1
102
RTVSPropertyOp24
 70
     1
102
RTVSPropertyOp25
 70
     1
102
RTVSPropertyOp26
 70
     1
102
RTVSPropertyOp27
 70
     1
102
RTVSPropertyOp28
 70
     1
102
RTVSPropertyOp29
 70
     1
102
RTVSPropertyOp30
 70
     1
102
RTVSPropertyOp31
 70
     1
102
RTVSPropertyOp32
 70
     1
102
RTVSPropertyOp33
 70
     1
102
RTVSPropertyOp34
 70
     1
102
RTVSPropertyOp35
 70
     1
102
RTVSPropertyOp36
 70
     1
102
RTVSPropertyOp37
 70
     1
102
RTVSPropertyOp38
 70
     1
102
RTVSPropertyOp39
 70
     1
102
RTVSPropertyOp40
 70
     1
102
RTVSPropertyOp41
 70
     1
102
RTVSPropertyOp42
 70
     1
102
RTVSPropertyOp43
 70
     1
102
RTVSPropertyOp44
 70
     1
102
RTVSPropertyOp45
 70
     1
102
RTVSPropertyOp46
 70
     1
102
RTVSPropertyOp47
 70
     1
102
RTVSPropertyOp48
 70
     1
102
RTVSPropertyOp49
 70
     1
102
RTVSPropertyOp50
 70
     1
102
RTVSPropertyOp51
 70
     0
102
RTVSPropertyOp52
 70
     0
102
RTVSPropertyOp53
 70
     1
102
RTVSPropertyOp54
 70
     1
102
RTVSPropertyOp55
 70
     1
102
RTVSPropertyOp56
 70
     1
102
RTVSPropertyOp57
 70
     1
102
RTVSPost2010Prop28
280
     0
102
RTVSPost2010PropOp28
 70
     1
102
RTVSPost2010Prop29
280
     1
102
RTVSPost2010PropOp29
 70
     1
102
RTVSPost2010Prop30
280
     1
102
RTVSPost2010PropOp30
 70
     1
102
RTVSPost2010Prop31
280
     0
102
RTVSPost2010PropOp31
 70
     1
102
RTVSPost2010Prop32
280
     0
102
RTVSPost2010PropOp32
 70
     1
102
RTVSPost2010Prop33
280
     0
102
RTVSPost2010PropOp33
 70
     1
102
RTVSPost2010Prop34
280
     0
102
RTVSPost2010PropOp34
 70
     1
102
RTVSPost2010Prop35
280
     0
102
RTVSPost2010PropOp35
 70
     1
102
RTVSPost2010Prop36
280
     0
102
RTVSPost2010PropOp36
 70
     1
102
RTVSPost2010Prop37
 90
       50
102
RTVSPost2010PropOp37
 70
     1
102
RTVSPost2010Prop38
140
0.0
102
RTVSPost2010PropOp38
 70
     1
102
RTVSPost2010Prop39
140
1.0
102
RTVSPost2010PropOp39
 70
     1
102
RTVSPost2010Prop40
 90
        0
102
RTVSPost2010PropOp40
 70
     1
102
RTVSPost2010Prop41ColorIndex
 90
       18
102
RTVSPost2010Prop41ColorRGB
 90
        0
102
RTVSPost2010PropOp41
 70
     1
102
RTVSPost2010Prop42
 90
       50
102
RTVSPost2010PropOp42
 70
     1
102
RTVSPost2010Prop43
 90
        3
102
RTVSPost2010PropOp43
 70
     1
102
RTVSPost2010Prop44ColorIndex
 90
        5
102
RTVSPost2010Prop44ColorRGB
 90
      255
102
RTVSPost2010PropOp44
 70
     1
102
RTVSPost2010Prop45
280
     0
102
RTVSPost2010PropOp45
 70
     1
102
RTVSPost2010Prop46
 90
       50
102
RTVSPost2010PropOp46
 70
     1
102
RTVSPost2010Prop47
 90
       50
102
RTVSPost2010PropOp47
 70
     1
102
RTVSPost2010Prop48
 90
       50
102
RTVSPost2010PropOp48
 70
     1
102
RTVSPost2010Prop49
280
     0
102
RTVSPost2010PropOp49
 70
     1
102
RTVSPost2010Prop50
 90
       50
102
RTVSPost2010PropOp50
 70
     1
102
RTVSPost2010Prop51ColorIndex
 90
      256
102
RTVSPost2010Prop51ColorRGB
 90
-16777216
102
RTVSPost2010PropOp51
 70
     0
102
RTVSPost2010Prop52
140
1.0
102
RTVSPost2010PropOp52
 70
     0
102
RTVSPost2010Prop53
 90
        2
102
RTVSPost2010PropOp53
 70
     1
102
RTVSPost2010Prop54
  1
strokes_ogs.tif
102
RTVSPost2010PropOp54
 70
     1
102
RTVSPost2010Prop55
280
     0
102
RTVSPost2010PropOp55
 70
     1
102
RTVSPost2010Prop56
140
1.0
102
RTVSPost2010PropOp56
 70
     1
102
RTVSPost2010Prop57
140
1.0
102
RTVSPost2010PropOp57
 70
     1
  0
XRECORD
  5
65E
102
{ACAD_REACTORS
330
65D
102
}
330
65D
100
AcDbXrecord
280
     1
102
RTVSPropertyOp0
 70
     1
102
RTVSPropertyOp1
 70
     1
102
RTVSPropertyOp2
 70
     1
102
RTVSPropertyOp3
 70
     1
102
RTVSPropertyOp4
 70
     1
102
RTVSPropertyOp5
 70
     1
102
RTVSPropertyOp6
 70
     1
102
RTVSPropertyOp7
 70
     1
102
RTVSPropertyOp8
 70
     1
102
RTVSPropertyOp9
 70
     1
102
RTVSPropertyOp10
 70
     1
102
RTVSPropertyOp11
 70
     1
102
RTVSPropertyOp12
 70
     1
102
RTVSPropertyOp13
 70
     1
102
RTVSPropertyOp14
 70
     1
102
RTVSPropertyOp15
 70
     1
102
RTVSPropertyOp16
 70
     1
102
RTVSPropertyOp17
 70
     1
102
RTVSPropertyOp18
 70
     1
102
RTVSPropertyOp19
 70
     1
102
RTVSPropertyOp20
 70
     1
102
RTVSPropertyOp21
 70
     1
102
RTVSPropertyOp22
 70
     1
102
RTVSPropertyOp23
 70
     1
102
RTVSPropertyOp24
 70
     1
102
RTVSPropertyOp25
 70
     1
102
RTVSPropertyOp26
 70
     1
102
RTVSPropertyOp27
 70
     1
102
RTVSPropertyOp28
 70
     1
102
RTVSPropertyOp29
 70
     1
102
RTVSPropertyOp30
 70
     1
102
RTVSPropertyOp31
 70
     1
102
RTVSPropertyOp32
 70
     1
102
RTVSPropertyOp33
 70
     1
102
RTVSPropertyOp34
 70
     1
102
RTVSPropertyOp35
 70
     1
102
RTVSPropertyOp36
 70
     1
102
RTVSPropertyOp37
 70
     1
102
RTVSPropertyOp38
 70
     1
102
RTVSPropertyOp39
 70
     1
102
RTVSPropertyOp40
 70
     1
102
RTVSPropertyOp41
 70
     1
102
RTVSPropertyOp42
 70
     1
102
RTVSPropertyOp43
 70
     1
102
RTVSPropertyOp44
 70
     1
102
RTVSPropertyOp45
 70
     1
102
RTVSPropertyOp46
 70
     1
102
RTVSPropertyOp47
 70
     1
102
RTVSPropertyOp48
 70
     1
102
RTVSPropertyOp49
 70
     1
102
RTVSPropertyOp50
 70
     1
102
RTVSPropertyOp51
 70
     0
102
RTVSPropertyOp52
 70
     0
102
RTVSPropertyOp53
 70
     1
102
RTVSPropertyOp54
 70
     1
102
RTVSPropertyOp55
 70
     1
102
RTVSPropertyOp56
 70
     1
102
RTVSPropertyOp57
 70
     1
102
RTVSPost2010Prop28
280
     0
102
RTVSPost2010PropOp28
 70
     1
102
RTVSPost2010Prop29
280
     1
102
RTVSPost2010PropOp29
 70
     1
102
RTVSPost2010Prop30
280
     1
102
RTVSPost2010PropOp30
 70
     1
102
RTVSPost2010Prop31
280
     0
102
RTVSPost2010PropOp31
 70
     1
102
RTVSPost2010Prop32
280
     0
102
RTVSPost2010PropOp32
 70
     1
102
RTVSPost2010Prop33
280
     0
102
RTVSPost2010PropOp33
 70
     1
102
RTVSPost2010Prop34
280
     0
102
RTVSPost2010PropOp34
 70
     1
102
RTVSPost2010Prop35
280
     0
102
RTVSPost2010PropOp35
 70
     1
102
RTVSPost2010Prop36
280
     0
102
RTVSPost2010PropOp36
 70
     1
102
RTVSPost2010Prop37
 90
       50
102
RTVSPost2010PropOp37
 70
     1
102
RTVSPost2010Prop38
140
0.0
102
RTVSPost2010PropOp38
 70
     1
102
RTVSPost2010Prop39
140
1.0
102
RTVSPost2010PropOp39
 70
     1
102
RTVSPost2010Prop40
 90
        0
102
RTVSPost2010PropOp40
 70
     1
102
RTVSPost2010Prop41ColorIndex
 90
       18
102
RTVSPost2010Prop41ColorRGB
 90
        0
102
RTVSPost2010PropOp41
 70
     1
102
RTVSPost2010Prop42
 90
       50
102
RTVSPost2010PropOp42
 70
     1
102
RTVSPost2010Prop43
 90
        3
102
RTVSPost2010PropOp43
 70
     1
102
RTVSPost2010Prop44ColorIndex
 90
        5
102
RTVSPost2010Prop44ColorRGB
 90
      255
102
RTVSPost2010PropOp44
 70
     1
102
RTVSPost2010Prop45
280
     0
102
RTVSPost2010PropOp45
 70
     1
102
RTVSPost2010Prop46
 90
       50
102
RTVSPost2010PropOp46
 70
     1
102
RTVSPost2010Prop47
 90
       50
102
RTVSPost2010PropOp47
 70
     1
102
RTVSPost2010Prop48
 90
       50
102
RTVSPost2010PropOp48
 70
     1
102
RTVSPost2010Prop49
280
     0
102
RTVSPost2010PropOp49
 70
     1
102
RTVSPost2010Prop50
 90
       50
102
RTVSPost2010PropOp50
 70
     1
102
RTVSPost2010Prop51ColorIndex
 90
      256
102
RTVSPost2010Prop51ColorRGB
 90
-16777216
102
RTVSPost2010PropOp51
 70
     0
102
RTVSPost2010Prop52
140
1.0
102
RTVSPost2010PropOp52
 70
     0
102
RTVSPost2010Prop53
 90
        2
102
RTVSPost2010PropOp53
 70
     1
102
RTVSPost2010Prop54
  1
strokes_ogs.tif
102
RTVSPost2010PropOp54
 70
     1
102
RTVSPost2010Prop55
280
     0
102
RTVSPost2010PropOp55
 70
     1
102
RTVSPost2010Prop56
140
1.0
102
RTVSPost2010PropOp56
 70
     1
102
RTVSPost2010Prop57
140
1.0
102
RTVSPost2010PropOp57
 70
     1
  0
XRECORD
  5
660
102
{ACAD_REACTORS
330
65F
102
}
330
65F
100
AcDbXrecord
280
     1
102
RTVSPropertyOp0
 70
     1
102
RTVSPropertyOp1
 70
     1
102
RTVSPropertyOp2
 70
     1
102
RTVSPropertyOp3
 70
     1
102
RTVSPropertyOp4
 70
     1
102
RTVSPropertyOp5
 70
     1
102
RTVSPropertyOp6
 70
     1
102
RTVSPropertyOp7
 70
     1
102
RTVSPropertyOp8
 70
     1
102
RTVSPropertyOp9
 70
     1
102
RTVSPropertyOp10
 70
     1
102
RTVSPropertyOp11
 70
     1
102
RTVSPropertyOp12
 70
     1
102
RTVSPropertyOp13
 70
     1
102
RTVSPropertyOp14
 70
     1
102
RTVSPropertyOp15
 70
     1
102
RTVSPropertyOp16
 70
     1
102
RTVSPropertyOp17
 70
     1
102
RTVSPropertyOp18
 70
     1
102
RTVSPropertyOp19
 70
     1
102
RTVSPropertyOp20
 70
     1
102
RTVSPropertyOp21
 70
     1
102
RTVSPropertyOp22
 70
     1
102
RTVSPropertyOp23
 70
     1
102
RTVSPropertyOp24
 70
     1
102
RTVSPropertyOp25
 70
     1
102
RTVSPropertyOp26
 70
     1
102
RTVSPropertyOp27
 70
     1
102
RTVSPropertyOp28
 70
     1
102
RTVSPropertyOp29
 70
     1
102
RTVSPropertyOp30
 70
     1
102
RTVSPropertyOp31
 70
     1
102
RTVSPropertyOp32
 70
     1
102
RTVSPropertyOp33
 70
     1
102
RTVSPropertyOp34
 70
     1
102
RTVSPropertyOp35
 70
     1
102
RTVSPropertyOp36
 70
     1
102
RTVSPropertyOp37
 70
     1
102
RTVSPropertyOp38
 70
     1
102
RTVSPropertyOp39
 70
     1
102
RTVSPropertyOp40
 70
     1
102
RTVSPropertyOp41
 70
     1
102
RTVSPropertyOp42
 70
     1
102
RTVSPropertyOp43
 70
     1
102
RTVSPropertyOp44
 70
     1
102
RTVSPropertyOp45
 70
     1
102
RTVSPropertyOp46
 70
     1
102
RTVSPropertyOp47
 70
     1
102
RTVSPropertyOp48
 70
     1
102
RTVSPropertyOp49
 70
     1
102
RTVSPropertyOp50
 70
     1
102
RTVSPropertyOp51
 70
     0
102
RTVSPropertyOp52
 70
     0
102
RTVSPropertyOp53
 70
     1
102
RTVSPropertyOp54
 70
     1
102
RTVSPropertyOp55
 70
     1
102
RTVSPropertyOp56
 70
     1
102
RTVSPropertyOp57
 70
     1
102
RTVSPost2010Prop28
280
     0
102
RTVSPost2010PropOp28
 70
     1
102
RTVSPost2010Prop29
280
     1
102
RTVSPost2010PropOp29
 70
     1
102
RTVSPost2010Prop30
280
     1
102
RTVSPost2010PropOp30
 70
     1
102
RTVSPost2010Prop31
280
     0
102
RTVSPost2010PropOp31
 70
     1
102
RTVSPost2010Prop32
280
     0
102
RTVSPost2010PropOp32
 70
     1
102
RTVSPost2010Prop33
280
     0
102
RTVSPost2010PropOp33
 70
     1
102
RTVSPost2010Prop34
280
     0
102
RTVSPost2010PropOp34
 70
     1
102
RTVSPost2010Prop35
280
     0
102
RTVSPost2010PropOp35
 70
     1
102
RTVSPost2010Prop36
280
     0
102
RTVSPost2010PropOp36
 70
     1
102
RTVSPost2010Prop37
 90
       50
102
RTVSPost2010PropOp37
 70
     1
102
RTVSPost2010Prop38
140
0.0
102
RTVSPost2010PropOp38
 70
     1
102
RTVSPost2010Prop39
140
1.0
102
RTVSPost2010PropOp39
 70
     1
102
RTVSPost2010Prop40
 90
        0
102
RTVSPost2010PropOp40
 70
     1
102
RTVSPost2010Prop41ColorIndex
 90
       18
102
RTVSPost2010Prop41ColorRGB
 90
        0
102
RTVSPost2010PropOp41
 70
     1
102
RTVSPost2010Prop42
 90
       50
102
RTVSPost2010PropOp42
 70
     1
102
RTVSPost2010Prop43
 90
        3
102
RTVSPost2010PropOp43
 70
     1
102
RTVSPost2010Prop44ColorIndex
 90
        5
102
RTVSPost2010Prop44ColorRGB
 90
      255
102
RTVSPost2010PropOp44
 70
     1
102
RTVSPost2010Prop45
280
     0
102
RTVSPost2010PropOp45
 70
     1
102
RTVSPost2010Prop46
 90
       50
102
RTVSPost2010PropOp46
 70
     1
102
RTVSPost2010Prop47
 90
       50
102
RTVSPost2010PropOp47
 70
     1
102
RTVSPost2010Prop48
 90
       50
102
RTVSPost2010PropOp48
 70
     1
102
RTVSPost2010Prop49
280
     0
102
RTVSPost2010PropOp49
 70
     1
102
RTVSPost2010Prop50
 90
       50
102
RTVSPost2010PropOp50
 70
     1
102
RTVSPost2010Prop51ColorIndex
 90
      256
102
RTVSPost2010Prop51ColorRGB
 90
-16777216
102
RTVSPost2010PropOp51
 70
     0
102
RTVSPost2010Prop52
140
1.0
102
RTVSPost2010PropOp52
 70
     0
102
RTVSPost2010Prop53
 90
        2
102
RTVSPost2010PropOp53
 70
     1
102
RTVSPost2010Prop54
  1
strokes_ogs.tif
102
RTVSPost2010PropOp54
 70
     1
102
RTVSPost2010Prop55
280
     0
102
RTVSPost2010PropOp55
 70
     1
102
RTVSPost2010Prop56
140
1.0
102
RTVSPost2010PropOp56
 70
     1
102
RTVSPost2010Prop57
140
1.0
102
RTVSPost2010PropOp57
 70
     1
  0
XRECORD
  5
652
102
{ACAD_REACTORS
330
651
102
}
330
651
100
AcDbXrecord
280
     1
102
RTVSPropertyOp0
 70
     1
102
RTVSPropertyOp1
 70
     1
102
RTVSPropertyOp2
 70
     1
102
RTVSPropertyOp3
 70
     1
102
RTVSPropertyOp4
 70
     1
102
RTVSPropertyOp5
 70
     1
102
RTVSPropertyOp6
 70
     1
102
RTVSPropertyOp7
 70
     1
102
RTVSPropertyOp8
 70
     1
102
RTVSPropertyOp9
 70
     1
102
RTVSPropertyOp10
 70
     1
102
RTVSPropertyOp11
 70
     1
102
RTVSPropertyOp12
 70
     1
102
RTVSPropertyOp13
 70
     1
102
RTVSPropertyOp14
 70
     1
102
RTVSPropertyOp15
 70
     1
102
RTVSPropertyOp16
 70
     1
102
RTVSPropertyOp17
 70
     1
102
RTVSPropertyOp18
 70
     1
102
RTVSPropertyOp19
 70
     1
102
RTVSPropertyOp20
 70
     1
102
RTVSPropertyOp21
 70
     1
102
RTVSPropertyOp22
 70
     1
102
RTVSPropertyOp23
 70
     1
102
RTVSPropertyOp24
 70
     1
102
RTVSPropertyOp25
 70
     1
102
RTVSPropertyOp26
 70
     1
102
RTVSPropertyOp27
 70
     1
102
RTVSPropertyOp28
 70
     1
102
RTVSPropertyOp29
 70
     1
102
RTVSPropertyOp30
 70
     1
102
RTVSPropertyOp31
 70
     1
102
RTVSPropertyOp32
 70
     1
102
RTVSPropertyOp33
 70
     1
102
RTVSPropertyOp34
 70
     1
102
RTVSPropertyOp35
 70
     1
102
RTVSPropertyOp36
 70
     1
102
RTVSPropertyOp37
 70
     1
102
RTVSPropertyOp38
 70
     1
102
RTVSPropertyOp39
 70
     1
102
RTVSPropertyOp40
 70
     1
102
RTVSPropertyOp41
 70
     1
102
RTVSPropertyOp42
 70
     1
102
RTVSPropertyOp43
 70
     1
102
RTVSPropertyOp44
 70
     1
102
RTVSPropertyOp45
 70
     1
102
RTVSPropertyOp46
 70
     1
102
RTVSPropertyOp47
 70
     1
102
RTVSPropertyOp48
 70
     1
102
RTVSPropertyOp49
 70
     1
102
RTVSPropertyOp50
 70
     1
102
RTVSPropertyOp51
 70
     0
102
RTVSPropertyOp52
 70
     0
102
RTVSPropertyOp53
 70
     1
102
RTVSPropertyOp54
 70
     1
102
RTVSPropertyOp55
 70
     1
102
RTVSPropertyOp56
 70
     1
102
RTVSPropertyOp57
 70
     1
102
RTVSPost2010Prop28
280
     0
102
RTVSPost2010PropOp28
 70
     1
102
RTVSPost2010Prop29
280
     1
102
RTVSPost2010PropOp29
 70
     1
102
RTVSPost2010Prop30
280
     1
102
RTVSPost2010PropOp30
 70
     1
102
RTVSPost2010Prop31
280
     0
102
RTVSPost2010PropOp31
 70
     1
102
RTVSPost2010Prop32
280
     0
102
RTVSPost2010PropOp32
 70
     1
102
RTVSPost2010Prop33
280
     0
102
RTVSPost2010PropOp33
 70
     1
102
RTVSPost2010Prop34
280
     0
102
RTVSPost2010PropOp34
 70
     1
102
RTVSPost2010Prop35
280
     0
102
RTVSPost2010PropOp35
 70
     1
102
RTVSPost2010Prop36
280
     0
102
RTVSPost2010PropOp36
 70
     1
102
RTVSPost2010Prop37
 90
       50
102
RTVSPost2010PropOp37
 70
     1
102
RTVSPost2010Prop38
140
0.0
102
RTVSPost2010PropOp38
 70
     1
102
RTVSPost2010Prop39
140
1.0
102
RTVSPost2010PropOp39
 70
     1
102
RTVSPost2010Prop40
 90
        0
102
RTVSPost2010PropOp40
 70
     1
102
RTVSPost2010Prop41ColorIndex
 90
       18
102
RTVSPost2010Prop41ColorRGB
 90
        0
102
RTVSPost2010PropOp41
 70
     1
102
RTVSPost2010Prop42
 90
       50
102
RTVSPost2010PropOp42
 70
     1
102
RTVSPost2010Prop43
 90
        3
102
RTVSPost2010PropOp43
 70
     1
102
RTVSPost2010Prop44ColorIndex
 90
        5
102
RTVSPost2010Prop44ColorRGB
 90
      255
102
RTVSPost2010PropOp44
 70
     1
102
RTVSPost2010Prop45
280
     0
102
RTVSPost2010PropOp45
 70
     1
102
RTVSPost2010Prop46
 90
       50
102
RTVSPost2010PropOp46
 70
     1
102
RTVSPost2010Prop47
 90
       50
102
RTVSPost2010PropOp47
 70
     1
102
RTVSPost2010Prop48
 90
       50
102
RTVSPost2010PropOp48
 70
     1
102
RTVSPost2010Prop49
280
     0
102
RTVSPost2010PropOp49
 70
     1
102
RTVSPost2010Prop50
 90
       50
102
RTVSPost2010PropOp50
 70
     1
102
RTVSPost2010Prop51ColorIndex
 90
      256
102
RTVSPost2010Prop51ColorRGB
 90
-16777216
102
RTVSPost2010PropOp51
 70
     0
102
RTVSPost2010Prop52
140
1.0
102
RTVSPost2010PropOp52
 70
     0
102
RTVSPost2010Prop53
 90
        2
102
RTVSPost2010PropOp53
 70
     1
102
RTVSPost2010Prop54
  1
strokes_ogs.tif
102
RTVSPost2010PropOp54
 70
     1
102
RTVSPost2010Prop55
280
     0
102
RTVSPost2010PropOp55
 70
     1
102
RTVSPost2010Prop56
140
1.0
102
RTVSPost2010PropOp56
 70
     1
102
RTVSPost2010Prop57
140
1.0
102
RTVSPost2010PropOp57
 70
     1
  0
XRECORD
  5
63E
102
{ACAD_REACTORS
330
63D
102
}
330
63D
100
AcDbXrecord
280
     1
102
RTVSPropertyOp0
 70
     1
102
RTVSPropertyOp1
 70
     1
102
RTVSPropertyOp2
 70
     1
102
RTVSPropertyOp3
 70
     1
102
RTVSPropertyOp4
 70
     1
102
RTVSPropertyOp5
 70
     1
102
RTVSPropertyOp6
 70
     1
102
RTVSPropertyOp7
 70
     1
102
RTVSPropertyOp8
 70
     1
102
RTVSPropertyOp9
 70
     1
102
RTVSPropertyOp10
 70
     1
102
RTVSPropertyOp11
 70
     1
102
RTVSPropertyOp12
 70
     1
102
RTVSPropertyOp13
 70
     1
102
RTVSPropertyOp14
 70
     1
102
RTVSPropertyOp15
 70
     1
102
RTVSPropertyOp16
 70
     1
102
RTVSPropertyOp17
 70
     1
102
RTVSPropertyOp18
 70
     1
102
RTVSPropertyOp19
 70
     1
102
RTVSPropertyOp20
 70
     1
102
RTVSPropertyOp21
 70
     1
102
RTVSPropertyOp22
 70
     1
102
RTVSPropertyOp23
 70
     1
102
RTVSPropertyOp24
 70
     1
102
RTVSPropertyOp25
 70
     1
102
RTVSPropertyOp26
 70
     1
102
RTVSPropertyOp27
 70
     1
102
RTVSPropertyOp28
 70
     1
102
RTVSPropertyOp29
 70
     1
102
RTVSPropertyOp30
 70
     1
102
RTVSPropertyOp31
 70
     1
102
RTVSPropertyOp32
 70
     1
102
RTVSPropertyOp33
 70
     1
102
RTVSPropertyOp34
 70
     1
102
RTVSPropertyOp35
 70
     1
102
RTVSPropertyOp36
 70
     1
102
RTVSPropertyOp37
 70
     1
102
RTVSPropertyOp38
 70
     1
102
RTVSPropertyOp39
 70
     1
102
RTVSPropertyOp40
 70
     1
102
RTVSPropertyOp41
 70
     1
102
RTVSPropertyOp42
 70
     1
102
RTVSPropertyOp43
 70
     1
102
RTVSPropertyOp44
 70
     1
102
RTVSPropertyOp45
 70
     1
102
RTVSPropertyOp46
 70
     1
102
RTVSPropertyOp47
 70
     1
102
RTVSPropertyOp48
 70
     1
102
RTVSPropertyOp49
 70
     1
102
RTVSPropertyOp50
 70
     1
102
RTVSPropertyOp51
 70
     0
102
RTVSPropertyOp52
 70
     0
102
RTVSPropertyOp53
 70
     1
102
RTVSPropertyOp54
 70
     1
102
RTVSPropertyOp55
 70
     1
102
RTVSPropertyOp56
 70
     1
102
RTVSPropertyOp57
 70
     1
102
RTVSPost2010Prop28
280
     0
102
RTVSPost2010PropOp28
 70
     1
102
RTVSPost2010Prop29
280
     1
102
RTVSPost2010PropOp29
 70
     1
102
RTVSPost2010Prop30
280
     1
102
RTVSPost2010PropOp30
 70
     1
102
RTVSPost2010Prop31
280
     0
102
RTVSPost2010PropOp31
 70
     1
102
RTVSPost2010Prop32
280
     0
102
RTVSPost2010PropOp32
 70
     1
102
RTVSPost2010Prop33
280
     0
102
RTVSPost2010PropOp33
 70
     1
102
RTVSPost2010Prop34
280
     0
102
RTVSPost2010PropOp34
 70
     1
102
RTVSPost2010Prop35
280
     0
102
RTVSPost2010PropOp35
 70
     1
102
RTVSPost2010Prop36
280
     0
102
RTVSPost2010PropOp36
 70
     1
102
RTVSPost2010Prop37
 90
       50
102
RTVSPost2010PropOp37
 70
     1
102
RTVSPost2010Prop38
140
0.0
102
RTVSPost2010PropOp38
 70
     1
102
RTVSPost2010Prop39
140
1.0
102
RTVSPost2010PropOp39
 70
     1
102
RTVSPost2010Prop40
 90
        0
102
RTVSPost2010PropOp40
 70
     1
102
RTVSPost2010Prop41ColorIndex
 90
       18
102
RTVSPost2010Prop41ColorRGB
 90
        0
102
RTVSPost2010PropOp41
 70
     1
102
RTVSPost2010Prop42
 90
       50
102
RTVSPost2010PropOp42
 70
     1
102
RTVSPost2010Prop43
 90
        3
102
RTVSPost2010PropOp43
 70
     1
102
RTVSPost2010Prop44ColorIndex
 90
        5
102
RTVSPost2010Prop44ColorRGB
 90
      255
102
RTVSPost2010PropOp44
 70
     1
102
RTVSPost2010Prop45
280
     0
102
RTVSPost2010PropOp45
 70
     1
102
RTVSPost2010Prop46
 90
       50
102
RTVSPost2010PropOp46
 70
     1
102
RTVSPost2010Prop47
 90
       50
102
RTVSPost2010PropOp47
 70
     1
102
RTVSPost2010Prop48
 90
       50
102
RTVSPost2010PropOp48
 70
     1
102
RTVSPost2010Prop49
280
     0
102
RTVSPost2010PropOp49
 70
     1
102
RTVSPost2010Prop50
 90
       50
102
RTVSPost2010PropOp50
 70
     1
102
RTVSPost2010Prop51ColorIndex
 90
      256
102
RTVSPost2010Prop51ColorRGB
 90
-16777216
102
RTVSPost2010PropOp51
 70
     0
102
RTVSPost2010Prop52
140
1.0
102
RTVSPost2010PropOp52
 70
     0
102
RTVSPost2010Prop53
 90
        2
102
RTVSPost2010PropOp53
 70
     1
102
RTVSPost2010Prop54
  1
strokes_ogs.tif
102
RTVSPost2010PropOp54
 70
     1
102
RTVSPost2010Prop55
280
     0
102
RTVSPost2010PropOp55
 70
     1
102
RTVSPost2010Prop56
140
1.0
102
RTVSPost2010PropOp56
 70
     1
102
RTVSPost2010Prop57
140
1.0
102
RTVSPost2010PropOp57
 70
     1
  0
XRECORD
  5
662
102
{ACAD_REACTORS
330
661
102
}
330
661
100
AcDbXrecord
280
     1
102
RTVSPropertyOp0
 70
     1
102
RTVSPropertyOp1
 70
     1
102
RTVSPropertyOp2
 70
     1
102
RTVSPropertyOp3
 70
     1
102
RTVSPropertyOp4
 70
     1
102
RTVSPropertyOp5
 70
     1
102
RTVSPropertyOp6
 70
     1
102
RTVSPropertyOp7
 70
     1
102
RTVSPropertyOp8
 70
     1
102
RTVSPropertyOp9
 70
     1
102
RTVSPropertyOp10
 70
     1
102
RTVSPropertyOp11
 70
     1
102
RTVSPropertyOp12
 70
     1
102
RTVSPropertyOp13
 70
     1
102
RTVSPropertyOp14
 70
     1
102
RTVSPropertyOp15
 70
     1
102
RTVSPropertyOp16
 70
     1
102
RTVSPropertyOp17
 70
     1
102
RTVSPropertyOp18
 70
     1
102
RTVSPropertyOp19
 70
     1
102
RTVSPropertyOp20
 70
     1
102
RTVSPropertyOp21
 70
     1
102
RTVSPropertyOp22
 70
     1
102
RTVSPropertyOp23
 70
     1
102
RTVSPropertyOp24
 70
     1
102
RTVSPropertyOp25
 70
     1
102
RTVSPropertyOp26
 70
     1
102
RTVSPropertyOp27
 70
     1
102
RTVSPropertyOp28
 70
     1
102
RTVSPropertyOp29
 70
     1
102
RTVSPropertyOp30
 70
     1
102
RTVSPropertyOp31
 70
     1
102
RTVSPropertyOp32
 70
     1
102
RTVSPropertyOp33
 70
     1
102
RTVSPropertyOp34
 70
     1
102
RTVSPropertyOp35
 70
     1
102
RTVSPropertyOp36
 70
     1
102
RTVSPropertyOp37
 70
     1
102
RTVSPropertyOp38
 70
     1
102
RTVSPropertyOp39
 70
     1
102
RTVSPropertyOp40
 70
     1
102
RTVSPropertyOp41
 70
     1
102
RTVSPropertyOp42
 70
     1
102
RTVSPropertyOp43
 70
     1
102
RTVSPropertyOp44
 70
     1
102
RTVSPropertyOp45
 70
     1
102
RTVSPropertyOp46
 70
     1
102
RTVSPropertyOp47
 70
     1
102
RTVSPropertyOp48
 70
     1
102
RTVSPropertyOp49
 70
     1
102
RTVSPropertyOp50
 70
     1
102
RTVSPropertyOp51
 70
     0
102
RTVSPropertyOp52
 70
     0
102
RTVSPropertyOp53
 70
     1
102
RTVSPropertyOp54
 70
     1
102
RTVSPropertyOp55
 70
     1
102
RTVSPropertyOp56
 70
     1
102
RTVSPropertyOp57
 70
     1
102
RTVSPost2010Prop28
280
     0
102
RTVSPost2010PropOp28
 70
     1
102
RTVSPost2010Prop29
280
     1
102
RTVSPost2010PropOp29
 70
     1
102
RTVSPost2010Prop30
280
     1
102
RTVSPost2010PropOp30
 70
     1
102
RTVSPost2010Prop31
280
     0
102
RTVSPost2010PropOp31
 70
     1
102
RTVSPost2010Prop32
280
     0
102
RTVSPost2010PropOp32
 70
     1
102
RTVSPost2010Prop33
280
     0
102
RTVSPost2010PropOp33
 70
     1
102
RTVSPost2010Prop34
280
     0
102
RTVSPost2010PropOp34
 70
     1
102
RTVSPost2010Prop35
280
     0
102
RTVSPost2010PropOp35
 70
     1
102
RTVSPost2010Prop36
280
     0
102
RTVSPost2010PropOp36
 70
     1
102
RTVSPost2010Prop37
 90
       50
102
RTVSPost2010PropOp37
 70
     1
102
RTVSPost2010Prop38
140
0.0
102
RTVSPost2010PropOp38
 70
     1
102
RTVSPost2010Prop39
140
1.0
102
RTVSPost2010PropOp39
 70
     1
102
RTVSPost2010Prop40
 90
        0
102
RTVSPost2010PropOp40
 70
     1
102
RTVSPost2010Prop41ColorIndex
 90
       18
102
RTVSPost2010Prop41ColorRGB
 90
        0
102
RTVSPost2010PropOp41
 70
     1
102
RTVSPost2010Prop42
 90
       50
102
RTVSPost2010PropOp42
 70
     1
102
RTVSPost2010Prop43
 90
        3
102
RTVSPost2010PropOp43
 70
     1
102
RTVSPost2010Prop44ColorIndex
 90
        5
102
RTVSPost2010Prop44ColorRGB
 90
      255
102
RTVSPost2010PropOp44
 70
     1
102
RTVSPost2010Prop45
280
     0
102
RTVSPost2010PropOp45
 70
     1
102
RTVSPost2010Prop46
 90
       50
102
RTVSPost2010PropOp46
 70
     1
102
RTVSPost2010Prop47
 90
       50
102
RTVSPost2010PropOp47
 70
     1
102
RTVSPost2010Prop48
 90
       50
102
RTVSPost2010PropOp48
 70
     1
102
RTVSPost2010Prop49
280
     0
102
RTVSPost2010PropOp49
 70
     1
102
RTVSPost2010Prop50
 90
       50
102
RTVSPost2010PropOp50
 70
     1
102
RTVSPost2010Prop51ColorIndex
 90
      256
102
RTVSPost2010Prop51ColorRGB
 90
-16777216
102
RTVSPost2010PropOp51
 70
     0
102
RTVSPost2010Prop52
140
1.0
102
RTVSPost2010PropOp52
 70
     0
102
RTVSPost2010Prop53
 90
        2
102
RTVSPost2010PropOp53
 70
     1
102
RTVSPost2010Prop54
  1
strokes_ogs.tif
102
RTVSPost2010PropOp54
 70
     1
102
RTVSPost2010Prop55
280
     0
102
RTVSPost2010PropOp55
 70
     1
102
RTVSPost2010Prop56
140
1.0
102
RTVSPost2010PropOp56
 70
     1
102
RTVSPost2010Prop57
140
1.0
102
RTVSPost2010PropOp57
 70
     1
  0
ENDSEC
  0
EOF
